pack,description,cases_qty,lb,total_sales,kg,category
4,CHICKEN CVP THIGH B/S HALAL,89.0,3560.0,7144.84,1614.7888372,"Poultry (chicken, turkey)"
32,BEEF STEAK STRIPS WM FC FRZN,38.0,1520.0,5573.46,689.4604024,Beef & buffalo meat
1,SALAD FRUIT CHPOG LT SYRUP,55.0,1320.0,4299.9,598.7419284,Vegetables (misc.)
1,SALAD FRUIT NO ORANGES,50.0,1200.0,3909.0,544.310844,Fruits (misc.)
2,BEEF ROAST POT CLOD CH LOW SOD,20.0,456.45,3395.08,207.0422372865,Beef & buffalo meat
4,BEEF GRND BLK 80/20 GRFD HALAL,37.0,753.04,3165.03,341.5731983048,Beef & buffalo meat
2,EGG WHL LIQUID FRSH W/CITRC,35.0,1400.0,3023.3,635.029318,Eggs
1,CHICKEN CVP DRM & THGH MXD HAL,70.0,2800.0,2959.6,1270.058636,"Poultry (chicken, turkey)"
12,CREAM HEAVY WHIPPING 36% ESL,38.0,975.08,2669.5,442.2888481396,Cream
6,SAUCE MARINARA NO SALT ADD CA,40.0,1560.0,2633.6,707.6040972000001,Vegetable oils
20,PORK CHOP B/I C/C 8 OZ 1412A,50.0,500.0,2514.5,226.796185,Pork (pig meat)
1,COFFEE COLD BREW BIB,19.0,798.0,2386.97,361.96671126,Coffee
1,COD ATL LOIN IQF 6 OZ ASIA,25.0,250.0,2268.0,113.3980925,Fish (finfish)
2,SQUASH BUTTERNUT PLD FRSH,70.0,700.0,2184.7,317.514659,Fruits (misc.)
4,GUACAMOLE FRESH ORIG BLEND HPP,55.0,440.0,2169.75,199.5806428,Fruits (misc.)
1,TOMATO GRAPE FRSH,93.0,930.0,2077.43,421.8409041000001,Tomatoes
8,TOFU FIRM SUPER ORGANIC,59.0,944.0,2056.74,428.19119728,Soybeans/Tofu
2,MEATBALL BEEF CHICKN HALAL 1OZ,50.0,500.0,2019.0,226.796185,Beef & buffalo meat
2,MEAT GYRO BEEF LAMB SLI,30.0,300.0,2017.8,136.077711,Beef & buffalo meat
4,CHICKEN CVP BRST RAND HALAL,23.0,920.0,1940.44,417.3049804,"Poultry (chicken, turkey)"
1,CUCUMBER ENGLISH LONG,131.0,1572.0,1866.75,713.04720564,Other vegetables
2,POTATO CKD RED SKON WDG 8 CUT,45.0,900.0,1791.9,408.233133,Potatoes
8,PORK BUTT BNLS 1/4 6-9#EA,14.0,968.8,1778.72,439.440288056,Pork (pig meat)
1,BROCCOLI CROWN ASIAN ICELS,57.0,1140.0,1691.45,517.0953018,Cabbages and other Brassicas (Broccoli)
4,GARLIC PEELED FRESH,16.0,320.0,1680.32,145.14955840000002,Stimulants & Spices (misc.)
1,BEAN DRIED ADZUKI,20.0,200.0,1630.0,90.718474,Beans and pulses (dried)
2,TILAPIA FILET BLSL IQF 3-5 OZ,26.0,260.0,1622.4,117.9340162,Fish (finfish)
4,CHICKEN CVP THIGH BNLS SKLS,20.0,800.0,1560.0,362.873896,"Poultry (chicken, turkey)"
2,BACON BIT REAL CKD 3/8 GF,21.0,210.0,1542.87,95.2543977,Pork (pig meat)
1,CHEESE CREAM ORIG CRTN,7.0,350.0,1469.67,158.7573295,Cheese
10,MUSSEL WHL VP 23/29 CHL,52.0,520.0,1469.52,235.8680324,Mollusks
3,OIL OLIVE POMACE,12.0,276.0,1379.64,125.19149412,Olives (Oil)
1,OIL SALAD CANOLA ZTF,38.0,1330.0,1331.14,603.2778521,Rapeseed/canola (Oil)
4,DIP HUMMUS TRADITIONAL,28.0,420.0,1288.28,190.5087954,Vegetable oils
12,EGG WHITE LIQ W/TEC OPT CHOICE,17.0,408.0,1277.72,185.06568696,Eggs
2,MEATBALL BEEF CKD ABF GF 1.5OZ,20.0,200.0,1242.2,90.718474,Beef & buffalo meat
6,PAN COATING BUTR SPRAY,35.0,222.95,1241.8,101.1284188915,Vegetable oils
1,MUSHROOM SLCD FRESH,54.0,540.0,1238.22,244.9398798,Vegetables (misc.)
4,SOUP BASE VEGETABLE LIQ CONC,19.0,218.5,1186.17,99.109932845,Legumes (misc.)
4,COFFEE FRZDRY ALEGRIA DELICATE,10.0,22.0,1183.5,9.97903214,Coffee
2,POLLOCK ALSK BTRD PUB STY 3-4Z,25.0,250.0,1181.0,113.3980925,Fish (finfish)
6,SAUCE SOY GLUTEN FREE,14.0,434.0,1170.12,196.85908858,Vegetable oils
4,SHRIMP WHT P&D TLOF 26/30,20.0,200.0,1142.4,90.718474,Crustaceans (shrimp/prawns)
16,CHICKEN CVP 8PC CUT TR HAL,11.0,543.25,1135.94,246.4140550025,"Poultry (chicken, turkey)"
7,BEEF FLANK STEAK SKND 193,2.0,151.3,1130.66,68.628525581,Beef & buffalo meat
4,OIL CANOLA SAL,31.0,1007.5,1064.54,456.994312775,Rapeseed/canola (Oil)
6,BEAN GARBANZO FRESH RTE,26.0,624.0,997.88,283.04163888,Beans and pulses (dried)
12,BEAN GREEN WHL HARICOT VERT,17.0,408.0,967.47,185.06568696,Beans and pulses (dried)
64,COOKIE CHOC CHIP GLUT FREE,12.0,72.0,952.32,32.658650640000005,"Wheat/Rye (Bread, pasta, baked goods)"
12,CAULIFLOWER CELLO WRPD FRSH,31.0,823.05,944.37,373.3292001285,Cabbages and other Brassicas (Broccoli)
6,CHEESE PARM GRTD DRY CARTON US,6.0,180.0,930.87,81.6466266,Cheese
4,SAUCE TZATZIKI SOUR CREAM,22.0,330.0,923.34,149.6854821,Vegetable oils
1,EGG HARDBOILED WHL PEEL SEL,10.0,250.0,877.6,113.3980925,Eggs
1,BANANA FRESH GREEN TIP,35.0,1505.0,875.7,682.65651685,Bananas
1,RICE PARBOILED PERFECT,22.0,1116.5,869.88,506.435881105,Rice
6,TOMATO CRUSHED ALL PURP FCY CA,20.0,765.0,867.6,346.99816305,Tomatoes
2,YOGURT PLAIN WHL MILK DAHI,34.0,690.0,825.59,312.97873530000004,Yogurt
1,SYRUP LIQUID SWTNR NON NUTRITV,7.0,153.02,802.06,69.4087044574,Sugars and sweeteners
38,CHICKEN BRST VEGTRN BREADED RW,10.0,118.75,792.0,53.8640939375,Legumes (misc.)
1,BROCCOLI RABE RAPINI FRSH,17.0,340.0,775.71,154.2214058,Cabbages and other Brassicas (Broccoli)
1,LETTUCE SPRING MIX CONV PLLW,62.0,186.0,767.28,84.36818082,Cabbages and other Brassicas (Broccoli)
4,JUICE ORANGE CONC 5X1 ORIG,4.0,128.0,758.88,58.05982336,Citrus Fruit
1,PEAR FRESH,12.0,456.0,747.4,206.83812072,Fruits (misc.)
1,TOMATO ROMA UTILITY FRESH,22.0,550.0,739.36,249.4758035,Tomatoes
4,JUICE APPLE CONC DISP 6X1,4.0,128.0,719.08,58.05982336,Apples
6,MILK ORIGINAL OAT XTRA CREAMY,36.0,790.56,716.76,358.5919840272,Oat milk
1,SALAD SEAWEED GOMA WAKAME,20.0,88.0,693.8,39.91612856,Vegetables (misc.)
6,COCOA MIX ALEGRIA,7.0,73.5,691.67,33.339039195000005,Tree nuts and seeds
2,PORK LOIN BNLS CC STR/OFF 1/8I,17.0,297.38,691.11,134.8892989906,Pork (pig meat)
6,POTATO TATER BARREL,13.0,390.0,690.43,176.90102430000002,Potatoes
4,OLIVE KALAMATA PTD PLAS KEG,6.0,102.0,656.16,46.266421740000006,Other vegetables
6,QUINOA GRAIN RED FULLY COOKED,10.0,240.0,647.7,108.8621688,Grains/cereals (except rice)
10,MANDARIN FRESH EASY PEEL,14.0,420.0,644.42,190.5087954,Citrus Fruit
1,SYRUP LIQUID SWEETENER HFCS,24.0,1339.44,628.32,607.5597640728,Sugars and sweeteners
4,MUSTARD DIJON SMOOTH,0.0,135.75,627.3,61.5751642275,Tree nuts and seeds
6,HONEY PURE CLOVER GR A TSC JUG,4.0,139.5,608.66,63.276135615,Sugars and sweeteners
2,TURKEY BRST SMOKED SKON,7.0,133.2,607.92,60.418503684,"Poultry (chicken, turkey)"
4,CHEESECAKE NEW YORK STY 16 SLC,6.0,102.0,597.54,46.266421740000006,Cheese
2,SALMON ATL SMK SLI FIL USA,8.0,41.68,596.11,18.9057299816,Fish (finfish)
213,DOUGH COOKIE CHOC CHIP,9.0,189.0,593.37,85.72895793,"Wheat/Rye (Bread, pasta, baked goods)"
213,DOUGH COOKIE CHOC CHIP M&M,9.0,188.1,593.37,85.320724797,"Wheat/Rye (Bread, pasta, baked goods)"
4,JUICE CRNBRY DRINK MINI PAC,3.0,96.0,589.44,43.54486752,Citrus Fruit
12,SALT KOSHER FLAKE COARSE,9.0,333.9,586.71,151.454492343,Stimulants & Spices (misc.)
8,BEVERAGE MIX FROTHY ALEGRIA,3.0,48.0,583.98,21.77243376,Uncategorized
1,APPLE RED DEL FANCY FRESH,16.0,640.0,583.34,290.29911680000004,Apples
216,DOUGH COOKIE SMORES,8.0,162.0,582.8,73.48196394,"Wheat/Rye (Bread, pasta, baked goods)"
90,SAUSAGE BREAKFAST PATTY VEGAN,7.0,64.33,579.32,29.1795971621,Legumes (misc.)
4,CARROT BABY CUT PLD,21.0,363.3,568.47,164.790108021,Root Vegetables
2,ARUGULA BABY FRESH,32.0,128.0,565.68,58.05982336,Cabbages and other Brassicas (Broccoli)
1,BREAD NAAN DIPPERS MINI,30.0,60.0,564.9,27.2155422,"Wheat/Rye (Bread, pasta, baked goods)"
6,ARTICHOKE HEART QUARTER,6.0,238.2,558.36,108.045702534,Vegetables (misc.)
4,DRINK ORG GUAVA PASSN,4.0,90.0,549.08,40.8233133,Fruits (misc.)
213,DOUGH COOKIE SUGAR GOURM,9.0,184.5,546.84,83.687792265,"Wheat/Rye (Bread, pasta, baked goods)"
6,VEGETABLE BLEND CHFCUT ASIAN,11.0,264.22,546.26,119.84817600140002,Legumes (misc.)
6,OIL OLIVE EXTRA VIRGIN,7.0,36.33,539.77,16.4790108021,Olives (Oil)
4,CARROT SHRD FRSH MATCH STK,15.0,300.0,537.9,136.077711,Root Vegetables
4,ONION GREEN ICELS,22.0,135.3,536.52,61.371047661000006,Onions and Leeks
6,COFFEE CAPP FRCH VAN,7.0,84.0,536.13,38.10175908,Coffee
2,HAM DELI BNLS CKD 4X6 95% H&W,5.0,130.0,531.45,58.9670081,Pork (pig meat)
36,BUTTER SOLID UNSLTD USDA AA,4.0,144.0,519.48,65.31730128000001,Butter
2,TOFU FIRM BTRD NUGGET,5.0,100.0,516.1,45.359237,Soybeans/Tofu
1,SOYBEAN WHOLE SHELLED EDAMAME,9.0,216.0,509.49,97.97595192,Soybeans/Tofu
6,YOGURT STRAWBERRY PARFAIT POUC,13.0,312.0,507.52,141.52081944,Yogurt
1,PEPPER SWEET BELL MEDLEY HH,12.0,240.0,500.64,108.8621688,Stimulants & Spices (misc.)
10,APTZR VEGETABLE EGGRLL,9.0,45.0,491.76,20.41165665,Eggs
4,APTZR VEG FALAFEL BALL,10.0,160.0,491.0,72.57477920000001,Legumes (misc.)
1,CUCUMBER SELECT FRESH,16.0,800.0,489.2,362.873896,Other vegetables
4,CHEESE CHDR MILD FCY SHRD YEL,8.0,160.0,488.32,72.57477920000001,Cheese
6,BEAN BUTTER,9.0,303.75,482.22,137.7786823875,Butter
213,DOUGH COOKIE CHOC CHUNK,7.0,140.0,475.44,63.502931800000006,"Wheat/Rye (Bread, pasta, baked goods)"
6,PEPPER RED STRIPS FIRE RSTD,7.0,262.5,471.8,119.067997125,Stimulants & Spices (misc.)
2,CREAMER HALF & HALF SHELF STAB,8.0,192.0,465.92,87.08973504000001,Milk (cow's milk)
6,NECTAR PEAR,10.0,194.0,463.6,87.99691978,Fruits (misc.)
1,OAT REGULAR GLUTEN FREE,8.0,200.0,445.28,90.718474,Oats (Oatmeal)
50,VEGETARIAN VEG CHCKN BRST,6.0,72.0,444.42,32.658650640000005,Legumes (misc.)
4,COOKIE CRUMB OREO MED CRUNCH,8.0,80.0,432.4,36.2873896,"Wheat/Rye (Bread, pasta, baked goods)"
6,MILK COCONUT UNSWT,5.0,190.0,430.05,86.1825503,Tree nuts and seeds
1,COUSCOUS INTL,9.0,90.0,429.75,40.8233133,"Wheat/Rye (Bread, pasta, baked goods)"
12,SUGAR BROWN LIGHT CANE,11.0,264.0,425.37,119.74838568,Sugars and sweeteners
4,RICE ARBORIO,3.0,154.0,419.82,69.85322498000001,Rice
6,STRAWBERRY SLICED 4X1,4.0,177.075,419.25,80.31986891775,Berries
4,SPINACH CLIPPED FRESH,14.0,140.0,418.6,63.502931800000006,Cabbages and other Brassicas (Broccoli)
2,CHICKEN BRST CHUNK TEMPURA,10.0,100.0,413.2,45.359237,"Poultry (chicken, turkey)"
120,EGG PATTY BAKED PLANT BASED,4.0,60.0,412.04,27.2155422,Eggs
1,RICE JASMINE THAI,18.0,450.0,405.72,204.1165665,Rice
4,BANANA PLANTAIN FRZN SWEET SLI,12.0,288.0,404.88,130.63460256000002,Bananas
1,RICE BASMATI,7.0,280.0,403.83,127.0058636,Rice
4,OLIVE GREEN MANZ SALAD STYLE,0.0,93.75,391.0,42.5242846875,Vegetables (misc.)
6,ORANGE MANDARIN WH SEG JCE,6.0,266.1,390.18,120.70092965700002,Citrus Fruit
1,EGG SHELL LRG BRN A CAGE FREE,8.0,180.0,383.02,81.6466266,Eggs
4,CEREAL SPECIAL K W/RED BERRIES,4.0,44.0,377.8,19.95806428,Grains/cereals (except rice)
160,SAUSAGE PORK LNK A/C RAW MAPLE,8.0,80.0,371.64,36.2873896,Pork (pig meat)
6,LEAVES GRAPE STFD DOLMADES,8.0,212.0,370.4,96.16158244,Citrus Fruit
6,TEA ASST REG BLEND 6 FLAVORS,18.0,20.16,368.1,9.1444221792,Stimulants
1,PEA SNOW FRESH,9.0,90.0,366.83,40.8233133,Peas
8,VEGETARIAN SOY FISHLESS FIL,11.0,56.1,366.74,25.446531957,Legumes (misc.)
4,SWEETENER AGAVE NECTAR LT ORG,6.0,69.0,365.52,31.29787353,Sugars and sweeteners
2,POTATO DICED CKD RSST SKLS SMA,14.0,280.0,362.74,127.0058636,Potatoes
1,BACON LAYFLAT 14/18 APPL GF,5.0,75.0,362.65,34.01942775,Pork (pig meat)
4,CHUTNEY TAMARIND,9.0,72.0,362.07,32.658650640000005,Stimulants
1,PLANTBASED MEATBALL VEGAN,6.0,60.0,358.56,27.2155422,Legumes (misc.)
4,PEPPER JALAPENO SLICES,7.0,240.1,357.28,108.907528037,Stimulants & Spices (misc.)
15,EGG WHL LIQ FRSH W/CITRIC TFF,5.0,150.0,351.45,68.0388555,Eggs
8,APPLE GRANNY X-FANCY FRESH,0.0,230.0,350.98,104.3262451,Apples
4,NOODLE UDON JAPNSE,8.0,160.0,350.88,72.57477920000001,"Wheat/Rye (Bread, pasta, baked goods)"
3,MANGO DICED,8.0,120.0,347.84,54.4310844,Fruits (misc.)
1,CARROT WHL BABY GRA,7.0,204.75,344.96,92.8730377575,Root Vegetables
4,ONION DICED 3/8 YEL,8.0,160.0,342.96,72.57477920000001,Onions and Leeks
6,VEGETABLE BLND FIESTA,10.0,150.0,342.0,68.0388555,Legumes (misc.)
8,CHEESE SWISS SLICE .75 OZ,6.0,72.0,337.05,32.658650640000005,Cheese
48,BROWNIE CHOC CHIP GLUTEN FREE,6.0,63.0,333.3,28.57631931,"Wheat/Rye (Bread, pasta, baked goods)"
6,TOMATO STEWED FANCY CA,6.0,231.75,331.56,105.1200317475,Tomatoes
6,CANDY GUMMY GOLD BEARS,3.0,90.0,331.05,40.8233133,Sugars and sweeteners
4,JUICE ORANGE PSTRZD ULTRA PREM,7.0,245.0,326.76,111.13013065,Citrus Fruit
1,SAUSAGE TURKEY PTY CKD 1.6OZ,7.0,70.0,324.6,31.751465900000003,"Poultry (chicken, turkey)"
1,CREAM SOUR CULTRD GRD A,5.0,160.0,322.0,72.57477920000001,Cream
6,ONION CRISP SPICY CHILI,3.0,39.6,319.77,17.962257852,Onions and Leeks
4,CELERY DICED 3/8,7.0,140.0,319.41,63.502931800000006,Other vegetables
120,SPREAD CHOCOLATE HZLNT PC,11.0,45.1,317.9,20.457015887,Sugars and sweeteners
2,PASTA NOODLE EGG XWIDE,10.0,100.0,316.8,45.359237,"Wheat/Rye (Bread, pasta, baked goods)"
2,CHICKEN FAJ BRST STRIP CKD,6.0,60.0,310.6,27.2155422,"Poultry (chicken, turkey)"
6,PLANTBASED PRTN PULLED MSHRM,2.0,46.0,308.8,20.86524902,Legumes (misc.)
6,BEAN BLACK FRESH READY TO EAT,8.0,192.0,306.96,87.08973504000001,Beans and pulses (dried)
12,SPINACH CHOPPED IQF,6.0,144.9,304.08,65.725534413,Cabbages and other Brassicas (Broccoli)
4,CILANTRO CLEAN WASH FRESH HERB,13.0,61.1,300.17,27.714493807000004,Stimulants & Spices (misc.)
4,SYRUP PANCAKE AND WAFFLE,6.0,276.0,299.64,125.19149412,Sugars and sweeteners
8,PASTA ROTINI GLUTEN FREE,13.0,78.0,296.79,35.38020486,"Wheat/Rye (Bread, pasta, baked goods)"
144,BREAD GARLIC TOAST SLI 4.5IN,7.0,107.31,290.78,48.6749972247,"Wheat/Rye (Bread, pasta, baked goods)"
4,CHEESE MOZZARELLA SHRD WHL MLK,4.0,90.0,290.56,40.8233133,Cheese
2,PASTA PENNE WHL GRAIN 100%,8.0,160.0,289.44,72.57477920000001,"Wheat/Rye (Bread, pasta, baked goods)"
4,CABBAGE RED SHRED 1/8,7.0,141.05,288.82,63.97920378850001,Cabbages and other Brassicas (Broccoli)
1,LIME FRESH,4.0,160.0,287.12,72.57477920000001,Citrus Fruit
45,CROISSANT HAM STFD,3.0,25.2,286.47,11.430527724,Pork (pig meat)
6,BEAN KIDNEY LIGHT RED,7.0,264.6,286.44,120.020541102,Beans and pulses (dried)
1,ICE CREAM CHOC CHP CKIE DOUGH,9.0,124.2,284.67,56.336172354000006,Ice cream
1,SQUASH YELLOW S/N MEDIUM FRESH,10.0,240.0,284.57,108.8621688,Fruits (misc.)
2,MILK 2% SHELF STABLE,7.0,168.0,284.48,76.20351816,Milk (cow's milk)
4,OIL SESAME SEED PURE,0.0,56.0,281.61,25.40117272,Rapeseed/canola (Oil)
24,SYRUP CHOCOLATE SQUEEZE BOTTLE,3.0,111.0,276.93,50.34875307,Sugars and sweeteners
1,ICE CREAM CHOC,12.0,166.2,275.88,75.387051894,Ice cream
1,ICE CREAM STWBRY,12.0,164.16,275.88,74.4617234592,Ice cream
1,ICE CREAM VAN,12.0,164.16,275.88,74.4617234592,Ice cream
2,PASTA ROTINI/SPIRAL GARDEN,5.0,95.5,273.4,43.318071335,"Wheat/Rye (Bread, pasta, baked goods)"
2,PASTA ZITI ENR DRM WHT SEM ITL,10.0,200.0,273.4,90.718474,"Wheat/Rye (Bread, pasta, baked goods)"
1,PASTRY SHELL SWT TART RND 3 IN,4.0,15.88,269.36,7.2030468356,"Wheat/Rye (Bread, pasta, baked goods)"
1,CABBAGE GREEN FRSH LARGE,8.0,400.0,266.32,181.436948,Cabbages and other Brassicas (Broccoli)
4,COUSCOUS INTL ISRAELI,5.0,100.0,265.05,45.359237,"Wheat/Rye (Bread, pasta, baked goods)"
4,NOODLE LO MEIN,6.0,120.0,263.16,54.4310844,"Wheat/Rye (Bread, pasta, baked goods)"
6,MILK ORIGINAL OAT,13.0,285.48,258.83,129.4915497876,Oat milk
2,BEEF SLICED PEPPERONI HALAL,4.0,40.0,256.44,18.1436948,Beef & buffalo meat
1,SEED CHIA BLK,6.0,60.0,254.94,27.2155422,Tree nuts and seeds
1,CORN WHL KERNEL GR A,5.0,146.0,249.35,66.22448602,Corn (Maize)
12,BREAD PITA 6,7.0,136.5,248.85,61.915358505,"Wheat/Rye (Bread, pasta, baked goods)"
6,OLIVE BLACK RIPE SLICED,3.0,61.8,247.98,28.032008466,Other vegetables
6,MIX PANCAKE BTRMLK COMPLT,6.0,180.0,246.6,81.6466266,"Wheat/Rye (Bread, pasta, baked goods)"
20,CLAM WHL BABY CKD VP 40-60 CHN,5.0,50.0,242.95,22.6796185,Mollusks
48,AVOCADO HASS FRSH HLV INDW HPP,8.0,36.0,241.36,16.329325320000002,Fruits (misc.)
1,ONION YELLOW JUMBO BOX,9.0,450.0,237.09,204.1165665,Onions and Leeks
1,RICE BROWN PARBOILED WHLGRN QC,10.0,255.0,231.2,115.66605435,Rice
6,BEAN PINTO FRESH READY TO EAT,6.0,144.0,230.22,65.31730128000001,Beans and pulses (dried)
1,MUSHROOM SHIITAKE LRG SLI 3/16,8.0,24.0,228.88,10.88621688,Vegetables (misc.)
4,SALSA CHUNKY MED AUTHENTIC,3.0,101.25,228.54,45.9262274625,Stimulants
6,SAUCE HOISIN,4.0,141.8,228.14,64.319398066,Vegetable oils
3,SPICE ONION POWDER,0.0,27.5,224.7,12.473790175,Stimulants & Spices (misc.)
1,SQUASH ZUCCHINI MEDIUM FRESH,8.0,160.0,223.9,72.57477920000001,Other vegetables
72,WAFFLE BELGIAN 4 IN,5.0,52.25,223.8,23.7002013325,"Wheat/Rye (Bread, pasta, baked goods)"
4,PIE BANANA WHIP CRM T&S 10,4.0,45.0,219.64,20.41165665,"Wheat/Rye (Bread, pasta, baked goods)"
6,PEA BLACKEYE,5.0,202.5,217.9,91.852454925,Peas
6,PIE CHERRY LATTC T&S 10,3.0,42.75,214.41,19.3910738175,"Wheat/Rye (Bread, pasta, baked goods)"
24,COOKIE CHOC CHIP GLTN FR I/W,7.0,38.5,212.8,17.463306245000002,"Wheat/Rye (Bread, pasta, baked goods)"
6,PRESERVE RASPBERRY RED,2.0,48.0,212.02,21.77243376,Berries
1,PINEAPPLE CHUNK IQF,6.0,120.0,209.82,54.4310844,Fruits (misc.)
2,PASTA RADIATORE,5.0,100.0,206.95,45.359237,"Wheat/Rye (Bread, pasta, baked goods)"
6,GRAIN SPECIALTY BULGUR WHEAT,5.0,60.0,205.2,27.2155422,Grains/cereals (except rice)
1,BLUEBERRY CULT IQF,4.0,120.0,204.6,54.4310844,Berries
2,CAULIFLOWER FLORET LRG CUT,6.0,38.7,203.46,17.554024719,Cabbages and other Brassicas (Broccoli)
3,WATER FLAVOR STRWBRY KIWI 5+1,2.0,53.1,199.32,24.085754847,Uncategorized
30,KETCHUP SQUEEZE UPSIDE DOWN,3.0,112.5,197.16,51.029141625,Tomatoes
4,CARROT DICED 3/8,5.0,100.0,195.99,45.359237,Root Vegetables
114,SAUSAGE CHICKEN FOUR PPR VEG/C,4.0,40.0,195.76,18.1436948,Legumes (misc.)
12,CANDY MINT CREME DE MENTHE,2.0,33.2,195.38,15.059266684000002,Sugars and sweeteners
1,CAULIFLOWER FRESH MULTI-COLOR,5.0,75.0,195.15,34.01942775,Cabbages and other Brassicas (Broccoli)
6,SPICE PEPPERCORN BLK GRINDER,2.0,5.58,194.5,2.5310454246000003,Corn (Maize)
1,MUSHROOM PORCINI SLI #1 DRIED,4.0,4.0,192.36,1.81436948,Vegetables (misc.)
6,PIE APPLE LATTC PRE-SLICED,3.0,38.25,191.91,17.3499081525,"Wheat/Rye (Bread, pasta, baked goods)"
10,CHIP PLANTAIN,4.0,25.0,190.04,11.33980925,"Wheat/Rye (Bread, pasta, baked goods)"
24,SAUCE HOT,3.0,24.63,187.8,11.1719800731,Vegetable oils
8,CHEESE CHDR MLD SLI INT .75 YL,4.0,48.0,187.2,21.77243376,Cheese
12,CHEESE BOURSIN HERB FRENCH,4.0,15.6,186.32,7.076040972,Cheese
6,BREAD PANINI RUSTIC SLI,4.0,72.0,184.8,32.658650640000005,"Wheat/Rye (Bread, pasta, baked goods)"
6,TEA ASST HERB 6 FLAVORS,9.0,10.17,184.05,4.6130344029,Stimulants
1,APRICOT DRIED MEDITERRANEAN,3.0,15.0,181.92,6.80388555,Fruits (misc.)
1,CHOCOLATE CHIP MINI SEMISWT 4M,2.0,50.0,181.91,22.6796185,"Wheat/Rye (Bread, pasta, baked goods)"
6,APPLESAUCE FANCY UNSWEETENED,3.0,119.25,181.2,54.0908901225,Apples
4,PIE COOKIE & CRM T&S 10 IN,3.0,28.5,180.45,12.927382545,"Wheat/Rye (Bread, pasta, baked goods)"
36,SALT SEA GRINDER,2.0,9.54,180.3,4.3272712098,Stimulants & Spices (misc.)
2,BACON TURKEY SLI SMK BULK,4.0,40.0,178.24,18.1436948,"Poultry (chicken, turkey)"
4,LETTUCE ROMAINE ITAL BLEND,5.0,50.0,177.7,22.6796185,Cabbages and other Brassicas (Broccoli)
6,PEPPER RED DICED FCY,2.0,84.6,177.22,38.373914502,Stimulants & Spices (misc.)
6,TOMATO PASTE FANCY CA,3.0,124.875,177.06,56.642347203750006,Tomatoes
1,ONION RED MEDIUM BOX,7.0,175.0,176.4,79.37866475,Onions and Leeks
6,SPICE GARLIC GRANULATED,0.0,39.0,174.0,17.69010243,Stimulants & Spices (misc.)
3,SPICE CHILI PWDR LIGHT,0.0,30.0,173.75,13.6077711,Stimulants
1,EGGPLANT FRESH,6.0,162.0,173.43,73.48196394,Other vegetables
4,SHALLOT PEELED FRESH,2.0,32.0,172.68,14.51495584,Onions and Leeks
4,GRAIN SPECIALTY FARRO SEMIPRLD,4.0,48.0,172.48,21.77243376,Grains/cereals (except rice)
1,STRAWBERRY WHOLE IQF,2.0,60.0,172.32,27.2155422,Berries
1,BEAN LENTIL DRIED,6.0,120.0,171.66,54.4310844,Beans and pulses (dried)
2,DRESSING ASIAN SESAME GINGER,4.0,124.0,166.84,56.24545388,Tree nuts and seeds
6,SPICE PAPRIKA SMK,0.0,8.499,165.68,3.8550815526300006,Stimulants & Spices (misc.)
4,PARSLEY CLN/WASH FRESH HERB,7.0,28.0,164.01,12.70058636,Grains/cereals (except rice)
2,PASTA CAVATAPPI DRM WT SEM ITL,6.0,120.0,163.68,54.4310844,"Wheat/Rye (Bread, pasta, baked goods)"
2,PASTA ORECCHIETTE E DRM WT SEM,6.0,120.0,163.68,54.4310844,"Wheat/Rye (Bread, pasta, baked goods)"
2,CAKE TRES LECHE,2.0,22.16,162.82,10.0516069192,"Wheat/Rye (Bread, pasta, baked goods)"
4,SWEETENER AGAVE LIGHT 176,1.0,50.0,160.64,22.6796185,Sugars and sweeteners
10,BEET RED PLD & COOKED,6.0,66.0,157.26,29.937096420000003,Root Vegetables
1,SUPPLY SOTF KITCHEN,1.0,6.0,156.0,2.72155422,Uncategorized
120,BREADSTICK GARLIC,4.0,53.252,154.84,24.15470088724,"Wheat/Rye (Bread, pasta, baked goods)"
6,POTATO FRY STEAK,4.0,120.0,154.44,54.4310844,Potatoes
3,PASTE CHILI GRND SAMBAL OELEK,2.0,48.0,153.42,21.77243376,Stimulants
6,CHEESE RICOTTA WHL MLK CLS,3.0,54.0,152.01,24.49398798,Cheese
12,BUN HOAGIE WHITE 8IN HINGD,4.0,67.2,151.88,30.481407264,"Wheat/Rye (Bread, pasta, baked goods)"
6,POTATO PANCAKE MINI BABYCAKE,3.0,54.0,151.83,24.49398798,"Wheat/Rye (Bread, pasta, baked goods)"
4,PASTA FARFALLE,4.0,80.0,148.92,36.2873896,"Wheat/Rye (Bread, pasta, baked goods)"
2,BATTER MUFFIN CORN,3.0,48.0,147.45,21.77243376,"Wheat/Rye (Bread, pasta, baked goods)"
24,GINGER PICKLED PINK SUSHI,3.0,30.0,146.82,13.6077711,Rice
2,CHEESE FETA CRUMBLED,4.0,40.0,146.72,18.1436948,Cheese
6,NOODLE CHOW MEIN,3.0,27.0,143.76,12.24699399,"Wheat/Rye (Bread, pasta, baked goods)"
168,DOUGH BISCUIT SOTHRN E-Z SPLIT,2.0,66.57,141.12,30.1956440709,"Wheat/Rye (Bread, pasta, baked goods)"
1,BANANA SLICE IQF,6.0,120.0,140.64,54.4310844,Bananas
6,PIE CHOC CRM T&S 10,3.0,30.375,140.34,13.77786823875,"Wheat/Rye (Bread, pasta, baked goods)"
1,CARROT DICED 3/8IN,8.0,40.0,138.88,18.1436948,Root Vegetables
6,FILLING PIE BLUEBERRY,1.0,42.0,138.61,19.05087954,"Wheat/Rye (Bread, pasta, baked goods)"
1000,CANDY MINT BUTR USA FLAG,3.0,24.0,138.03,10.88621688,Sugars and sweeteners
2,PASTA FETTUCINE FLAT,5.0,100.0,137.3,45.359237,"Wheat/Rye (Bread, pasta, baked goods)"
6,PIE STRAWBERRY CRM T&S 10,3.0,30.375,137.28,13.77786823875,"Wheat/Rye (Bread, pasta, baked goods)"
12,SAUCE PEPPER HARISSA HOT,2.0,30.0,137.0,13.6077711,Vegetable oils
12,JUICE LEMON,7.0,187.6,136.78,85.093928612,Citrus Fruit
2,PASTA FETTUCCINE DRM WT SEM IT,5.0,100.0,136.4,45.359237,"Wheat/Rye (Bread, pasta, baked goods)"
6,HASH CORNED BEEF,1.0,42.0,136.24,19.05087954,Beef & buffalo meat
6,TORTILLA CORN PRESED AUTH 4.5,4.0,93.2,135.96,42.274808884,Corn (Maize)
12,EGG LIQUID FRZN PLNT-BSD,1.0,24.0,134.52,10.88621688,Eggs
4,CEREAL LUCKY CHARM GLTN FR BLK,2.0,18.0,133.74,8.164662660000001,Grains/cereals (except rice)
6,SPICE DILL WEED WH,0.0,2.464,133.44,1.11765159968,Stimulants & Spices (misc.)
2,BATTER MUFFIN CHOC CHIP,3.0,48.0,133.14,21.77243376,"Wheat/Rye (Bread, pasta, baked goods)"
1,TOMATO SUNDRIED JULENNE,6.0,30.0,132.12,13.6077711,Tomatoes
2,CHEESE COTTAGE SMALL CURD 1%,5.0,50.0,131.9,22.6796185,Cheese
12,TORTILLA FLOUR PRESS 10 IN,5.0,112.5,131.65,51.029141625,Grains/cereals (except rice)
24,TORTILLA FLOUR PRSSD 6 IN,5.0,97.5,131.65,44.225256075,Grains/cereals (except rice)
1,TOMATILLO FRESH DEHUSKED,3.0,60.0,131.28,27.2155422,Other vegetables
1,SUPPLY FOOD SOFT COM,1.0,6.0,130.77,2.72155422,Uncategorized
2,SAUCE GENERAL TSO,2.0,45.0,130.52,20.41165665,Vegetable oils
6,FILLING PIE CHERRY,1.0,42.0,130.46,19.05087954,"Wheat/Rye (Bread, pasta, baked goods)"
4,CHEESE COTIJA POLVO,1.0,20.0,129.71,9.0718474,Cheese
6,POTATO HASH BRN TRIANG 2OZ,2.0,60.0,129.66,27.2155422,Potatoes
1,BASIL FRESH,7.0,14.0,129.57,6.35029318,Stimulants & Spices (misc.)
6,SPICE CURRY POWDER,1.0,8.066,128.7,3.658676056420001,Stimulants & Spices (misc.)
4,CEREAL COCOA PUFFS BULKPAK,2.0,21.1,127.84,9.570799007000002,Grains/cereals (except rice)
12,JUICE LIME,6.0,144.0,127.62,65.31730128000001,Citrus Fruit
1,VEGETABLE MIX 4WAY,3.0,90.0,127.62,40.8233133,Legumes (misc.)
6,PINEAPPLE TIDBIT JCE FCY,2.0,78.1,126.7,35.425564097,Fruits (misc.)
6,CAPER NONPAREIL IMPORTED,3.0,55.5,126.42,25.174376535,Sugars and sweeteners
6,FILLING PIE BLUEBERRY,1.0,21.188,126.18,9.61071513556,"Wheat/Rye (Bread, pasta, baked goods)"
1,BARLEY PEARLED DRIED,5.0,100.0,126.0,45.359237,"Wheat/Rye (Bread, pasta, baked goods)"
6,SAUCE PLUM,1.0,30.0,125.95,13.6077711,Fruits (misc.)
6,BEAN GREAT NORTHERN,3.0,138.0,125.55,62.59574706,Beans and pulses (dried)
1,PASTA ORZO BRONZE,4.0,40.0,125.08,18.1436948,"Wheat/Rye (Bread, pasta, baked goods)"
2,PUREE PASSION FRT FRZN,3.0,13.2,124.98,5.987419284,Fruits (misc.)
12,TOAST FRENCH WHL WHEAT 4PCS,2.0,48.0,122.92,21.77243376,"Wheat/Rye (Bread, pasta, baked goods)"
6,MILK ALMOND UNSWT,5.0,125.85,122.25,57.0845997645,Almond milk
2,DOUGH TURNOVER APPLE 3 OZ,2.0,30.0,121.26,13.6077711,"Wheat/Rye (Bread, pasta, baked goods)"
6,PRESERVE PEACH,3.0,24.39,119.64,11.0631179043,Fruits (misc.)
4,CEREAL APPLE JACKS,2.0,19.1,118.96,8.663614267000002,Grains/cereals (except rice)
1,MINT FRESH,6.0,12.0,116.58,5.4431084400000005,Stimulants & Spices (misc.)
32,BURGER VEG BEYOND PATTY,1.0,12.0,116.51,5.4431084400000005,"Wheat/Rye (Bread, pasta, baked goods)"
8,CHEESE VEGAN CHED SLI,2.0,24.0,116.34,10.88621688,Soybeans/Tofu
4,SAUCE BBQ ORIGINAL,2.0,81.12,115.72,36.7954130544,Vegetable oils
1,PASTE TAMARIND,16.0,14.0,113.76,6.35029318,Stimulants
1,PEPPER RED LONG DUTCH CHILI,2.0,14.0,113.68,6.35029318,Stimulants
1,CHIP TORTILLA PCUF YEL 4CUT,3.0,90.0,113.31,40.8233133,"Wheat/Rye (Bread, pasta, baked goods)"
1,GINGER ROOT FRESH,2.0,60.0,113.02,27.2155422,Roots and Tubers
150,CRACKER OYSTER NEW ENGLAND,6.0,28.14,111.66,12.7640892918,"Wheat/Rye (Bread, pasta, baked goods)"
1,PASTE TAHINI,1.0,40.0,110.4,18.1436948,Stimulants
6,SUNFLOWER SEED SUNBUTTER,1.0,30.0,110.35,13.6077711,Butter
1,ORANGE FANCY FRESH,3.0,120.0,110.04,54.4310844,Citrus Fruit
4,CORNBREAD BKD CUT 12X16,2.0,32.0,109.84,14.51495584,Corn (Maize)
1,COOKIE FORTUNE IND WRPD SUPERK,7.0,49.0,108.43,22.22602613,"Wheat/Rye (Bread, pasta, baked goods)"
48,DESSERT BAR BROOKIE GF,2.0,21.0,107.28,9.52543977,Sugars and sweeteners
4,CEREAL FROSTED FLAKES,2.0,23.0,107.28,10.43262451,Grains/cereals (except rice)
72,TOAST FRENCH CINN SWIRL 3/4TH,2.0,22.3,106.9,10.115109851,"Wheat/Rye (Bread, pasta, baked goods)"
1,ICE CREAM COFFEE,4.0,54.72,106.4,24.8205744864,Ice cream
4,CEREAL FROOT LOOPS,2.0,18.5,106.36,8.391458845,Grains/cereals (except rice)
2,TURKEY GROUND 85/15,3.0,60.0,105.99,27.2155422,"Poultry (chicken, turkey)"
200,PEANUT BUTTER CREAMY CUP,2.0,18.75,105.66,8.5048569375,Cream
24,PEPPER CHIPOTLE IN ADOBO SAUCE,2.0,20.0,105.44,9.0718474,Vegetable oils
6,BEAN WHITE SM,2.0,80.0,105.44,36.2873896,Beans and pulses (dried)
2,BATTER MUFFIN BLUEBERRY,2.0,32.0,105.4,14.51495584,"Wheat/Rye (Bread, pasta, baked goods)"
1,MUSHROOM CRIMINI SLCD FRESH,6.0,30.0,105.24,13.6077711,Vegetables (misc.)
1,BLUEBERRY WILD IQF,1.0,30.0,104.55,13.6077711,Berries
6,MILK ALMOND VANILLA,5.0,120.0,103.35,54.4310844,Almond milk
3,WATER FLAVOR WTRMLN 5+1,1.0,19.91,102.73,9.0310240867,Uncategorized
72,TOAST FRENCH HT&SRV THICK 3/4,2.0,23.4,102.48,10.614061458,"Wheat/Rye (Bread, pasta, baked goods)"
1,MANGO CHUNK IQF,2.0,40.0,102.3,18.1436948,Fruits (misc.)
12,PEA GREEN P,2.0,60.0,102.02,27.2155422,Peas
2,TUNA LOIN KATSUOBUSHI SHAVED,2.0,4.0,100.92,1.81436948,Fish (finfish)
2,PASTA SPAGHETTI 10 IN,3.0,62.7,100.41,28.440241599000004,"Wheat/Rye (Bread, pasta, baked goods)"
6,CHEESE MOZZ FRSH SLI THIN,4.0,24.0,100.24,10.88621688,Cheese
2,CHEESE VEGAN MOZZ SHRED,2.0,20.0,99.9,9.0718474,Soybeans/Tofu
30,NOODLE RICE STICK PAD THAI,1.0,26.0,99.36,11.79340162,"Wheat/Rye (Bread, pasta, baked goods)"
4,PEPPER BANANA SLI/VINGR,2.0,64.0,98.62,29.02991168,Bananas
4,CEREAL CHEERIOS GLTN FR BLKPK,2.0,18.2,98.24,8.255381134,Grains/cereals (except rice)
3,WATER FLAVOR MANGO 5+1,1.0,26.55,98.01,12.0428774235,Fruits (misc.)
4,SAUCE JAMAICAN JERK WING,2.0,40.222,97.7,18.24439230614,Vegetable oils
6,PUDDING CHOCOLATE ZTF,2.0,83.4,97.68,37.829603658,Sugars and sweeteners
12,COFFEE ESPRESSO INSTANT JAR,2.0,3.0,96.14,1.36077711,Coffee
8,CHEESE PEPPER JACK SLI .75OZ,2.0,24.0,95.66,10.88621688,Cheese
6,CHESTNUT WATER SLICED,1.0,38.23,94.57,17.340836305099998,Peanuts/groundnuts
2,BACON SLAB APPLEWOOD SMK,1.0,11.07,94.03,5.021267535900001,Pork (pig meat)
6,BEAN CANNELLINI,2.0,82.5,93.64,37.421370525,Beans and pulses (dried)
2,BEEF ROAST TOPRND C\O MRSPT FZ,1.0,15.7,92.61,7.121400209,Beef & buffalo meat
1,SPICE SAFFRON TIN SPANISH,1.0,0.1,92.56,0.045359237,Stimulants & Spices (misc.)
2,SAUCE PESTO NO NUT,3.0,12.0,92.31,5.4431084400000005,Vegetable oils
1,POTATO FINGERLING MIX,1.0,50.0,91.9,22.6796185,Potatoes
6,MIX CAKE YELLOW COMPLT,1.0,30.0,91.27,13.6077711,"Wheat/Rye (Bread, pasta, baked goods)"
2,PASTA MACARONI ELBOW LRG RIDGD,2.0,40.0,89.82,18.1436948,"Wheat/Rye (Bread, pasta, baked goods)"
12,PASTE TAHINI,1.0,12.0,89.77,5.4431084400000005,Stimulants
1,CHEESE CREAM NON DAIRY,1.0,30.0,89.6,13.6077711,Soybeans/Tofu
1,ASPARAGUS FRESH STANDARD,2.0,22.0,89.54,9.97903214,Other vegetables
4,CEREAL CAP N CRUNCH,2.0,18.12,89.02,8.2190937444,Grains/cereals (except rice)
2,BATTER MUFFIN CRANBERRY-ORANGE,2.0,32.0,88.08,14.51495584,"Wheat/Rye (Bread, pasta, baked goods)"
1,FLOWER EDIBLE ORCHIDS,3.0,1.5,86.91,0.6803885550000001,Other vegetables
6,SEASONING BLEND PERI PERI,0.0,5.246,86.76,2.37954557302,Stimulants & Spices (misc.)
1,MUSHROOM SHIITAKE MED W/STEM,3.0,9.0,86.73,4.082331330000001,Vegetables (misc.)
1,CHOCOLATE CHIP WHITE BAKING,1.0,22.0,85.95,9.97903214,"Wheat/Rye (Bread, pasta, baked goods)"
4,CHEESE CREAM PLAIN VEGAN,2.0,16.0,85.0,7.25747792,Cream
12,PEPPER CHILI GREEN DICED,1.0,22.0,84.91,9.97903214,Stimulants
1,CELERY FRESH,2.0,110.7,84.68,50.212675359,Other vegetables
12,SAUCE CHILI HOT SRIRACHA,2.0,42.0,83.82,19.05087954,Vegetable oils
6,MILK SOY UNSWTND ORGANIC,3.0,78.0,83.61,35.38020486,Soy milk
24,RAISIN SEEDLESS GOLDEN,1.0,24.0,82.95,10.88621688,Fruits (misc.)
6,BEAN KIDNEY WHITE,2.0,81.0,81.74,36.74098197,Beans and pulses (dried)
1,RICE BOTAN SUSHI RICE,3.0,60.0,81.51,27.2155422,Rice
4,DRESSING CAESAR CREAMY LIBERTY,1.0,32.6,81.27,14.787111262000002,Vegetable oils
24,CORN STARCH,2.0,48.0,80.7,21.77243376,Corn (Maize)
200,SUNFLOWER SEED SUNBUTTER,1.0,20.5,80.0,9.298643585,Butter
4,VINEGAR RICE WINE SEAS 4.5%,1.0,32.0,79.36,14.51495584,Rice
6,OIL SESAME SEED TOASTED PURE,1.0,13.7,78.7,6.214215469,Rapeseed/canola (Oil)
4,MILK WHL GALLON,3.0,103.2,78.24,46.810732584,Milk (cow's milk)
1,POTATO YELLOW YUKON GOLD B SZ,5.0,250.0,77.85,113.3980925,Potatoes
1,SEED SESAME WHITE,2.0,10.0,75.5,4.535923700000001,Tree nuts and seeds
6,CORN BABY WHL,1.0,42.5,73.99,19.277675725,Corn (Maize)
12,TORTILLA CORN WHT 6 FRSH,2.0,45.0,73.86,20.41165665,Corn (Maize)
6,POTATO SWEET CENTER CUT,1.0,30.0,73.17,13.6077711,Cassava and Other Roots
1,PEPPER JALAPENO FRESH,4.0,40.0,73.01,18.1436948,Stimulants & Spices (misc.)
2,HAM APLWD ULTIMATE CARVING,1.0,15.1,72.69,6.849244787,Pork (pig meat)
6,SPICE CUMIN GRND,0.0,9.625,71.94,4.3658265612500005,Stimulants & Spices (misc.)
4,SYRUP CANE 100% PURE,2.0,23.8,71.68,10.795498406,Sugars and sweeteners
5,COCONUT SHRED MED SWT,2.0,20.0,71.68,9.0718474,Tree nuts and seeds
6,SPICE GINGER GRND,0.0,3.124,71.0,1.41702256388,Stimulants & Spices (misc.)
6,TOPPING GARLIC CRISPY FRIED,2.0,7.5,70.86,3.401942775,Vegetable oils
6,PUMPKIN SOLID FANCY,1.0,45.15,70.69,20.4796955055,Vegetables (misc.)
6,PINEAPPLE SLI JCE,1.0,46.4,69.25,21.046685968,Fruits (misc.)
6,LETTUCE ROMAINE CHOP,2.0,24.0,69.24,10.88621688,Cabbages and other Brassicas (Broccoli)
60,DRESSING RASPBERRY LTE PKT,4.0,22.52,68.64,10.2149001724,Berries
6,SPICE CORIANDER GRND,0.0,4.5,68.45,2.0411656650000003,Stimulants & Spices (misc.)
6,PEACH DICED W/PEAR JUICE,1.0,39.38,68.15,17.862467530600004,Fruits (misc.)
1200,SUGAR TURBINADO PACKET CANE,2.0,23.0,66.94,10.43262451,Sugars and sweeteners
1,BASIL FRESH HERB,6.0,6.0,66.18,2.72155422,Stimulants & Spices (misc.)
6,SPICE TURMERIC GROUND,0.0,4.265,65.44,1.93457145805,Stimulants & Spices (misc.)
216,WAFFLE STIX,1.0,11.2,65.4,5.080234544,"Wheat/Rye (Bread, pasta, baked goods)"
6,MILK COCONUT UNSWEETEND,1.0,36.75,64.57,16.669519597500003,Tree nuts and seeds
1,GRAIN SPCLTY WHEATBERRIES,2.0,20.0,63.58,9.0718474,Grains/cereals (except rice)
6,JUICE POMEGRANATE 100% FRSH,2.0,18.0,63.58,8.164662660000001,Fruits (misc.)
600,MARGARINE SOFT BUTRY SPREAD,2.0,13.4,63.06,6.078137758,Butter
12,MUSTARD YELLOW SQZ CLS,3.0,27.6,62.94,12.519149412,Tree nuts and seeds
4,GIARDINIERA GREEK,2.0,64.0,61.5,29.02991168,Other vegetables
6,SPICE ALLSPICE GROUND,0.0,3.0,59.25,1.36077711,Stimulants & Spices (misc.)
1,THYME FRESH,3.0,6.0,58.11,2.72155422,Vegetables (misc.)
1,ROSEMARY FRESH,3.0,6.0,58.11,2.72155422,Vegetables (misc.)
12,SAUCE HOT SRIRACHA 28OZ,1.0,21.0,58.03,9.52543977,Vegetable oils
216,DOUGH COOKIE VEGAN CHOC CHIP,1.0,20.25,57.89,9.1852454925,Legumes (misc.)
200,JELLY ASST CUP  GRAP SB MIXFRT,3.0,20.1,57.39,9.117206637,Sugars and sweeteners
6,MILK COCONUT ORIG ESL,2.0,51.02,55.74,23.142282717400004,Tree nuts and seeds
4,VINEGAR RICE GENUINE BREWED,1.0,37.0,55.66,16.78291769,Rice
2,BERRY PERFECT IQF,1.0,10.0,55.15,4.535923700000001,Berries
1,BROCCOLI SLAW,3.0,15.0,54.54,6.80388555,Cabbages and other Brassicas (Broccoli)
12,RASPBERRY RED FRESH,1.0,7.2,51.11,3.265865064,Berries
84,DOUGH ROLL CINNAMON,1.0,21.0,50.8,9.52543977,"Wheat/Rye (Bread, pasta, baked goods)"
6,MARMALADE ORANGE,1.0,32.4,50.69,14.696392788,Citrus Fruit
6,BAMBOO SHOOT STRIP,1.0,39.0,50.69,17.69010243,Other vegetables
6,PUDDING BUTTERSCOTCH ZTF,1.0,41.9,50.06,19.005520303,Sugars and sweeteners
6,SPICE NUTMEG GROUND,0.0,2.1,49.44,0.952543977,Stimulants & Spices (misc.)
4,PEPPER HOT CHERRY SLICED,1.0,33.85,48.9,15.3541017245,Fruits (misc.)
12,TOPPING RASPBERRY PLATESCAPER,1.0,15.0,48.67,6.80388555,Sugars and sweeteners
60,DRESSING BLUE CHEESE PACKET,2.0,11.26,48.32,5.1074500862,Cheese
1,FENNEL ANISE BUNCH FRSH,2.0,22.0,47.84,9.97903214,"Wheat/Rye (Bread, pasta, baked goods)"
6,KETCHUP FANCY,1.0,42.28,47.17,19.1778854036,Tomatoes
12,SAUCE CHILI SAMBAL OELEK,1.0,13.5,47.17,6.123496995,Vegetable oils
1,ASPARAGUS FRESH LARGE,1.0,11.0,47.07,4.9895160700000005,Other vegetables
12,BLUEBERRY FRESH,1.0,12.75,46.91,5.783302717500001,Berries
160,SAUSAGE PORK PTY CKD MILD 1 OZ,1.0,10.0,45.88,4.535923700000001,Pork (pig meat)
3,CURRY PASTE GREEN,1.0,7.65,45.61,3.4699816305000004,Stimulants
4,SYRUP COFFEE CARAMEL US,1.0,11.217,45.43,5.087945614290001,Sugars and sweeteners
24,MILK COCONUT UNSWEETENED,1.0,25.55,44.62,11.5892850535,Tree nuts and seeds
2,SAUCE CHIPOTLE ANCHO SANDWICH,1.0,17.33,44.1,7.860755772099999,Vegetable oils
2,PASTA BOWTIE,2.0,20.0,44.04,9.0718474,"Wheat/Rye (Bread, pasta, baked goods)"
3,SPICE THYME LEAVES WHL,0.0,1.5,43.81,0.6803885550000001,Vegetables (misc.)
6,GLAZE BALSAMIC,2.0,9.8,43.46,4.445205226000001,Stimulants
60,DRESSING RANCH PACKET,2.0,11.24,43.44,5.0983782388000005,Vegetable oils
12,BREAD BUN HOTDOG 6 IN HNGD,1.0,15.3,43.13,6.939963261000001,"Wheat/Rye (Bread, pasta, baked goods)"
12,PEPPER CHILE GRN DICED RSTD/PL,1.0,28.0,41.45,12.70058636,Stimulants & Spices (misc.)
6,VEGETABLE BLEND CHFCUT KEY LAR,1.0,24.0,41.45,10.88621688,Legumes (misc.)
1,LEMON CHOICE FRESH,1.0,40.0,41.05,18.1436948,Citrus Fruit
12,TOMATO CHERRY FRESH,2.0,28.0,40.82,12.70058636,Fruits (misc.)
10,TORTILLA STRIP TRICOLOR FRIED,1.0,10.0,40.4,4.535923700000001,"Wheat/Rye (Bread, pasta, baked goods)"
6,SAUCE OYS KUM CHUN,1.0,30.0,39.88,13.6077711,Vegetable oils
60,DRESSING HONEY MUSTARD PKT,2.0,11.26,39.82,5.1074500862,Tree nuts and seeds
8,STRAWBERRY FRESH DRISCOLL,1.0,8.0,39.37,3.62873896,Berries
4,VINEGAR RED WINE FLAVORED,1.0,48.0,39.36,21.77243376,Stimulants
4,CABBAGE GREEN SHRD FRSH W/BAG,2.0,40.0,38.96,18.1436948,Cabbages and other Brassicas (Broccoli)
12,BLACKBERRY FRESH,1.0,9.0,38.82,4.082331330000001,Berries
12,TOPPING WHPD ARSL,1.0,10.0,38.15,4.535923700000001,Vegetable oils
2,CHEESE BLUE CRUMBLES,0.0,10.0,38.12,4.535923700000001,Cheese
24,SUGAR CONFECTIONER 10X CANE,1.0,26.7,38.09,12.110916279,Sugars and sweeteners
12,SAUCE CHILI SWEET THAI,1.0,24.0,38.09,10.88621688,Vegetable oils
2,VINEGAR BALSAMIC ITALY,1.0,22.0,36.92,9.97903214,Stimulants
4,SYRUP VANILLA PL BTL NONGMO,1.0,13.09,36.82,5.9375241233,Sugars and sweeteners
30,MARGARINE SOLID NH NPK,1.0,30.0,36.71,13.6077711,Butter
6,SEASONING CARIBBEAN JERK,0.0,2.316,36.16,1.05051992892,Beans and pulses (dried)
4,SOUR CREAM VEGAN DF,1.0,8.0,36.01,3.62873896,Cream
1,LEEK FRESH HOLLAND,1.0,11.0,35.92,4.9895160700000005,Onions and Leeks
6,COOKIE GINGER SNAP,1.0,6.0,35.66,2.72155422,"Wheat/Rye (Bread, pasta, baked goods)"
1,CILANTRO FRESH ICELESS,1.0,16.0,35.4,7.25747792,Stimulants & Spices (misc.)
12,VINEGAR BALSAMIC ITALY,1.0,12.6,33.93,5.7152638620000005,Stimulants
12,CEREAL HOT CREAMY WHEAT FARINA,1.0,22.5,33.76,10.205828325,Grains/cereals (except rice)
60,DRESSING ITALIAN CREAMY PACKET,2.0,11.26,33.52,5.1074500862,Vegetable oils
5,PARSLEY ITALIAN BUNCHED/WASHED,1.0,5.0,32.36,2.2679618500000003,Grains/cereals (except rice)
12,MILK COCONUT UNSWEETEN,1.0,24.0,32.08,10.88621688,Tree nuts and seeds
1,PEPPER POBLANO FRESH,1.0,40.0,30.83,18.1436948,Stimulants & Spices (misc.)
16,PASTA DITALINI,1.0,16.0,30.81,7.25747792,"Wheat/Rye (Bread, pasta, baked goods)"
1,PARSLEY BUNCH FDSVC,3.0,3.501,30.63,1.58802688737,Grains/cereals (except rice)
1,PEPPER BELL YEL HOTHOUSE #1,1.0,11.0,29.37,4.9895160700000005,Stimulants & Spices (misc.)
6,CORN BABY WHL CUT,1.0,42.0,28.27,19.05087954,Corn (Maize)
24,SODA FRUIT PASSION,1.0,17.0,27.57,7.71107029,Fruits (misc.)
24,SODA GUAVA,1.0,18.75,27.57,8.5048569375,Fruits (misc.)
24,SODA ORANGE MANDRN,1.0,32.7,27.57,14.832470499,Citrus Fruit
3,SPICE PAPRIKA DOM GRND,0.0,4.5,27.27,2.0411656650000003,Stimulants & Spices (misc.)
30,NOODLE RICE VERMICELLI,0.0,10.0,27.2,4.535923700000001,"Wheat/Rye (Bread, pasta, baked goods)"
6,SPICE ROSEMARY WH,0.0,0.733,27.14,0.33248320721,Vegetables (misc.)
2,VINEGAR RICE SEASONED GOURM,1.0,20.3,26.59,9.207925111000002,Rice
1,CARROT FRESH JUMBO,1.0,50.0,25.92,22.6796185,Root Vegetables
24,SODA TAMARIND,1.0,31.7,25.84,14.378878129,Stimulants
2,BREAD CRUMB PLAIN FINE,1.0,15.0,25.72,6.80388555,"Wheat/Rye (Bread, pasta, baked goods)"
6,VINEGAR RED WINE,1.0,12.26,25.61,5.5610424562,Stimulants
1,SQUASH BABY ZUCCHINI FRESH,1.0,5.0,24.2,2.2679618500000003,Other vegetables
1,LEMON GRASS FRESH HERB,2.0,2.0,24.14,0.90718474,Citrus Fruit
200,JUICE LEMON PACKET,2.0,3.52,23.84,1.5966451424,Citrus Fruit
6,MILK ALMOND DARK CHOC,1.0,25.5,23.76,11.566605435,Almond milk
4,LETTUCE SHREDDED 1/8 IN FRESH,1.0,20.0,23.18,9.0718474,Cabbages and other Brassicas (Broccoli)
1,ONION YELLOW JUMBO BAG,1.0,50.0,22.38,22.6796185,Onions and Leeks
4,KALE FRESH GRN SHRD 1/8 SEPCLR,1.0,6.0,21.29,2.72155422,Cabbages and other Brassicas (Broccoli)
4,EXTRACT VANILLA IMIT,0.0,8.34,21.11,3.7829603658,Stimulants & Spices (misc.)
6,SPICE CUMIN SEED WH,0.0,1.0,21.0,0.45359237,Tree nuts and seeds
6,SPICE OREGANO LEAF,0.0,4.0,20.88,1.81436948,Stimulants & Spices (misc.)
3,SPICE PARSLEY FLAKE,0.0,0.316,18.96,0.14333518892,Grains/cereals (except rice)
1,CHARGE FREIGHT,1.0,1.0,18.33,0.45359237,Uncategorized
6,SPICE PEPPER CAYENNE GRND,0.0,0.883,12.29,0.40052206271,Stimulants & Spices (misc.)
6,SPICE CHIVE FREEZE DRIED,0.0,0.1,10.56,0.045359237,Other vegetables
12,COLORING FOOD RED,0.0,2.0,1.87,0.90718474,Stimulants
1,GRAIN SPCLTY KASHA,0.0,0.0,0.0,0.0,Grains/cereals (except rice)
1,SUPPLY EQUIPMENT BID ITEM,5.0,5.0,16473.77,2.2679618500000003,Uncategorized
1,CHARGE FOR DEL/INSTAL/REMOV,1.0,1.0,4625.0,0.45359237,Uncategorized
3,DETERGENT POT/PAN HAND SMARTPW,16.0,96.0,2036.16,43.54486752,Uncategorized
6,DETERGENT MACHINE SMRTPWR,7.0,283.5,1233.61,128.593436895,Uncategorized
1,DETERGENT POT/PAN PANTASTIC,8.0,368.0,894.96,166.92199216,Uncategorized
1,SUPPLY SOTF KITCHEN BIDS,4.0,24.0,764.85,10.88621688,Uncategorized
6,TOWEL ROLL NON-PERF 7.75 NAT,8.0,100.16,507.28,45.4318117792,Rice
1,SUPPLY SOTF STORAGE BIDS,1.0,6.0,478.84,2.72155422,Uncategorized
1,SANITIZER OASIS 146 MULTI QUAT,4.0,83.2,472.04,37.738885184,Uncategorized
1,CLEANER DRAIN GREASE DIGESTANT,1.0,20.83,428.45,9.4483290671,Uncategorized
1,CHARGE FREIGHT,13.0,13.0,420.49,5.8967008100000005,Uncategorized
1,CLEANER FLOOR SANI WSH N WALK,2.0,43.2,334.78,19.595190384,Uncategorized
2,PRESOAK FLATWARE SILVER POWER,2.0,32.0,253.12,14.51495584,Uncategorized
1,CLEANER DEGRSR ORGFRC OASIS137,2.0,42.4,210.38,19.232316488,Uncategorized
1,SUPPLY OFFICE SOTF COM,1.0,6.0,210.0,2.72155422,Uncategorized
1,APRON BIB DISHWASHER VINYL CLR,3.0,6.0,177.99,2.72155422,Uncategorized
8,TISSUE TOILET 3.5 JMBO 2P WHT,4.0,58.08,165.08,26.3446448496,Uncategorized
4,CLEANER ALL PURPOSE PINE RTU,4.0,134.8,151.28,61.14425147600001,Uncategorized
6,BLEACH LIQ GRMCDL ULTRA 6%,4.0,234.0,111.04,106.14061458,Uncategorized
1,PAN DUST LOBBY W/BRM BLK 2PART,4.0,15.0,101.68,6.80388555,Uncategorized
4,DELIMER LIME A-WAY,1.0,36.0,92.05,16.329325320000002,Citrus Fruit
1,SUPPLY SOTF KITCHEN,1.0,6.0,78.48,2.72155422,Uncategorized
6,ODOR CNTACT AIR AND FABRIC RTU,1.0,12.49,59.06,5.6653687013,Uncategorized
6,DUST PAN LOBBY BLK PLAS,1.0,1.0,56.26,0.45359237,Uncategorized
50,COVER PLAS BUN PAN RACK 15MC,1.0,7.3,41.13,3.311224301,"Wheat/Rye (Bread, pasta, baked goods)"
6,PAD SCRUB S-S 35 GRAM 1.25 OZ,0.0,3.499,35.73,1.58711970263,Uncategorized
1,DUSTER LAMBSWOOL 30-42,2.0,0.6,23.78,0.272155422,Lamb/mutton & goat meat
1,DUSTER SYNTHETIC WAND CTCALG29,2.0,12.0,22.34,5.4431084400000005,Uncategorized
1,BRUSH DECK DUAL SURFACE BLUE,1.0,10.5,14.68,4.762719885,Uncategorized
1,SUPPLY SOTF DINING ROOM BIDS,1.0,6.0,13.73,2.72155422,Uncategorized
1,HANDLE BRSH/BRM/SQUGE BLUE,1.0,19.5,12.91,8.845051215,Uncategorized
1,CHARGE FOR DEL/INSTAL/REMOV,1.0,1.0,2520.0,0.45359237,Uncategorized
1,CLEANER FLOOR SANI WSH N WALK,6.0,129.6,1004.34,58.785571152,Uncategorized
3,DETERGENT POT/PAN HAND SMARTPW,7.0,42.0,890.82,19.05087954,Uncategorized
6,DETERGENT MACHINE SMRTPWR,4.0,162.0,704.92,73.48196394,Uncategorized
1,CLEANER SANITIZER S&S SMRTPWR,2.0,47.0,349.02,21.31884139,Uncategorized
12,GLASS CARAFE WINE 10.75 OZ,5.0,34.0,226.95,15.42214058,Stimulants
6,BLEACH CHLORINE LIQ 5.25 %,7.0,409.5,140.0,185.746075515,Uncategorized
6,CLEANER DEGRSR OVEN & GRL RTU,2.0,25.0,139.06,11.33980925,Uncategorized
1,MOP HEAD CTN CUT END VALUE #24,4.0,12.0,65.84,5.4431084400000005,Uncategorized
6,PAD SCRUB S-S 35 GRAM 1.25 OZ,0.0,4.666,47.64,2.11646199842,Uncategorized
1,PAD SCOUR 6X9 HVYDTY ANTIMICRO,3.0,5.7,43.62,2.5854765090000003,Uncategorized
1,CHARGE FREIGHT,2.0,2.0,29.66,0.90718474,Uncategorized
1,LID CARAFE SNAP FOTH 2.75,1.0,1.92,12.88,0.8708973504,Uncategorized
1,LID CARAFE SNAP FOTH 2.25,1.0,0.12,12.59,0.0544310844,Uncategorized
4,CHICKEN CVP BRST 6OZ HAL,30.0,600.0,2734.2,272.155422,"Poultry (chicken, turkey)"
4,CHICKEN CVP THIGH B/S HALAL,26.0,1040.0,2101.28,471.7360648,"Poultry (chicken, turkey)"
5,BEEF STRIP LOIN 0X1 FRSH,2.0,135.8,983.46,61.59784384600001,Beef & buffalo meat
2,SOUP CHICKEN NDLE,20.0,320.0,856.4,145.14955840000002,"Poultry (chicken, turkey)"
4,PORK BELLY SOUS VIDE FC,11.0,109.19,644.77,49.527750880300005,Pork (pig meat)
24,WATER BTLD SMARTWATER,14.0,588.0,623.86,266.71231356000004,Uncategorized
6,MILK HOMO ORGANIC,21.0,504.0,614.67,228.61055448,Milk (cow's milk)
24,WATER SPRING STILL ALUM W/ELEC,20.0,530.0,561.8,240.4039561,Uncategorized
1,TOMATO GRAPE FRSH,21.0,210.0,500.33,95.2543977,Tomatoes
12,CREAMER HALF & HALF ESL,11.0,282.15,483.26,127.9810871955,Milk (cow's milk)
1,RICE PARBOILED PERFECT,20.0,510.0,440.4,231.3321087,Rice
1,CUCUMBER ENGLISH LONG,30.0,360.0,427.5,163.2932532,Other vegetables
6,MILK ORIGINAL OAT XTRA CREAMY,20.0,439.2,398.2,199.217768904,Oat milk
2,BEAN GREEN TRIMMED FRSH,16.0,167.2,396.28,75.840644264,Beans and pulses (dried)
2,MEATBALL BEEF ITAL STYLE 1 OZ,7.0,70.0,344.19,31.751465900000003,Beef & buffalo meat
2,CHEESE MOZZ FRSH CILIEGN 1/3OZ,9.0,54.0,288.69,24.49398798,Cheese
8,PORK BUTT BNLS 1/4 6-9#EA,2.0,146.3,268.61,66.36056373100001,Pork (pig meat)
12,CAULIFLOWER CELLO WRPD FRSH,7.0,185.85,264.11,84.3001419645,Cabbages and other Brassicas (Broccoli)
107,DOUGH COOKIE CHOC CHIP GOURMT,4.0,84.0,263.72,38.10175908,"Wheat/Rye (Bread, pasta, baked goods)"
8,STRAWBERRY FRESH DRISCOLL,7.0,56.0,254.62,25.40117272,Berries
10,PORK RIB ST LOUIS 2.75-3#,3.0,88.78,244.77,40.2699306086,Pork (pig meat)
107,DOUGH COOKIE OATMEAL RSN GOURM,4.0,84.0,243.04,38.10175908,"Wheat/Rye (Bread, pasta, baked goods)"
12,WATER COCONUT JUICE 100%,12.0,108.0,231.72,48.98797596,Tree nuts and seeds
4,LETTUCE FRESH TENDER GREENS,6.0,72.0,222.12,32.658650640000005,Cabbages and other Brassicas (Broccoli)
10,SALAMI GENOA FONTINA SNCK PK,6.0,7.5,221.88,3.401942775,Pork (pig meat)
2,ARUGULA BABY FRESH,12.0,48.0,215.24,21.77243376,Cabbages and other Brassicas (Broccoli)
6,TUNA TONGOL CHUNK IN WTR,2.0,55.9,210.4,25.355813483,Fish (finfish)
2,SOUP MINESTRONE RTU REFRI,5.0,80.0,203.5,36.2873896,"Wheat/Rye (Bread, pasta, baked goods)"
2,CHICKEN TNDR FRTR HMSTYL LGE,4.0,40.0,183.76,18.1436948,"Poultry (chicken, turkey)"
2,SOUP CHOWDER CLAM N.E. FRESH,3.0,45.0,182.77,20.41165665,Mollusks
12,YOGURT STRW OIKOS TRIPLE ZERO,9.0,35.748,179.68,16.21502004276,Yogurt
1,PLANTBASED MEATBALL VEGAN,3.0,30.0,179.28,13.6077711,Legumes (misc.)
4,SOUP ITALIAN WEDDING MTBL RTU,4.0,64.0,171.64,29.02991168,Lamb/mutton & goat meat
3,CHEESE CUBE CHDR/SWISS/PEP JCK,3.0,45.0,171.51,20.41165665,Cheese
1,PEPPER SWEET BELL MEDLEY HH,4.0,80.0,166.88,36.2873896,Stimulants & Spices (misc.)
1,MUSHROOM MEDIUM FRESH,7.0,70.0,162.82,31.751465900000003,Vegetables (misc.)
6,OIL OLIVE EXTRA VIRGIN,2.0,10.38,154.22,4.708288800600001,Olives (Oil)
1,BROCCOLI CROWN ASIAN ICELS,5.0,100.0,152.15,45.359237,Cabbages and other Brassicas (Broccoli)
40,CHICKEN BRST BRD PCK NAE,3.0,30.0,135.96,13.6077711,"Poultry (chicken, turkey)"
1,EGGPLANT FRESH,5.0,135.0,130.98,61.23496995,Other vegetables
24,WATER SPRING PET,5.0,132.3,130.35,60.010270551000005,Uncategorized
4,GRAIN SPECIALTY FARRO SEMIPRLD,3.0,36.0,129.36,16.329325320000002,Grains/cereals (except rice)
1,SEED CHIA BLK ORGANC,2.0,20.0,127.98,9.0718474,Tree nuts and seeds
1,SALMON FIL BAY OF FUNDY SKLS,1.0,10.1,127.81,4.581282937,Fish (finfish)
4,VEGETABLE MIX SLAW POWER BLEND,6.0,48.0,122.88,21.77243376,Legumes (misc.)
24,WATER BOTTLED PLAS,5.0,144.0,122.55,65.31730128000001,Uncategorized
6,MILK ALMOND UNSWT,5.0,125.85,122.25,57.0845997645,Almond milk
6,BEAN KIDNEY DARK RED,3.0,121.65,122.25,55.1795118105,Beans and pulses (dried)
2,RASPBERRY RED WHOLE IQF,2.0,19.9,121.08,9.026488163,Berries
24,TORTILLA FLOUR PRSSD 8 IN,3.0,85.5,117.45,38.782147635,Grains/cereals (except rice)
4,BEEF BARBACOA CAFE H MEX/SHRED,1.0,16.8,113.64,7.620351816,Beef & buffalo meat
1,CHICKEN CVP MIXED DRM&THGH FZ,3.0,120.0,109.08,54.4310844,"Poultry (chicken, turkey)"
2,SALSA PICO DE GALLO,4.0,40.0,107.64,18.1436948,Stimulants
6,CORN CREAM STYLE GOLDEN XSTD,2.0,88.5,106.24,40.142924745,Cream
6,MILK SKIM UHT,7.0,176.4,104.37,80.013694068,Milk (cow's milk)
1,BLUEBERRY CULT IQF,2.0,60.0,100.87,27.2155422,Berries
2,PASTA SPAGHETTI 10 IN,3.0,62.7,100.41,28.440241599000004,"Wheat/Rye (Bread, pasta, baked goods)"
1,STRAWBERRY WHOLE IQF,4.0,33.4,99.75,15.149985158,Berries
2,CHICKEN WING STEAMED PCK LGE,2.0,20.0,98.02,9.0718474,"Poultry (chicken, turkey)"
10,CLAM WHL SHEL CKD VP 17-22ASIA,2.0,20.0,97.5,9.0718474,Mollusks
20,CLAM WHL BABY CKD VP 40-60 CHN,2.0,20.0,97.18,9.0718474,Mollusks
2,YOGURT PLAIN WHL MILK DAHI,4.0,80.0,95.72,36.2873896,Yogurt
1,BEET FRESH GOLD,4.0,100.0,94.04,45.359237,Root Vegetables
4,CILANTRO CLEAN WASH FRESH HERB,4.0,18.8,92.63,8.527536556000001,Stimulants & Spices (misc.)
6,SAUCE MARINARA PREMIUM MW,2.0,78.75,89.6,35.7203991375,Vegetable oils
1,TOMATILLO FRESH DEHUSKED,2.0,40.0,87.52,18.1436948,Other vegetables
1,SQUASH ZUCCHINI SMALL FCY FRSH,3.0,75.0,85.3,34.01942775,Other vegetables
1,PEPPER BELL RED HOT HSE,2.0,50.0,83.44,22.6796185,Stimulants & Spices (misc.)
2,PASTA MACARONI ELBOW SMOOTH,2.0,40.0,81.04,18.1436948,"Wheat/Rye (Bread, pasta, baked goods)"
1,SQUASH YELLOW S/N MEDIUM FRESH,3.0,72.0,78.28,32.658650640000005,Fruits (misc.)
6,BEAN GARBANZO FRESH RTE,2.0,48.0,76.78,21.77243376,Beans and pulses (dried)
1,BEET RED WITHOUT TOP FRESH,5.0,125.0,76.6,56.69904625,Root Vegetables
1,PINEAPPLE CHUNK IQF,2.0,40.0,75.79,18.1436948,Fruits (misc.)
10,TOMATO CHERRY MIX HEIRLOOM,2.0,13.5,73.48,6.123496995,Fruits (misc.)
12,GUACAMOLE CALIFORNIA HPP FRZ,1.0,12.0,71.67,5.4431084400000005,Fruits (misc.)
2,CREAM SOUR CREMA MEXICANA,3.0,30.0,70.32,13.6077711,Cream
8,TOFU FIRM SUPER ORGANIC,2.0,32.0,69.72,14.51495584,Soybeans/Tofu
1,MUSHROOM SLCD FRESH,3.0,30.0,68.79,13.6077711,Vegetables (misc.)
5,BUN HAMBURGER BRIOCHE 4IN,2.0,21.0,67.98,9.52543977,Pork (pig meat)
12,CEREAL HOT OAT OLD FASHIONED,1.0,32.2,66.07,14.605674314000002,Grains/cereals (except rice)
6,RICE BLK CHINA FORBIDDEN ORG,2.0,12.0,65.32,5.4431084400000005,Rice
30,BEEF PATTY 75/25 WIDE FRSH,1.0,15.0,63.91,6.80388555,Beef & buffalo meat
2,PEACH SLICED IQF,2.0,20.0,60.58,9.0718474,Fruits (misc.)
6,BUN PLAIN BAO FLD BTRFLY SHPD,1.0,8.0,56.63,3.62873896,"Wheat/Rye (Bread, pasta, baked goods)"
6,MILK SOY PLAIN 64OZ,2.0,48.0,55.76,21.77243376,Soy milk
1,OAT REGULAR GLUTEN FREE,1.0,25.0,55.66,11.33980925,Oats (Oatmeal)
1,APPLE GRANNYSMITH SLI IQF,1.0,30.0,54.43,13.6077711,Apples
384,CREAMER REAL DAIRY HALF & HALF,2.0,14.62,51.69,6.6315204494,Milk (cow's milk)
1,MANGO CHUNK IQF,1.0,20.0,51.15,9.0718474,Fruits (misc.)
200,HONEY PURE CUP,1.0,5.3,50.52,2.404039561,Sugars and sweeteners
288,CREAMER COFFEE FRCH VAN ND,2.0,18.0,49.87,8.164662660000001,Cream
24,DRINK ENERGY RED BULL,1.0,12.45,48.55,5.6472250065,Stimulants
24,DRINK ENERGY REDBULL SF,1.0,14.4,48.5,6.531730128,Stimulants
6,ONION FRENCH CRISPY TOPPING,1.0,9.0,47.92,4.082331330000001,Onions and Leeks
24,SAUCE CHILI SWEET,1.0,15.0,47.69,6.80388555,Vegetable oils
1,RICE JASMINE THAI,2.0,50.0,45.08,22.6796185,Rice
1,COFFEE COLD BREW BIB,1.0,11.94,44.26,5.4158928978,Coffee
64,CHIP POTATO BKD BIG GRAB,1.0,4.5,44.09,2.0411656650000003,"Wheat/Rye (Bread, pasta, baked goods)"
1,BRUSSEL SPROUT ICELS,1.0,25.0,43.51,11.33980925,Beans and pulses (dried)
6,GLAZE BALSAMIC,2.0,9.8,43.46,4.445205226000001,Stimulants
4,ONION DICED 3/8 YEL,1.0,20.0,42.87,9.0718474,Onions and Leeks
1,SEED CHIA BLK,1.0,10.0,42.49,4.535923700000001,Tree nuts and seeds
1,CHICKEN CVP DRM & THGH MXD HAL,1.0,40.0,42.28,18.1436948,"Poultry (chicken, turkey)"
6,VEGETABLE BLEND CHFCUT GERMANY,1.0,23.92,41.49,10.8499294904,Legumes (misc.)
6,VEGETABLE BLEND CHFCUT KEY LAR,1.0,24.0,41.45,10.88621688,Legumes (misc.)
4,CABBAGE RED SHRED 1/8,1.0,20.15,41.26,9.1398862555,Cabbages and other Brassicas (Broccoli)
12,YOGURT COCONUT ALMND LOCO FLIP,2.0,7.96,41.2,3.6105952652,Yogurt
12,YOGURT KEY LIME CRUMBLE FLIP,2.0,10.0,41.2,4.535923700000001,Yogurt
4,CARROT DICED 3/8,1.0,20.0,41.03,9.0718474,Root Vegetables
6,VEGETABLE BLND RSTD CORN PEPR,1.0,15.0,40.39,6.80388555,Legumes (misc.)
4,SWEETENER LIQUID AGAVE,1.0,13.05,39.83,5.9193804285,Sugars and sweeteners
12,VEGETABLE BLEND CALIF GR A,1.0,24.0,39.53,10.88621688,Legumes (misc.)
150,CRACKER OYSTER NEW ENGLAND,2.0,9.38,37.22,4.2546964306,"Wheat/Rye (Bread, pasta, baked goods)"
12,YOGURT BLACK CHERRY GREEK NF,2.0,9.0,36.06,4.082331330000001,Yogurt
12,YOGURT BLUEBERRY GREEK NON FAT,2.0,8.0,36.06,3.62873896,Yogurt
12,YOGURT PEACH GREEK NONFAT,2.0,8.0,36.06,3.62873896,Yogurt
12,YOGURT PINEAPPLE GREEK 2%,2.0,9.0,36.06,4.082331330000001,Yogurt
12,YOGURT PLAIN NONFAT GREEK,2.0,7.95,36.06,3.6060593415,Yogurt
12,YOGURT STWBRY GREEK NON FAT,2.0,8.0,36.06,3.62873896,Yogurt
12,YOGURT POMEGRANATE GREEK NF,2.0,9.0,36.06,4.082331330000001,Yogurt
12,YOGURT RASPBERRY GREEK NF,2.0,9.0,36.06,4.082331330000001,Yogurt
4,CARROT SHRD FRSH MATCH STK,1.0,20.0,35.86,9.0718474,Root Vegetables
12,VINEGAR BALSAMIC ITALY,1.0,12.6,33.93,5.7152638620000005,Stimulants
1200,SUGAR TURBINADO,1.0,12.15,33.82,5.511147295500001,Sugars and sweeteners
2,FRUIT DRAGON DICED PINK IQF,1.0,10.0,32.41,4.535923700000001,Fruits (misc.)
6,KALE CHOPPED,1.0,12.0,28.99,5.4431084400000005,Cabbages and other Brassicas (Broccoli)
1,POTATO SWEET #1 STANDARD,1.0,40.0,28.79,18.1436948,Cassava and Other Roots
60,DRESSING CAESAR CREAMY PKT,1.0,5.63,26.25,2.5537250431,Vegetable oils
10,BEET RED PLD & COOKED,1.0,11.0,26.21,4.9895160700000005,Root Vegetables
288,CREAMER COFFEE HAZLENUT ND,1.0,7.913,25.47,3.5892764238100003,Cream
60,DRESSING BLUE CHEESE PACKET,1.0,5.63,24.16,2.5537250431,Cheese
1,PEPPER SUNTAN BELL FRESH,1.0,24.0,24.09,10.88621688,Stimulants & Spices (misc.)
4,PARSLEY CLN/WASH FRESH HERB,1.0,4.0,23.72,1.81436948,Grains/cereals (except rice)
1,RICE BROWN PARBOILED WHLGRN QC,1.0,25.5,23.12,11.566605435,Rice
1,POTATO BAKING IDAHO 60CT FRSH,1.0,50.0,22.89,22.6796185,Potatoes
4,CABBAGE GREEN SHRD FRSH W/BAG,1.0,20.0,22.84,9.0718474,Cabbages and other Brassicas (Broccoli)
60,DRESSING RANCH PACKET,1.0,5.62,21.72,2.5491891194000003,Vegetable oils
24,WATER SPARKLING MANGO,1.0,20.0,20.87,9.0718474,Fruits (misc.)
24,WATER SPARKLING,1.0,20.0,20.87,9.0718474,Uncategorized
2,TOMATO DICED 3/8IN TRAY,1.0,10.0,20.69,4.535923700000001,Tomatoes
24,WATER SPARKLING LMN,1.0,18.0,20.46,8.164662660000001,Citrus Fruit
60,DRESSING HONEY MUSTARD PKT,1.0,5.63,19.91,2.5537250431,Tree nuts and seeds
6,SNACK BAR CARAMEL ALMD SEA SLT,0.0,1.05,19.36,0.4762719885,Tree nuts and seeds
6,SNACK BAR CRAN ALMOND PLUS,0.0,1.166,19.25,0.5288887034199999,Tree nuts and seeds
6,SNACK BAR ALMOND AND COCONT,0.0,1.283,18.9,0.58195901071,Tree nuts and seeds
6,SNACK BAR BLUBRY VAN & CASHEW,0.0,1.05,18.79,0.4762719885,Tree nuts and seeds
60,DRESSING 1000 ISLAND PACKET,1.0,5.63,18.36,2.5537250431,Vegetable oils
60,DRESSING ITALIAN GOLDEN PACKET,1.0,5.63,18.12,2.5537250431,Vegetable oils
60,DRESSING FRENCH CREAMY PACKET,1.0,5.63,17.11,2.5537250431,Vegetable oils
60,DRESSING BALSAMIC VINGT PKT,1.0,5.63,15.76,2.5537250431,Vegetable oils
24,WATER SPARKLING PASSIONFRUIT,1.0,20.0,14.86,9.0718474,Fruits (misc.)
24,WATER SPARKLING PEACH PEAR,1.0,20.0,14.86,9.0718474,Fruits (misc.)
24,WATER SPARKLING TANGERINE CAN,1.0,18.0,14.86,8.164662660000001,Uncategorized
24,WATER SPARKLING APRCT,1.0,20.0,14.86,9.0718474,Uncategorized
24,WATER SPARKLING BERRY,1.0,18.0,14.86,8.164662660000001,Berries
24,WATER FLAVOR COCONUT CAN,1.0,18.0,14.86,8.164662660000001,Tree nuts and seeds
24,WATER SPARKLING KEY LIME CAN,1.0,18.0,14.86,8.164662660000001,Citrus Fruit
24,WATER SPARKLING LIME,1.0,18.0,14.86,8.164662660000001,Citrus Fruit
24,WATER SPARKLING GRAPEFRUIT,1.0,17.99,14.45,8.1601267363,Fruits (misc.)
2,ONION RED DICED 3/8,0.0,0.0,0.0,0.0,Onions and Leeks
48,BEEF PATTY 80/20 GRASSFD HALAL,0.0,0.0,0.0,0.0,Beef & buffalo meat
4,CHICKEN CVP THIGH B/S HALAL,18.0,720.0,1493.96,326.5865064,"Poultry (chicken, turkey)"
4,CHICKEN CVP BRST 6OZ HAL,16.0,320.0,1458.24,145.14955840000002,"Poultry (chicken, turkey)"
1,SALMON FIL BAY OF FUNDY SKLS,10.0,117.442,1445.33,53.27079511754,Fish (finfish)
4,JUICE ORANGE,24.0,912.0,1326.0,413.67624144,Citrus Fruit
2,EGG WHL LIQUID FRSH W/CITRC,15.0,600.0,1295.7,272.155422,Eggs
24,WATER SPARKLING,60.0,1200.0,1071.9,544.310844,Uncategorized
4,SHRIMP WHT P&D TLOF 31/40,20.0,200.0,1068.4,90.718474,Crustaceans (shrimp/prawns)
1,MELON HONEYDEW FRSH,26.0,624.0,1050.04,283.04163888,Fruits (misc.)
24,SODA COKE DIET,50.0,888.125,1046.0,402.84672360625,Stimulants
114,SAUSAGE CHICKEN FOUR PPR VEG/C,17.0,170.0,831.98,77.1107029,Legumes (misc.)
1,PINEAPPLE FRESH GOLDEN RIPE,32.0,384.0,801.92,174.17947008000002,Fruits (misc.)
1,MELON CANTALOUPE FRESH,19.0,655.5,800.88,297.329798535,Fruits (misc.)
12,WATER COCONUT JUICE 100%,40.0,360.0,772.4,163.2932532,Tree nuts and seeds
2,BEEF FOR STEW FRZN,10.0,100.35,678.77,45.5179943295,Beef & buffalo meat
2,EGG LIQ WHL CAGE FREE W/CITRIC,4.0,160.0,644.76,72.57477920000001,Eggs
24,SODA COCA COLA CLS,30.0,600.0,640.4,272.155422,Stimulants
6,MILK HOMO ORGANIC,21.0,504.0,614.67,228.61055448,Milk (cow's milk)
1,POTATO FINGERLING MIX,6.0,300.0,551.4,136.077711,Potatoes
40,WATER BOTTLED DRINKING,40.0,1824.0,529.6,827.35248288,Uncategorized
1,BRUSSEL SPROUT ICELS,11.0,275.0,528.11,124.73790175,Beans and pulses (dried)
1,EGG HARDBOILED WHL PEEL SEL,6.0,150.0,526.56,68.0388555,Eggs
8,JUICE APPLE 100% PET,15.0,570.0,519.3,258.5476509,Apples
160,ROLL DINNER ASST THAW AND SERV,10.0,148.0,483.7,67.13167076,Rice
8,STRAWBERRY FRESH DRISCOLL,12.0,96.0,476.76,43.54486752,Berries
1,BROCCOLI RABE RAPINI FRSH,10.0,200.0,456.72,90.718474,Cabbages and other Brassicas (Broccoli)
2,BEAN GREEN TRIMMED FRSH,18.0,188.1,454.44,85.320724797,Beans and pulses (dried)
8,TOFU FIRM SUPER ORGANIC,13.0,208.0,453.18,94.34721296,Soybeans/Tofu
6,OIL OLIVE BLEND 90/10,7.0,340.2,452.19,154.312124274,Olives (Oil)
8,JUICE CRNBRY RTS PET,15.0,519.21,445.35,235.50969442770003,Citrus Fruit
12,CREAMER HALF & HALF ESL,10.0,256.5,441.4,116.346442905,Milk (cow's milk)
5,BEEF STRIP LOIN 0X1 FRSH,1.0,66.0,440.95,29.937096420000003,Beef & buffalo meat
4,GARLIC PEELED FRESH,4.0,80.0,420.1,36.2873896,Stimulants & Spices (misc.)
24,SODA SPRITE CANS,20.0,360.0,413.8,163.2932532,Stimulants
8,CAKE TRES LECHES STYLE CUP,17.0,56.355,406.64,25.56219801135,"Wheat/Rye (Bread, pasta, baked goods)"
2,BATTER MUFFIN CAPPUC CHOC CHNK,7.0,112.0,398.98,50.80234544,"Wheat/Rye (Bread, pasta, baked goods)"
4,CHEESE CHDR SHRP FTHR SHRD YEL,6.0,120.0,395.08,54.4310844,Cheese
1,MELON HONEYDEW FRSH,12.0,150.0,387.36,68.0388555,Fruits (misc.)
1,OIL SALAD CANOLA ZTF,11.0,385.0,385.88,174.63306245,Rapeseed/canola (Oil)
2,SALMON ATL SMK SLI FIL USA,5.0,26.88,384.44,12.1925629056,Fish (finfish)
2,BATTER MUFFIN BLUEBERRY,7.0,112.0,368.9,50.80234544,"Wheat/Rye (Bread, pasta, baked goods)"
1,BACON LAYFLAT 18/22 SMOKED,5.0,75.0,364.5,34.01942775,Pork (pig meat)
2,POTATO CKD RED SKON WDG 8 CUT,9.0,180.0,358.38,81.6466266,Potatoes
6,MILK SOY PLAIN 64OZ,13.0,312.0,355.42,141.52081944,Soy milk
2,BATTER MUFFIN LEMON POPPYSEED,7.0,112.0,350.07,50.80234544,"Wheat/Rye (Bread, pasta, baked goods)"
2,BATTER MUFFIN CORN,7.0,112.0,344.05,50.80234544,"Wheat/Rye (Bread, pasta, baked goods)"
12,GUACAMOLE CALIFORNIA HPP FRZ,5.0,60.0,337.53,27.2155422,Fruits (misc.)
6,SAUCE SOY GLUTEN FREE,4.0,124.0,334.32,56.24545388,Vegetable oils
1,SALMON ATL FIL E-TRIM 2-3# CHL,3.0,34.4,328.35,15.603577528,Fish (finfish)
48,COOKIE LEMON BLUBRY MANFSTO IW,5.0,42.0,321.25,19.05087954,"Wheat/Rye (Bread, pasta, baked goods)"
2,SAUSAGE CHORIZO VEGAN BULK,5.0,50.0,316.1,22.6796185,Legumes (misc.)
24,SODA GINGER ALE CUBE,20.0,417.0,308.8,189.14801829,Stimulants
6,BEAN BLACK FRESH READY TO EAT,8.0,192.0,307.06,87.08973504000001,Beans and pulses (dried)
200,HONEY PURE CUP,7.0,49.0,305.9,22.22602613,Sugars and sweeteners
1,SQUASH ZUCCHINI SMALL FCY FRSH,11.0,275.0,304.34,124.73790175,Other vegetables
1,BANANA FRESH GREEN TIP,12.0,516.0,300.37,234.05366292,Bananas
2,BATTER MUFFIN RED VELVET,7.0,112.0,298.13,50.80234544,"Wheat/Rye (Bread, pasta, baked goods)"
4,APTZR VEG FALAFEL BALL,6.0,96.0,294.6,43.54486752,Legumes (misc.)
24,DRINK ENERGY RED BULL,6.0,74.7,291.3,33.883350039,Stimulants
24,DRINK ENERGY REDBULL SF,6.0,86.4,291.0,39.190380768,Stimulants
4,CEREAL GRANOLA OATS N HNY PARF,4.0,50.0,280.2,22.6796185,Grains/cereals (except rice)
4,JUICE ORANGE PSTRZD ULTRA PREM,6.0,210.0,280.08,95.2543977,Citrus Fruit
1,BROCCOLI CROWN ASIAN ICELS,8.0,160.0,279.12,72.57477920000001,Cabbages and other Brassicas (Broccoli)
48,COOKIE CHOC CHUNK IW SANDY S,4.0,36.24,270.68,16.4381874888,"Wheat/Rye (Bread, pasta, baked goods)"
1,GRAPE RED SEEDLS LG,4.0,72.0,267.13,32.658650640000005,Citrus Fruit
12,POTATO H/BRN PTY 2.25 OZ,4.0,135.0,264.24,61.23496995,Potatoes
4,CHEESE MOZZARELLA SHRD WHL MLK,4.0,80.0,257.41,36.2873896,Cheese
4,ONION DICED 3/8 YEL,6.0,120.0,257.22,54.4310844,Onions and Leeks
1,SYRUP LIQUID SWTNR NON NUTRITV,2.0,43.72,252.28,19.8310584164,Sugars and sweeteners
1,PEPPER SWEET BELL MEDLEY HH,6.0,120.0,250.32,54.4310844,Stimulants & Spices (misc.)
4,OIL OLIVE EXTRA VIRGIN ROBUSTO,2.0,48.38,239.54,21.9447988606,Olives (Oil)
12,BLUEBERRY FRESH,5.0,63.75,239.19,28.916513587500003,Berries
16,BACON TURKEY SLI,4.0,48.0,234.68,21.77243376,"Poultry (chicken, turkey)"
2,PASTA PENNE RIGATE MINI,5.0,98.5,234.4,44.678848445,"Wheat/Rye (Bread, pasta, baked goods)"
6,SNACK BAR CARAMEL ALMD SEA SLT,2.0,12.6,232.02,5.7152638620000005,Tree nuts and seeds
6,SNACK BAR ALMOND AND COCONT,2.0,15.4,226.48,6.985322498,Tree nuts and seeds
6,SNACK BAR BLUBRY VAN & CASHEW,2.0,12.6,225.32,5.7152638620000005,Tree nuts and seeds
1,BACON LAYOUT APPLEWOOD 13/17,3.0,45.0,223.38,20.41165665,Pork (pig meat)
6,QUINOA GRAIN TRI COLORED,4.0,48.0,222.64,21.77243376,Grains/cereals (except rice)
6,SNACK BAR CHOC DARK CHRY CASHW,2.0,14.0,222.54,6.35029318,Tree nuts and seeds
2,BATTER MUFFIN PISTCH,3.0,54.0,222.3,24.49398798,"Wheat/Rye (Bread, pasta, baked goods)"
24,SODA COKE ZERO CANS SUITECASE,10.0,189.6,222.0,86.001113352,Stimulants
1,CARROT BABY PLD 1 TOP,10.0,50.0,220.1,22.6796185,Root Vegetables
120,COOKIE SANDWICH OREO 1.59 OZ,4.0,47.52,219.44,21.5547094224,"Wheat/Rye (Bread, pasta, baked goods)"
6,MILK ORIGINAL OAT XTRA CREAMY,11.0,241.56,219.01,109.5697728972,Oat milk
100,CHEESE CREAM GARDEN VEGETABLE,5.0,31.25,214.7,14.1747615625,Cheese
6,PAN COATING BUTR SPRAY,6.0,38.22,212.88,17.3363003814,Vegetable oils
216,PRESERVE ASSORTED,3.0,19.68,207.57,8.926697841600001,Uncategorized
24,WATER SPARKLING LMN,10.0,180.0,204.6,81.6466266,Citrus Fruit
36,BEEF GRND PTY 75\25 T\G FRZ,4.0,63.0,199.68,28.57631931,Beef & buffalo meat
24,WATER SPARKLING MANGO,10.0,200.0,196.68,90.718474,Fruits (misc.)
6,MILK SKIM UHT,13.0,327.6,193.83,148.596860412,Milk (cow's milk)
24,WATER SPARKLING ORG,10.0,200.0,193.4,90.718474,Uncategorized
104,CHIP POTATO BBQ SS,4.0,26.0,186.88,11.79340162,"Wheat/Rye (Bread, pasta, baked goods)"
104,CHIP POTATO REG SNG SRV,4.0,26.0,186.88,11.79340162,"Wheat/Rye (Bread, pasta, baked goods)"
104,CHIP POTATO SRCRM & ONION SS,4.0,26.0,186.88,11.79340162,"Wheat/Rye (Bread, pasta, baked goods)"
1,RICE JASMINE,5.0,123.5,183.8,56.018657695,Rice
168,CHEESE MOZZ STRING,4.0,42.0,183.52,19.05087954,Cheese
1,COD ATL LOIN IQF 6 OZ ASIA,2.0,20.0,181.44,9.0718474,Fish (finfish)
100,CHEESE CREAM ORIG SPREAD CUP,5.0,23.44,180.35,10.6322051528,Cheese
100,CHEESE CREAM LIGHT,5.0,23.4,179.75,10.614061458,Cheese
12,VEGETABLE MIX 5 WAY GR A P,3.0,90.0,176.22,40.8233133,Legumes (misc.)
1,EGG HARDBOILED WHLPEL SEL FRZN,2.0,50.0,175.52,22.6796185,Eggs
6,TOMATO DICED FIRE ROASTED,3.0,114.75,174.81,52.049724457500005,Tomatoes
2,BATTER MUFFIN CRNBRY ORNG NUT,3.0,48.0,171.39,21.77243376,"Wheat/Rye (Bread, pasta, baked goods)"
2,BATTER MUFFIN SUNRISE,3.0,48.0,171.06,21.77243376,"Wheat/Rye (Bread, pasta, baked goods)"
5,BUN HAMBURGER BRIOCHE 4IN,5.0,52.5,169.95,23.813599425,Pork (pig meat)
4,BROWNIE CHOC CHUNK FABULOUS,2.0,22.48,168.3,10.1967564776,"Wheat/Rye (Bread, pasta, baked goods)"
12,YOGURT BLACK CHERRY GREEK NF,9.0,40.5,162.27,18.370490985,Yogurt
12,YOGURT COCONUT GREEK BLNDED,9.0,35.775,162.27,16.22726703675,Yogurt
12,YOGURT PEACH GREEK NONFAT,9.0,36.0,162.27,16.329325320000002,Yogurt
12,YOGURT PLAIN NONFAT GREEK,9.0,35.775,162.27,16.22726703675,Yogurt
12,YOGURT POMEGRANATE GREEK NF,9.0,40.5,162.27,18.370490985,Yogurt
12,YOGURT VANILLA GREEK NON FAT,9.0,40.5,162.27,18.370490985,Yogurt
12,YOGURT STRAW/BAN GREEK 2%,9.0,40.5,162.27,18.370490985,Yogurt
6,VEGETABLE BLND RSTD CORN PEPR,4.0,60.0,161.58,27.2155422,Legumes (misc.)
2,BATTER MUFFIN BANANA NUT,3.0,48.0,161.25,21.77243376,"Wheat/Rye (Bread, pasta, baked goods)"
4,APTZR CHEESE MAC PIMENTO FRTTR,1.0,12.5,161.0,5.669904625,Cheese
3,SPRINGROLL VEGETABLE,2.0,18.0,160.28,8.164662660000001,Legumes (misc.)
24,WATER STILL BLUE BTL GLASS,6.0,210.0,156.06,95.2543977,Uncategorized
24,WATER SPRING SPRKLG BLUE GLASS,6.0,203.7,156.06,92.396765769,Uncategorized
48,BROWNIE CHOC IW MANIF GF,2.0,17.4,155.96,7.892507237999999,"Wheat/Rye (Bread, pasta, baked goods)"
4,BEEF GRND BULK 81/19 CHUB FRS,2.0,40.0,153.84,18.1436948,Beef & buffalo meat
5,BUTTER CHIP CNTL USDA AA 59CT,2.0,34.0,153.84,15.42214058,Butter
1,TOMATO GRAPE FRSH,4.0,40.0,153.36,18.1436948,Tomatoes
12,CAULIFLOWER CELLO WRPD FRSH,4.0,106.2,149.8,48.171509694,Cabbages and other Brassicas (Broccoli)
1,APTZR MUSHROOM ARANCINI,1.0,8.56,148.98,3.8827506872000006,Vegetables (misc.)
24,WATER SPARKLING KEY LIME CAN,10.0,180.0,148.6,81.6466266,Citrus Fruit
24,WATER SPARKLING LIME,10.0,180.0,148.6,81.6466266,Citrus Fruit
24,WATER FLAVOR COCONUT CAN,10.0,180.0,148.6,81.6466266,Tree nuts and seeds
24,WATER SPARKLING PASSIONFRUIT,10.0,200.0,148.6,90.718474,Fruits (misc.)
24,WATER SPARKLING APRCT,10.0,200.0,148.6,90.718474,Uncategorized
2,WATER SPARKLING BEACH PLUM,10.0,180.0,148.6,81.6466266,Fruits (misc.)
24,WATER SPARKLING BERRY,10.0,180.0,148.6,81.6466266,Berries
24,WATER SPARKLING CRAN RASP,10.0,200.0,148.6,90.718474,Berries
4,LETTUCE FRESH TENDER GREENS,4.0,48.0,147.89,21.77243376,Cabbages and other Brassicas (Broccoli)
4,LETTUCE ROMAINE HEART OF FRSH,4.0,85.6,147.56,38.827506872,Cabbages and other Brassicas (Broccoli)
4,DIP HUMMUS CHEF PCH CLS RECIPE,4.0,35.2,147.52,15.966451424000002,Vegetable oils
24,WATER SPARKLING GRAPEFRUIT,10.0,179.9,146.14,81.601267363,Fruits (misc.)
12,YOGURT RASPBERRY GREEK NF,8.0,36.0,144.24,16.329325320000002,Yogurt
12,YOGURT PINEAPPLE GREEK 2%,8.0,36.0,144.24,16.329325320000002,Yogurt
12,YOGURT MANGO GREEK 2%,8.0,32.0,144.24,14.51495584,Yogurt
12,YOGURT BLUEBERRY GREEK NON FAT,8.0,32.0,144.24,14.51495584,Yogurt
12,YOGURT STWBRY GREEK NON FAT,8.0,32.0,144.24,14.51495584,Yogurt
6,TEA HOT BAG HERBAL MINT MEDLY,5.0,3.665,144.2,1.66241603605,Stimulants
4,PARSLEY CLN/WASH FRESH HERB,6.0,24.0,141.45,10.88621688,Grains/cereals (except rice)
104,POPCORN CHEDDAR WHT ORIG,3.0,12.18,140.16,5.5247550666,Corn (Maize)
104,CHIP TORTILLA COOLER RANCH SS,3.0,19.5,140.16,8.845051215,"Wheat/Rye (Bread, pasta, baked goods)"
104,CHIP TORTILLA NACHO CHS SS,3.0,19.5,140.16,8.845051215,"Wheat/Rye (Bread, pasta, baked goods)"
1,TOMATO SUNDRIED JULIENNE,3.0,15.0,139.41,6.80388555,Tomatoes
2,PEPPER GREEN DICED FRESH,3.0,30.0,138.51,13.6077711,Stimulants & Spices (misc.)
4,ONION RED FRSH SLICED 1/8,2.0,40.0,137.66,18.1436948,Onions and Leeks
120,COOKIE FIG NEWTON CAKE,2.0,32.8,137.58,14.877829736,"Wheat/Rye (Bread, pasta, baked goods)"
1,SQUASH YELLOW S/N MEDIUM FRESH,7.0,168.0,135.38,76.20351816,Fruits (misc.)
3,SALAMI ITALIAN SOPRESATA,1.0,19.42,133.14,8.808763825400002,Pork (pig meat)
107,DOUGH COOKIE CHOC CHIP GOURMT,2.0,42.0,131.86,19.05087954,"Wheat/Rye (Bread, pasta, baked goods)"
12,CRACKER ASSORTMENT FOR CHEESE,2.0,14.2,130.76,6.441011654,Cheese
12,BREAD PITA PLAIN 2 OZ 6 IN,3.0,27.0,130.38,12.24699399,"Wheat/Rye (Bread, pasta, baked goods)"
12,SALT KOSHER FLAKE COARSE,2.0,74.2,130.38,33.656553854,Stimulants & Spices (misc.)
36,BUTTER SOLID UNSLTD USDA AA,1.0,36.0,129.02,16.329325320000002,Butter
2,CHICKEN BRST PTY BRD PCK 3.45Z,3.0,31.05,128.94,14.0840430885,"Poultry (chicken, turkey)"
1,SQUASH YEL S/N SMALL FCY FRESH,4.0,76.0,127.08,34.47302012,Fruits (misc.)
4,DRESSING BALSAMIC VINEGARETTE,2.0,68.0,126.02,30.84428116,Vegetable oils
1,SYRUP LIQUID SWEETENER HFCS,4.0,223.24,125.92,101.2599606788,Sugars and sweeteners
1,LEMON CHOICE FRESH,3.0,120.0,125.37,54.4310844,Citrus Fruit
24,SAUCE HOT CHIPOTLE,2.0,16.5,125.2,7.484274105000001,Vegetable oils
1,PEAR FRESH,2.0,76.0,124.6,34.47302012,Fruits (misc.)
180,ROLL DINNER FRENCH,2.0,24.75,121.74,11.2264111575,Rice
100,CHURRO PRFRD MEXICAN PASTRY,2.0,15.86,121.74,7.1939749882,"Wheat/Rye (Bread, pasta, baked goods)"
6,SAUCE TERIYAKI GLAZE,2.0,63.5,120.7,28.803115495,Vegetable oils
6,SOUP BASE VEG ULTM GF,2.0,12.0,120.34,5.4431084400000005,Legumes (misc.)
6,TEA HOT BAG GREEN,4.0,7.6,119.52,3.447302012,Stimulants
24,WATER SPARKLING PEACH PEAR,8.0,160.0,118.88,72.57477920000001,Fruits (misc.)
24,WATER SPARKLING TANGERINE CAN,8.0,144.0,118.88,65.31730128000001,Uncategorized
88,PRETZEL TINY TWIST CLS SS,3.0,16.5,118.59,7.484274105000001,"Wheat/Rye (Bread, pasta, baked goods)"
6,TEA HOT BAG HERBAL I LOV LEMN,4.0,2.884,118.4,1.30816039508,Stimulants
6,CORN YEL RSTD,3.0,45.0,117.9,20.41165665,Corn (Maize)
6,TEA EARLGREY,4.0,6.4,117.68,2.902991168,Stimulants
2,TOMATO DICED 3/8IN TRAY,5.0,50.0,115.75,22.6796185,Tomatoes
6,SNACK BAR CRAN ALMOND PLUS,1.0,7.0,115.38,3.17514659,Tree nuts and seeds
6,TEA LEMON LIFT,4.0,7.4,115.36,3.356583538,Citrus Fruit
50,SAUSAGE VEGETARIAN ITAL HOT,1.0,11.0,114.74,4.9895160700000005,Legumes (misc.)
6,SNACK BAR PEANUT BUTR CHOC,1.0,8.0,113.41,3.62873896,Peas
6,SNACK BAR DK CHOC NUT SEA SALT,1.0,7.7,112.89,3.492661249,Tree nuts and seeds
24,WATER SPRKLG MINERAL GLASS,4.0,68.72,111.44,31.1708676664,Uncategorized
2,PASTA ROTINI/SPIRAL GARDEN,2.0,38.2,109.36,17.327228534000003,"Wheat/Rye (Bread, pasta, baked goods)"
4,OLIVE KALAMATA PTD PLAS KEG,1.0,17.0,109.36,7.71107029,Other vegetables
6,CHILI CRISP SPICY 7OZ,2.0,10.2,109.36,4.626642174,Stimulants
6,SAUCE MARINARA PREMIUM CA,2.0,78.75,107.52,35.7203991375,Vegetable oils
12,HONEY PURE CLVR GR A TSC BEAR,2.0,17.6,105.78,7.983225712000001,Sugars and sweeteners
2,CHICKEN BRST NUG TEMPURA BTR,4.0,40.0,103.92,18.1436948,"Poultry (chicken, turkey)"
1,APPLE RED DEL FANCY FRESH,3.0,120.0,102.72,54.4310844,Apples
6,CHEESE CREAM TUB,1.0,18.0,102.44,8.164662660000001,Cheese
1,APPLE GLDN DEL X-FANCY FRESH,2.0,80.0,98.32,36.2873896,Apples
2,SALSA PICO DE GALLO,3.0,30.0,98.31,13.6077711,Stimulants
1,AVOCADO HASS BRKNG #2 GUAC PAK,2.0,47.0,97.95,21.31884139,Fruits (misc.)
6,CORN BABY WHL IN BRINE 130/150,1.0,46.0,97.34,20.86524902,Corn (Maize)
4,DRESSING ITAL LITE,2.0,70.8,96.76,32.114339796,Vegetable oils
12,TOFU EXTRA FIRM WTR PK NON-GMO,5.0,60.0,96.4,27.2155422,Soybeans/Tofu
1,EGG SHELL LRG BRN A CAGE FREE,2.0,45.0,95.97,20.41165665,Eggs
2,LAMB GROUND DOM 296 FINE,1.0,10.0,95.38,4.535923700000001,Lamb/mutton & goat meat
1,CRANBERRY DRIED INFUSED,4.0,19.4,94.56,8.799691978,Berries
60,COOKIE MILANO,2.0,7.53,94.22,3.4155505461000004,"Wheat/Rye (Bread, pasta, baked goods)"
3,COCOA PWDR,1.0,6.61,94.16,2.9982455657000004,Tree nuts and seeds
24,SUGAR GRANULATED CANSTR CANE,2.0,60.0,93.98,27.2155422,Sugars and sweeteners
4,CILANTRO CLEAN WASH FRESH HERB,4.0,18.8,92.9,8.527536556000001,Stimulants & Spices (misc.)
1,CABBAGE NAPA CHINESE FRESH,2.0,60.0,92.7,27.2155422,Cabbages and other Brassicas (Broccoli)
2,POTATO SLI CKD RST SKLS 1/8 FZ,4.0,80.0,92.0,36.2873896,Potatoes
1,MUSHROOM SLCD FRESH,4.0,40.0,91.72,18.1436948,Vegetables (misc.)
1,CORN COB PET SUPER SWEET FROZ,2.0,58.0,91.14,26.30835746,Corn (Maize)
4,SPINACH CLIPPED FRESH,3.0,30.0,90.36,13.6077711,Cabbages and other Brassicas (Broccoli)
30,KETCHUP SQUEEZE UPSIDE DOWN,1.0,37.5,90.17,17.009713875,Tomatoes
1,CELERY FRESH,2.0,110.7,87.57,50.212675359,Other vegetables
24,RAISIN SEEDLESS GOLDEN,1.0,24.0,82.95,10.88621688,Fruits (misc.)
6,POTATO FRY 3/8,2.0,60.0,82.0,27.2155422,Potatoes
6,TEA HERBAL COZY CHAMOMILE,4.0,2.92,81.8,1.3244897204,Pork (pig meat)
48,BURGER BLACK BEAN VEGGIE G/F,1.0,12.6,81.72,5.7152638620000005,Beans and pulses (dried)
1,TOMATO ROMA UTILITY FRESH,2.0,50.0,81.58,22.6796185,Tomatoes
2,CAKE TRES LECHE,1.0,11.08,81.41,5.0258034596000005,"Wheat/Rye (Bread, pasta, baked goods)"
4,DRESSING CAESAR CREAMY LIBERTY,1.0,32.6,81.27,14.787111262000002,Vegetable oils
2000,SUGAR SUB SWEETENER SPLENDA,2.0,8.8,79.66,3.9916128560000006,Sugars and sweeteners
12,VEGETABLE BLEND CALIF GR A,2.0,48.0,79.06,21.77243376,Legumes (misc.)
4,SHRIMP WHT P&D TLON 16/20CT,1.0,10.0,78.59,4.535923700000001,Crustaceans (shrimp/prawns)
6,COCOA MIX INDIV,1.0,13.688,78.09,6.20877236056,Tree nuts and seeds
2,DRINK FRUIT PUNCH ALL STARS 12,4.0,72.0,78.04,32.658650640000005,Fruits (misc.)
24,DRINK FRUIT PUNCH G2,4.0,72.0,78.04,32.658650640000005,Fruits (misc.)
24,DRINK GRAPE G2,4.0,68.8,78.04,31.207155056,Citrus Fruit
2,DRINK LMN/LM ALL STAR 12 OZ,4.0,71.84,78.04,32.5860758608,Citrus Fruit
2,DRINK ORANGE ALL STARS 12 OZ,4.0,71.84,78.04,32.5860758608,Citrus Fruit
720,BUTTER CUP USDA AA,2.0,16.0,77.32,7.25747792,Butter
6,OIL OLIVE EXTRA VIRGIN,1.0,5.19,77.11,2.3541444003000005,Olives (Oil)
1,AVOCADO HASS GREEN FRESH,1.0,24.7,76.95,11.203731539,Fruits (misc.)
6,BEAN GARBANZO FRESH RTE,2.0,48.0,76.74,21.77243376,Beans and pulses (dried)
8,JUICE LEMON,2.0,51.38,75.84,23.305575970600003,Citrus Fruit
1,PASTA RAVIOLI BUTTERNUT SQUARE,2.0,10.0,75.34,4.535923700000001,"Wheat/Rye (Bread, pasta, baked goods)"
5,SEAFOOD MIX MEDLEY IQF THA,1.0,10.0,74.54,4.535923700000001,Animal fats
2,BACON BIT REAL CKD 3/8 GF,1.0,10.0,73.47,4.535923700000001,Pork (pig meat)
1,APPLE RED DEL FANCY FRESH,2.0,80.0,72.9,36.2873896,Apples
1,ORANGE FANCY FRESH,2.0,80.0,72.72,36.2873896,Citrus Fruit
4,DIP HUMMUS CHF PCH FRRST RD PR,2.0,17.76,72.26,8.055800491200001,Vegetable oils
4,CARROT SHRD FRSH MATCH STK,2.0,40.0,71.72,18.1436948,Root Vegetables
60,CHEESE BRIE MINI,1.0,3.38,71.56,1.5331422106,Cheese
1,CUCUMBER ENGLISH LONG,5.0,60.0,71.25,27.2155422,Other vegetables
1,EGGPLANT FRESH,3.0,81.0,70.26,36.74098197,Other vegetables
12,CREAM HEAVY WHIPPING 36% ESL,1.0,25.66,70.25,11.6391802142,Cream
6,VEGETABLE BLND RST PEPR ONION,2.0,30.0,69.7,13.6077711,Legumes (misc.)
2,CREAM SOUR CREMA MEXICANA,3.0,30.0,69.54,13.6077711,Cream
2,ARUGULA BABY FRESH,4.0,16.0,69.53,7.25747792,Cabbages and other Brassicas (Broccoli)
60,COOKIE MINI CHIPS AHOY,2.0,15.0,69.36,6.80388555,"Wheat/Rye (Bread, pasta, baked goods)"
4,SYRUP MAPLE PURE DARK ROBUST,0.0,11.002,68.09,4.9904232547400005,Sugars and sweeteners
213,DOUGH COOKIE CHOC CHUNK,1.0,20.0,67.92,9.0718474,"Wheat/Rye (Bread, pasta, baked goods)"
1200,SUGAR TURBINADO PACKET CANE,2.0,23.0,66.94,10.43262451,Sugars and sweeteners
8,CROUTON HMSTY BUTR GRLC ZTF,1.0,20.0,66.42,9.0718474,"Wheat/Rye (Bread, pasta, baked goods)"
1,GRAPE GREEN SEEDLS LG,1.0,18.0,65.98,8.164662660000001,Citrus Fruit
1,TUNA AHI STEAK 8OZ TASTLS SMK,1.0,10.0,65.17,4.535923700000001,Beef & buffalo meat
12,CRACKER RICE PLAIN,2.0,7.0,65.08,3.17514659,"Wheat/Rye (Bread, pasta, baked goods)"
12,MAYONNAISE SQUEEZE BTL,1.0,8.62,64.16,3.9099662294,Vegetable oils
2,SAUCE ORANGE GNGR,1.0,20.0,64.05,9.0718474,Citrus Fruit
2,CHICKEN BRST BRD PCK HMSTY,2.0,20.0,62.6,9.0718474,"Poultry (chicken, turkey)"
4,PEPPER BANANA MILD RING 1100CT,1.0,36.0,62.14,16.329325320000002,Bananas
72,SNACK TRAIL MIX FRUIT & NUT,1.0,9.0,62.02,4.082331330000001,Tree nuts and seeds
120,SNACK BAR GRANOLA VARIETY PAK,1.0,7.5,61.97,3.401942775,Oats (Oatmeal)
4,CHEESE AMER 160 SLI YEL,1.0,20.0,61.8,9.0718474,Cheese
6,SPICE GARLIC GRANULATED,0.0,7.915,61.55,3.5901836085500003,Stimulants & Spices (misc.)
213,DOUGH COOKIE OATMEAL RAISIN,1.0,20.0,60.76,9.0718474,"Wheat/Rye (Bread, pasta, baked goods)"
213,DOUGH COOKIE SUGAR GOURM,1.0,20.5,60.76,9.298643585,"Wheat/Rye (Bread, pasta, baked goods)"
72,SNACK TRAIL MIX NUT & CHOC,1.0,9.0,60.29,4.082331330000001,Tree nuts and seeds
4,RICE ARBORIO,0.0,22.0,60.0,9.97903214,Rice
6,TEA ASST 6 FLVR,2.0,4.0,59.88,1.81436948,Stimulants
6,ORANGE MANDRN WHL SEC LGHT SYR,1.0,44.4,59.83,20.139501228,Citrus Fruit
25,CRACKER ASST MEDLEY SLEEVES,1.0,7.4,58.21,3.356583538,"Wheat/Rye (Bread, pasta, baked goods)"
1,LETTUCE ICEBERG CELLO FRESH,2.0,90.0,58.03,40.8233133,Cabbages and other Brassicas (Broccoli)
6,KALE CHOPPED,2.0,24.0,57.98,10.88621688,Cabbages and other Brassicas (Broccoli)
120,ROLL DINNER FRCH RUSTIC PBK,2.0,23.38,57.94,10.6049896106,Rice
4,SAUCE BBQ ORIGINAL,1.0,40.56,57.86,18.3977065272,Vegetable oils
6,SPICE GARLIC PWDR,0.0,4.014,56.49,1.82071977318,Stimulants & Spices (misc.)
4,SNACK BAR RICE KRISPIES TREAT,1.0,6.55,56.48,2.9710300235,"Wheat/Rye (Bread, pasta, baked goods)"
4,CABBAGE GREEN SHRD FRSH W/BAG,2.0,40.0,56.3,18.1436948,Cabbages and other Brassicas (Broccoli)
216,COOKIE OATML .75OZ SB IND WRPD,1.0,10.1,55.55,4.581282937,"Wheat/Rye (Bread, pasta, baked goods)"
216,COOKIE SUGAR IND,1.0,10.1,55.55,4.581282937,"Wheat/Rye (Bread, pasta, baked goods)"
6,SALT SEA W/ GRINDER,4.0,10.52,55.52,4.7717917324,Stimulants & Spices (misc.)
6,TEA HOT BAG BLK ENGLISH TETIM,2.0,4.0,55.5,1.81436948,Stimulants
1,CARROT FRESH JUMBO,2.0,100.0,55.4,45.359237,Root Vegetables
12,MIX SALAD TABOULE,2.0,7.88,54.44,3.5743078756,Vegetables (misc.)
2,PASTA RAVIOLI BTRNT SQR PRECKD,1.0,6.0,53.06,2.72155422,"Wheat/Rye (Bread, pasta, baked goods)"
1,ASPARAGUS FRESH LARGE,1.0,11.0,51.67,4.9895160700000005,Other vegetables
2,CHEESE PARM SHRD USA,1.0,10.0,51.31,4.535923700000001,Cheese
12,PEA GREEN P,1.0,30.0,51.01,13.6077711,Peas
24,WATER SPRKLG ORG ARANCAT CAN,2.0,36.192,50.64,16.41641505504,Uncategorized
1,APPLE SLICE IQF,1.0,30.0,49.3,13.6077711,Apples
2,MEATBALL BEEF ITAL STYLE 1 OZ,1.0,10.0,49.17,4.535923700000001,Beef & buffalo meat
6,SAUCE CHILI HOT SRIRACHA,2.0,15.0,48.9,6.80388555,Vegetable oils
1,MUSHROOM WILD BLND #1 SLI 3/16,2.0,6.0,48.3,2.72155422,Vegetables (misc.)
4,ONION GREEN ICELS,2.0,12.3,48.16,5.579186151000001,Onions and Leeks
10,CHIP PLANTAIN,1.0,6.25,47.51,2.8349523125,"Wheat/Rye (Bread, pasta, baked goods)"
3,CASHEW PCS ROASTED NO SALT,1.0,6.0,47.46,2.72155422,Tree nuts and seeds
4,PEPPERONI STICK SANDWICH STYLE,1.0,8.82,47.17,4.0006847034,Pork (pig meat)
4,JUICE ORANGE NO PULP,1.0,34.9,46.66,15.830373713,Citrus Fruit
12,CHEESE BOURSIN HERB FRENCH,1.0,3.9,46.58,1.769010243,Cheese
6,HONEY PURE CLOVER GR A TSC JUG,0.0,10.333,45.08,4.686969959210001,Sugars and sweeteners
1,ONION YELLOW JUMBO BAG,2.0,100.0,44.83,45.359237,Onions and Leeks
2,CHEESE PARM GRTD FRSH DOM,1.0,10.0,44.35,4.535923700000001,Cheese
1,WALNUT HALVES AND PCS,1.0,5.0,43.53,2.2679618500000003,Tree nuts and seeds
6,SPICE CHILI PWDR DRK,0.0,3.79,43.17,1.7191150823,Stimulants
6,POTATO FRY SWEET 3/8,1.0,15.0,42.94,6.80388555,Potatoes
200,SHELL TACO 5.25 YEL PREFRY,2.0,10.0,42.78,4.535923700000001,Corn (Maize)
6,SPICE PAPRIKA DOM GRND,0.0,6.25,42.24,2.8349523125,Stimulants & Spices (misc.)
4,SAUCE TZATZIKI SOUR CREAM,1.0,15.0,41.97,6.80388555,Vegetable oils
4,CABBAGE RED SHRED 1/8,1.0,20.15,41.26,9.1398862555,Cabbages and other Brassicas (Broccoli)
6,TEA ENGLISH TEATIME 20CT,2.0,2.8,40.9,1.270058636,Stimulants
2,SOUP MINESTRONE RTU REFRI,1.0,16.0,39.9,7.25747792,"Wheat/Rye (Bread, pasta, baked goods)"
6,SEASONING CAJUN,0.0,2.316,39.72,1.05051992892,Stimulants & Spices (misc.)
12,SAUCE TABASCO HOT,1.0,3.8,39.65,1.723651006,Vegetable oils
20,APTZR YUCCA FRIES PRCKD,1.0,20.0,39.61,9.0718474,Cassava and Other Roots
6,SPICE ONION GRANULATED,0.0,3.525,39.42,1.59891310425,Stimulants & Spices (misc.)
1,RICE BASMATI WHITE,1.0,24.7,39.36,11.203731539,Rice
6,SPICE CUMIN GRND,0.0,5.25,39.24,2.3813599425,Stimulants & Spices (misc.)
12,SUGAR BROWN LIGHT CANE,1.0,24.0,38.67,10.88621688,Sugars and sweeteners
12,SAUCE CHILI SWEET THAI,1.0,24.0,38.09,10.88621688,Vegetable oils
12,STARCH POTATO,1.0,12.0,37.46,5.4431084400000005,Potatoes
2,CHEESE FETA CRUMBLED,1.0,10.0,36.17,4.535923700000001,Cheese
6,SEASONING CARIBBEAN JERK,0.0,2.316,36.16,1.05051992892,Beans and pulses (dried)
24,PEA PIGEON GREEN (GANDULES),1.0,23.97,36.13,10.8726091089,Peas
200,JELLY ASST CUP GRAP SB ORGMARM,2.0,14.0,35.96,6.35029318,Sugars and sweeteners
6,SPICE LEMON PEPPER,0.0,3.473,35.84,1.57532630101,Citrus Fruit
6,SPICE GINGER GRND,0.0,1.562,35.5,0.70851128194,Stimulants & Spices (misc.)
24,BUN HAMBURGER GLUTEN FREE IW,1.0,4.8,34.6,2.177243376,Pork (pig meat)
1,PEPPER POBLANO FRESH,1.0,10.0,34.48,4.535923700000001,Stimulants & Spices (misc.)
2,CHEESE MOZZ FRSH CILIEGN 1/3OZ,1.0,6.0,33.23,2.72155422,Cheese
1,BROCCOLI FCY FRSH ICELS,1.0,20.0,33.2,9.0718474,Cabbages and other Brassicas (Broccoli)
1,CARROT BABY PLD TRI COLOR,1.0,6.47,32.64,2.9347426339,Root Vegetables
12,SPREAD HUMMUS RED PEPR W/PRETZ,1.0,3.08,31.81,1.3970644996,Vegetable oils
12,SPREAD HUMMUS CLS W/PRETZELS,1.0,3.08,31.8,1.3970644996,"Wheat/Rye (Bread, pasta, baked goods)"
2,TOMATO SLI FRSH FC XL,1.0,21.0,31.78,9.52543977,Tomatoes
24,PEA GREEN SPLIT DRIED,1.0,24.0,31.1,10.88621688,Peas
1,BEAN LENTIL DRIED,1.0,20.0,28.61,9.0718474,Beans and pulses (dried)
24,WATER SPRING STILL ALUM W/ELEC,1.0,26.5,28.09,12.020197805,Uncategorized
12,WATER SPRING,2.0,83.1,27.98,37.693525947,Uncategorized
6,TORTILLA CORN YEL 6,1.0,23.0,27.86,10.43262451,Corn (Maize)
6,SPICE CORIANDER GRND,0.0,1.8,27.4,0.816466266,Stimulants & Spices (misc.)
1,BOK CHOY BABY FRESH,1.0,10.0,27.08,4.535923700000001,Cabbages and other Brassicas (Broccoli)
6,SPICE PEPPER RED CRUSHED,0.0,1.78,25.36,0.8073944186,Stimulants & Spices (misc.)
24,WATER MINERAL LIMONATA CAN,1.0,18.096,25.32,8.20820752752,Uncategorized
1,ONION RED MEDIUM BOX,1.0,25.0,25.22,11.33980925,Onions and Leeks
4,ONION RING BRD 3/8IN HOMESTYLE,1.0,10.0,25.17,4.535923700000001,Onions and Leeks
1,THYME FRESH HERB,4.0,1.0,24.12,0.45359237,Vegetables (misc.)
6,MUFFIN ENGLISH ORIG 2 OZ,1.0,6.683,24.05,3.03135780871,"Wheat/Rye (Bread, pasta, baked goods)"
1,FENNEL ANISE BUNCH FRSH,1.0,11.0,23.92,4.9895160700000005,"Wheat/Rye (Bread, pasta, baked goods)"
12,PEPPER CHIPOTLE IN ADOBO SAUCE,1.0,6.2,23.41,2.812272694,Vegetable oils
1,POTATO BAKING IDAHO 60CT FRSH,1.0,50.0,23.32,22.6796185,Potatoes
1,LETTUCE RADICCHIO FRESH,1.0,6.0,23.22,2.72155422,Cabbages and other Brassicas (Broccoli)
1,GRAPE RED SDLS FRESH,1.0,4.0,22.93,1.81436948,Citrus Fruit
1,POTATO BAKING IDAHO 50CT FRSH,1.0,50.0,22.9,22.6796185,Potatoes
1,POTATO SWEET JUMBO,1.0,40.0,22.59,18.1436948,Cassava and Other Roots
1,ROSEMARY FRESH HERB,4.0,1.0,22.52,0.45359237,Vegetables (misc.)
24,WATER SPRKLG CHRY/POMGRNT,1.0,18.0,22.31,8.164662660000001,Uncategorized
1,BASIL FRESH HERB,2.0,2.0,22.06,0.90718474,Stimulants & Spices (misc.)
6,GLAZE BALSAMIC,1.0,4.9,21.73,2.2226026130000003,Stimulants
4,VINEGAR DISTILLED WHITE 5%,1.0,32.0,21.73,14.51495584,Stimulants
6,SPICE CINNAMON STICK,0.0,0.483,21.7,0.21908511471,Stimulants & Spices (misc.)
1,PEPPER JALAPENO FRESH,1.0,10.0,21.11,4.535923700000001,Stimulants & Spices (misc.)
24,SPICE PEPPERCORN GREEN/BRINE,0.0,2.0,20.6,0.90718474,Corn (Maize)
3,SPICE OREGANO LEAVES,0.0,1.75,20.54,0.7937866475,Stimulants & Spices (misc.)
30,RADISH RED CELLO PACK FRESH,1.0,10.0,20.52,4.535923700000001,Root Vegetables
1,GINGER ROOT FRESH,1.0,5.0,19.38,2.2679618500000003,Roots and Tubers
150,CRACKER OYSTER NEW ENGLAND,1.0,4.69,18.61,2.1273482153,"Wheat/Rye (Bread, pasta, baked goods)"
1,PEPPER GREEN BELL FRSH LG,1.0,5.4,17.54,2.4493987980000003,Stimulants & Spices (misc.)
12,SPICE ANISE STAR,0.0,0.938,16.8,0.42546964306,Stimulants & Spices (misc.)
1,COOKIE FORTUNE IND WRPD SUPERK,1.0,7.0,15.49,3.17514659,"Wheat/Rye (Bread, pasta, baked goods)"
4,PEPPER JALAPENO SLICES,0.0,8.575,12.78,3.88955457275,Stimulants & Spices (misc.)
6,SPICE PEPPER CAYENNE GRND,0.0,0.883,12.29,0.40052206271,Stimulants & Spices (misc.)
6,SPICE ONION POWDER,0.0,1.233,11.79,0.5592793922100001,Stimulants & Spices (misc.)
4,RELISH DILL GREEN,0.0,9.125,10.46,4.13903037625,Legumes (misc.)
1,LIME FRESH,1.0,2.0,7.95,0.90718474,Citrus Fruit
1,OREGANO FRESH HERB,1.0,0.25,6.55,0.1133980925,Stimulants & Spices (misc.)
1,MINT FRESH HERB,1.0,0.25,5.63,0.1133980925,Stimulants & Spices (misc.)
24,SODA GINGER ALE BTL,0.0,0.0,0.0,0.0,Stimulants
1,TUNA YEL FIN STEAK 8OZ CO IDN,0.0,0.0,0.0,0.0,Beef & buffalo meat
4,CARROT DICED 3/8,0.0,0.0,0.0,0.0,Root Vegetables
3,DETERGENT POT/PAN HAND SMARTPW,1.0,6.0,176.29,2.72155422,Uncategorized
1,MOP HEAD BLND LPD ALL PURP LRG,2.0,6.0,37.2,2.72155422,Uncategorized
4,CHICKEN CVP BRST 6OZ HAL,11.0,220.0,1002.54,99.7903214,"Poultry (chicken, turkey)"
24,WATER SPRING STILL ALUM W/ELEC,32.0,848.0,898.88,384.64632976,Uncategorized
1,RICE PARBOILED PERFECT,24.0,612.0,528.48,277.59853044,Rice
1,BACON SLAB 14/18 SMOKED,6.0,90.0,412.27,40.8233133,Pork (pig meat)
6,BEEF SHLDR TNDR TERES MAJOR CH,1.0,59.3,396.84,26.898027541,Beef & buffalo meat
2,TURKEY BRST SMOKED SKON,3.0,59.6,272.01,27.034105252000003,"Poultry (chicken, turkey)"
12,CAULIFLOWER CELLO WRPD FRSH,7.0,185.85,238.79,84.3001419645,Cabbages and other Brassicas (Broccoli)
8,STRAWBERRY FRESH DRISCOLL,6.0,48.0,236.34,21.77243376,Berries
25,CRACKER ASST MEDLEY SLEEVES,4.0,29.6,232.84,13.426334152,"Wheat/Rye (Bread, pasta, baked goods)"
4,JUICE ORANGE,4.0,152.0,221.0,68.94604024,Citrus Fruit
16,CHICKEN CVP 8PC CUT TR HAL,2.0,99.6,208.26,45.177800052,"Poultry (chicken, turkey)"
4,KALE FRESH GRN SHRD 1/8 SEPCLR,9.0,54.0,191.61,24.49398798,Cabbages and other Brassicas (Broccoli)
6,CHEESE MOZZ FRSH SLI 18 CT,5.0,30.0,185.86,13.6077711,Cheese
12,DRINK LEMONADE CONC,1.0,32.03,171.59,14.5285636111,Citrus Fruit
1,AVOCADO HASS BRKNG #2 GUAC PAK,3.0,70.5,171.12,31.978262085,Fruits (misc.)
1,SHORTENING FRY CLR HIGH OLEIC,4.0,140.0,170.84,63.502931800000006,Uncategorized
56,CHIP POTATO ORIG,5.0,32.8,152.9,14.877829736,"Wheat/Rye (Bread, pasta, baked goods)"
1,TOMATO 1 LAYER 5X6,8.0,80.0,150.8,36.2873896,Tomatoes
1,PINEAPPLE FRESH GOLDEN RIPE,6.0,72.0,150.36,32.658650640000005,Fruits (misc.)
6,TEA ASST 6 FLVR,5.0,10.0,149.7,4.535923700000001,Stimulants
1,APPLE RED DEL FANCY FRESH,4.0,160.0,145.82,72.57477920000001,Apples
4,LETTUCE ROMAINE HEART OF FRSH,4.0,85.6,143.12,38.827506872,Cabbages and other Brassicas (Broccoli)
1,NUT PECAN GLAZED LG PIECES,2.0,10.0,136.76,4.535923700000001,"Wheat/Rye (Bread, pasta, baked goods)"
12,CREAMER HALF & HALF ESL,3.0,76.95,131.85,34.903932871500004,Milk (cow's milk)
12,GREEN COLLARD IQF,2.0,68.9,131.5,31.252514293000004,Cabbages and other Brassicas (Broccoli)
1,MELON CANTALOUPE FRESH,3.0,103.5,128.16,46.946810295,Fruits (misc.)
12,TOMATO GRAPE FRSH,6.0,60.0,125.63,27.2155422,Tomatoes
4,COFFEE FRZDRY ALEGRIA DELICATE,1.0,2.2,118.35,0.997903214,Coffee
1,EGGPLANT FRESH,4.0,108.0,116.18,48.98797596,Other vegetables
3,OIL OLIVE POMACE,1.0,23.0,114.97,10.43262451,Olives (Oil)
4,DIP HUMMUS CHEF PCH CLS RECIPE,3.0,26.4,110.64,11.974838568,Vegetable oils
1,ORANGE FANCY FRESH,3.0,120.0,110.06,54.4310844,Citrus Fruit
1,CHEESE DERBY SAGE,1.0,10.01,107.05,4.5404596237,Cheese
15,EGG LIQUID WHL CITACID CGFREE,1.0,30.0,105.28,13.6077711,Eggs
6,TUNA TONGOL CHUNK IN WTR,1.0,27.95,105.2,12.6779067415,Fish (finfish)
8,TOFU FIRM SUPER ORGANIC,3.0,48.0,104.58,21.77243376,Soybeans/Tofu
4,EGG HARDCOOKED CGFREE DRY PACK,1.0,20.0,100.29,9.0718474,Eggs
1,CHEESE GRANA AMER PARM 1/4 WHL,1.0,16.42,99.28,7.447986715400001,Cheese
1,SALMON ATL FIL E-TRIM 2-3# CHL,1.0,10.1,99.11,4.581282937,Fish (finfish)
1,ASPARAGUS FRESH LARGE,2.0,22.0,98.74,9.97903214,Other vegetables
12,BLUEBERRY FRESH,2.0,25.5,98.46,11.566605435,Berries
9,SALT KOSHER FLAKE COARSE,1.0,27.0,97.94,12.24699399,Stimulants & Spices (misc.)
6,CHEESE STICK MOZZ BTRD 2.75,1.0,13.95,97.61,6.3276135615,Cheese
1,CARROT BABY PLD TRI COLOR,3.0,19.41,93.32,8.804227901700001,Root Vegetables
12,CHEESE BOURSIN HERB FRENCH,2.0,7.8,93.16,3.538020486,Cheese
6,MILK HOMOGENIZED ESL,5.0,131.5,93.05,59.647396655,Milk (cow's milk)
1,MELON HONEYDEW FRSH,2.0,48.0,91.97,21.77243376,Fruits (misc.)
5,MEAT ALTERNATE JACKFRUIT NKD,2.0,19.06,87.86,8.6454705722,Fruits (misc.)
1,MELON HONEYDEW FRSH,3.0,37.5,86.0,17.009713875,Fruits (misc.)
6,CHEESE MOZZARELLA SHRD WHL MLK,1.0,30.0,85.47,13.6077711,Cheese
1,SQUASH YEL S/N SMALL FCY FRESH,3.0,57.0,85.3,25.85476509,Fruits (misc.)
1,GRAPE RED SDLS FRESH,4.0,16.0,84.95,7.25747792,Citrus Fruit
2,CHICKEN TENDERLOIN HMSTY,2.0,20.0,81.38,9.0718474,"Poultry (chicken, turkey)"
96,BROWNIE COOKIE BAR,1.0,23.4,80.69,10.614061458,"Wheat/Rye (Bread, pasta, baked goods)"
1,SQUASH ZUCCHINI MEDIUM FRESH,3.0,60.0,80.28,27.2155422,Other vegetables
4,SALSA CHUNKY MILD AUTHENTIC,1.0,33.75,80.12,15.3087424875,Stimulants
6,MILK ORIGINAL OAT XTRA CREAMY,4.0,87.84,79.64,39.8435537808,Oat milk
6,COFFEE CAPP FRCH VAN,1.0,12.0,76.59,5.4431084400000005,Coffee
6,TEA ASST HERBAL,3.0,3.81,73.71,1.7281869297,Stimulants
2,CHEESE FETA CRUMBLED,2.0,20.0,73.18,9.0718474,Cheese
1,MUSHROOM WILD BLND #1 SLI 3/16,3.0,9.0,72.45,4.082331330000001,Vegetables (misc.)
8,AVOCADO HASS FRS CHNK PULP PPT,1.0,16.0,72.03,7.25747792,Fruits (misc.)
6,MILK ALMOND ORIGINAL,3.0,75.12,71.76,34.073858834400006,Almond milk
3,SPICE CHILI PWDR LIGHT,0.0,12.0,69.5,5.4431084400000005,Stimulants
200,MUSTARD YELLOW PACKETS,5.0,12.5,67.9,5.669904625,Tree nuts and seeds
80,DOUGH COOKIE CHOC CHIP 4OZ RAW,1.0,20.0,66.41,9.0718474,"Wheat/Rye (Bread, pasta, baked goods)"
6,SPROUT BEAN FCY,1.0,38.25,65.9,17.3499081525,Beans and pulses (dried)
6,QUINOA GRAIN RED FULLY COOKED,1.0,24.0,64.77,10.88621688,Grains/cereals (except rice)
4,CABBAGE GREEN SHRD FRSH W/BAG,2.0,55.0,64.49,24.947580350000003,Cabbages and other Brassicas (Broccoli)
12,SPREAD HUMMUS CLS W/PRETZELS,2.0,6.16,63.6,2.7941289992,"Wheat/Rye (Bread, pasta, baked goods)"
1,LIME FLORIDA FRESH,3.0,30.0,63.4,13.6077711,Citrus Fruit
2,POTATO DICED CKD RED SKON,2.0,40.0,63.32,18.1436948,Potatoes
24,SAUCE HOT,1.0,8.21,62.6,3.7239933577,Vegetable oils
1,BUN HAMBURGER VEGAN GF,2.0,8.1,62.26,3.674098197,Soybeans/Tofu
2,SAUCE PESTO NO NUT,2.0,8.0,61.54,3.62873896,Vegetable oils
4,CIDER APPLE FRSH LOCAL,2.0,68.0,61.04,30.84428116,Apples
8,CHEESE SWISS SLI .5OZ,1.0,12.0,60.83,5.4431084400000005,Cheese
3,CHEESE CUBE CHDR/SWISS/PEP JCK,1.0,15.0,57.79,6.80388555,Cheese
24,MILK CONDENSED SWEETENED,1.0,21.0,57.51,9.52543977,Milk (cow's milk)
1,CUCUMBER ENGLISH LONG,4.0,48.0,57.0,21.77243376,Other vegetables
1,SOYBEAN WHOLE SHELLED EDAMAME,1.0,24.0,56.61,10.88621688,Soybeans/Tofu
48,BROWNIE CHOC CHIP GLUTEN FREE,1.0,10.5,55.55,4.762719885,"Wheat/Rye (Bread, pasta, baked goods)"
200,PEANUT BUTTER CREAMY CUP,1.0,9.375,54.74,4.25242846875,Cream
2,SALSA PICO DE GALLO,2.0,20.0,53.82,9.0718474,Stimulants
1,CHERRY DRIED,1.0,4.76,53.18,2.1590996812,Fruits (misc.)
24,WATER SPRING SPRKLG BLUE GLASS,2.0,67.9,52.02,30.798921923000005,Uncategorized
24,WATER STILL BLUE BTL GLASS,2.0,70.0,52.02,31.751465900000003,Uncategorized
3,SPICE PEPPER BLK GRND,0.0,4.9,52.0,2.2226026130000003,Stimulants & Spices (misc.)
12,RASPBERRY RED FRESH,1.0,7.2,51.14,3.265865064,Berries
2,BEAN GREEN TRIMMED FRSH,2.0,20.9,50.0,9.480080533,Beans and pulses (dried)
4,LETTUCE SAL MIX SEPARATE FRESH,2.0,40.0,49.84,18.1436948,Cabbages and other Brassicas (Broccoli)
6,JUICE LEMON PSTRZD ULTRA PREM,2.0,26.0,49.22,11.79340162,Citrus Fruit
114,SAUSAGE CHICKEN FOUR PPR VEG/C,1.0,10.0,48.94,4.535923700000001,Legumes (misc.)
12,SAUCE CHILI SAMBAL OELEK,1.0,13.5,47.17,6.123496995,Vegetable oils
8,CHEESE CHDR MLD SLI INT .75 YL,1.0,12.0,46.8,5.4431084400000005,Cheese
1,RICE BROWN PARBOILED WHLGRN QC,2.0,51.0,46.24,23.133210870000003,Rice
12,SAUCE HOT SRIRACHA 17OZ,1.0,13.5,45.66,6.123496995,Vegetable oils
2,DRESSING SESAME TOASTED,1.0,17.8,44.74,8.073944186,Tree nuts and seeds
24,SODA COCA COLA CLS,2.0,40.0,44.4,18.1436948,Stimulants
2,CHEESE PARM GRTD FRSH DOM,1.0,10.0,44.35,4.535923700000001,Cheese
6,DRESSING CAESAR CRMY ESSENTIAL,1.0,11.949,44.34,5.41997522913,Vegetable oils
6,PAN COATING CANOLA NONGM,1.0,6.375,44.01,2.8916513587500003,Rapeseed/canola (Oil)
24,SODA SPRITE CANS,2.0,36.0,43.94,16.329325320000002,Stimulants
3,SPICE GARLIC GRANULATED,0.0,6.5,43.19,2.948350405,Stimulants & Spices (misc.)
24,SODA COKE DIET,2.0,35.525,41.84,16.11386894425,Stimulants
1,PEPPER SWEET BELL MEDLEY HH,1.0,20.0,41.72,9.0718474,Stimulants & Spices (misc.)
8,BREAD WHL GRN GF WIDE PAN SLI,1.0,10.0,41.32,4.535923700000001,"Wheat/Rye (Bread, pasta, baked goods)"
1,FIG DRIED BLK MISSION,1.0,5.0,40.46,2.2679618500000003,Fruits (misc.)
6,DRESSING BALSAMIC VGR ESSNTIAL,1.0,13.143,40.0,5.96156451891,Vegetable oils
720,BUTTER CUP USDA AA,1.0,8.0,38.66,3.62873896,Butter
6,BEAN BLACK FRESH READY TO EAT,1.0,24.0,38.39,10.88621688,Beans and pulses (dried)
1,EGG HARDBOILED WHL PEEL SEL,1.0,10.0,38.39,4.535923700000001,Eggs
6,DRESSING RANCH LITE ESSENTIAL,1.0,12.476,38.33,5.659018408120001,Vegetable oils
24,SODA GINGER ALE,1.0,18.0,37.69,8.164662660000001,Stimulants
4,DIP EGGPLANT BABA GANOUSH CHEF,1.0,8.82,37.63,4.0006847034,Other vegetables
2,LETTUCE LEAF ULTIMATE BURGER,1.0,10.0,37.49,4.535923700000001,"Wheat/Rye (Bread, pasta, baked goods)"
6,ONION PICKLED VEGGIE CONFETTI,1.0,4.5,37.43,2.0411656650000003,Legumes (misc.)
1,MUSHROOM PORT RNDM W/STEM FRSH,2.0,10.8,37.12,4.8987975960000005,Vegetables (misc.)
4,LETTUCE FRESH TENDER GREENS,1.0,12.0,36.83,5.4431084400000005,Cabbages and other Brassicas (Broccoli)
1,LETTUCE ORGANIC ARCADIAN HRVST,2.0,6.0,36.6,2.72155422,Cabbages and other Brassicas (Broccoli)
100,CHEESE CREAM ORIG SPREAD CUP,1.0,4.688,36.07,2.12644103056,Cheese
6,TOMATO CRUSHED JERSEY FRSH,1.0,44.5,36.01,20.184860465,Tomatoes
3,SPICE CINNAMON GRND,0.0,5.0,36.0,2.2679618500000003,Stimulants & Spices (misc.)
1,CHEESE CHEDDAR MILD PRINT WHT,1.0,10.92,34.98,4.9532286804000005,Cheese
6,VEGETABLE BLND RST PEPR ONION,1.0,15.0,34.85,6.80388555,Legumes (misc.)
6,SPICE PEPPER PACKET .1 GM,1.0,1.46,34.8,0.6622448602000001,Stimulants & Spices (misc.)
2,SAUSAGE ROPE ITALIAN SWEET RAW,1.0,10.0,34.34,4.535923700000001,Pork (pig meat)
1,PEPPER POBLANO FRESH,1.0,10.0,33.9,4.535923700000001,Stimulants & Spices (misc.)
8,JUICE APPLE ORIG PLAS,1.0,35.7,33.64,16.193247609000004,Apples
1,CELERY PASCAL FDSVC,3.0,18.0,32.85,8.164662660000001,Other vegetables
6,EXTRACT VANILLA PURE,0.0,1.0,32.7,0.45359237,Stimulants & Spices (misc.)
4,BROCCOLI FLORET ICELESS,1.0,12.0,32.34,5.4431084400000005,Cabbages and other Brassicas (Broccoli)
6,SPICE CURRY POWDER,0.0,2.016,32.26,0.91444221792,Stimulants & Spices (misc.)
1,PICKLE DILL LENGTHWISE SNDWICH,1.0,19.1,31.39,8.663614267000002,Stimulants
1,COOKIE FORTUNE IND WRPD SUPERK,2.0,14.0,30.98,6.35029318,"Wheat/Rye (Bread, pasta, baked goods)"
4,PEPPERONCINI WHOLE IMPORTED,1.0,34.0,30.69,15.42214058,Pork (pig meat)
8,LEMON FRESH,0.0,15.0,29.72,6.80388555,Citrus Fruit
8,JUICE CRNBRY RTS PET,1.0,34.614,29.69,15.70064629518,Citrus Fruit
6,SEASONING CHICKEN MONTREAL,0.0,2.86,29.58,1.2972741782,"Poultry (chicken, turkey)"
6,SEASONING BLEND SOUTHWEST,0.0,2.666,29.1,1.20927725842,Stimulants & Spices (misc.)
2,CHEESE RICOTTA IMPASTATA W/M,1.0,10.0,29.05,4.535923700000001,Cheese
1,POTATO SWEET #1 STANDARD,1.0,40.0,28.79,18.1436948,Cassava and Other Roots
6,MILK SOY PLAIN 64OZ,1.0,24.0,27.1,10.88621688,Soy milk
4,MILK WHL GALLON,1.0,34.4,26.08,15.603577528,Milk (cow's milk)
1,GRAPE GREEN SDLS FRESH,1.0,4.0,26.02,1.81436948,Citrus Fruit
3,SPICE BAY LEAVES WHL,0.0,0.5,25.19,0.226796185,Stimulants & Spices (misc.)
6,TEA GREEN GINGER ORGANIC,1.0,0.463,25.09,0.21001326731,Stimulants
12,LETTUCE BIBB HYDRO FRESH,1.0,5.0,24.77,2.2679618500000003,Cabbages and other Brassicas (Broccoli)
6,TEA BAG LMN GNGR,1.0,1.16,24.57,0.5261671492,Citrus Fruit
6,TEA BAG PPRMNT PURE,1.0,1.16,24.57,0.5261671492,Stimulants
6,JUICE LIME PSTRZD ULTRA PREM,1.0,13.0,24.07,5.8967008100000005,Citrus Fruit
6,SALT PKT .6 GM,1.0,7.93,23.06,3.5969874941,Stimulants & Spices (misc.)
1,MUSHROOM SLCD FRESH,1.0,10.0,22.93,4.535923700000001,Vegetables (misc.)
4,VINEGAR DISTILLED WHITE 5%,1.0,32.0,21.79,14.51495584,Stimulants
6,GLAZE BALSAMIC,1.0,4.9,21.73,2.2226026130000003,Stimulants
3,SPICE OREGANO LEAVES,0.0,1.75,20.54,0.7937866475,Stimulants & Spices (misc.)
2,PUDDING RICE,1.0,8.0,20.16,3.62873896,Rice
1,FLOUR ALL PURP H&R BL EN MT,1.0,50.0,20.0,22.6796185,Grains/cereals (except rice)
1,LETTUCE ICEBERG TRIMMED FDSVC,1.0,8.0,19.85,3.62873896,Cabbages and other Brassicas (Broccoli)
4,MUSTARD FRENCH WHL GRAIN TIN,0.0,9.0,19.55,4.082331330000001,Grains/cereals (except rice)
4,MUSTARD DIJON W/WHT WINE TIN,0.0,9.0,19.48,4.082331330000001,Tree nuts and seeds
1,MUSHROOM PORT LRG W/STEM FRSH,1.0,5.0,18.79,2.2679618500000003,Vegetables (misc.)
2,ARUGULA BABY FRESH,1.0,4.0,18.15,1.81436948,Cabbages and other Brassicas (Broccoli)
6,SPICE LEMON PEPPER,0.0,1.736,17.92,0.78743635432,Citrus Fruit
6,YOGURT VANILLA LOW FAT,1.0,12.0,17.75,5.4431084400000005,Yogurt
1,MINT FRESH HERB,3.0,0.75,16.89,0.3401942775,Stimulants & Spices (misc.)
6,SPICE TURMERIC GROUND,0.0,1.066,16.36,0.48352946642,Stimulants & Spices (misc.)
6,SPICE CINNAMON GRND,0.0,1.098,16.2,0.49804442226,Stimulants & Spices (misc.)
1,CHEESE IRISH GUINNESS CHDR,1.0,1.17,13.93,0.5307030729,Cheese
6,SPICE CUMIN GRND,0.0,1.75,13.08,0.7937866475,Stimulants & Spices (misc.)
4,ONION GREEN ICELS,0.0,3.075,12.04,1.3947965377500002,Onions and Leeks
1,CARROT MATCHSTICK PREMIUM,1.0,5.0,11.95,2.2679618500000003,Root Vegetables
1,BASIL FRESH HERB,1.0,1.0,11.03,0.45359237,Stimulants & Spices (misc.)
4,SYRUP HAZELNUT ROASTED,0.0,2.837,9.42,1.2868415536900002,Tree nuts and seeds
4,SYRUP VANILLA FRCH,0.0,2.842,8.9,1.28910951554,Sugars and sweeteners
4,SYRUP CARAMEL,0.0,2.975,8.9,1.34943730075,Sugars and sweeteners
4,SYRUP CINNAMON,0.0,3.0,8.85,1.36077711,Sugars and sweeteners
12,SYRUP CARAMEL,0.0,3.25,7.4,1.4741752025,Sugars and sweeteners
6,HORSERADISH WHITE PRPD,0.0,2.0,6.82,0.90718474,Root Vegetables
4,PARSLEY CLN/WASH FRESH HERB,0.0,1.0,5.86,0.45359237,Grains/cereals (except rice)
4,MAYONNAISE REAL,0.0,0.0,0.0,0.0,Vegetable oils
24,COOKIE CHOC CHIP GLTN FR I/W,0.0,0.0,0.0,0.0,"Wheat/Rye (Bread, pasta, baked goods)"
1,DILL BABY FRESH HERB,0.0,0.0,0.0,0.0,Stimulants & Spices (misc.)
24,WATER BTLD SMARTWATER,12.0,504.0,540.74,228.61055448,Uncategorized
6,MILK HOMOGENIZED ESL,23.0,604.9,428.03,274.378024613,Milk (cow's milk)
2,SOUP CHICKEN NDLE,9.0,144.0,383.38,65.31730128000001,"Poultry (chicken, turkey)"
2,SOUP CHOWDER CLAM N.E. FRESH,4.0,60.0,246.36,27.2155422,Mollusks
10,SALAMI GENOA FONTINA SNCK PK,6.0,7.5,230.94,3.401942775,Pork (pig meat)
8,STRAWBERRY FRESH DRISCOLL,5.0,40.0,204.21,18.1436948,Berries
2,SOUP BROCCOLI CHS CHEDDAR RTU,4.0,64.0,199.6,29.02991168,Cabbages and other Brassicas (Broccoli)
6,MILK ORIGINAL OAT XTRA CREAMY,10.0,219.6,199.1,99.608884452,Oat milk
8,JUICE DRINK STWBRY BAN,7.0,60.2,195.86,27.306260674000004,Berries
8,JUICE DRINK MIGHTY MANGO,7.0,60.2,188.93,27.306260674000004,Fruits (misc.)
24,SODA COKE DIET CLS CONT TRAY P,4.0,120.0,183.34,54.4310844,Stimulants
4,SNACK BAR PROTEIN ASST 1.9Z,2.0,11.162,180.0,5.0629980339400005,Tree nuts and seeds
6,TEA CHAI CLASSIC CONC,5.0,60.0,173.3,27.2155422,Stimulants
24,CROISSANT SAUSAGE EGG & CHS,4.0,27.0,161.64,12.24699399,Pork (pig meat)
6,YOGURT VANILLA PARFAIT POUCH,4.0,96.0,156.16,43.54486752,Yogurt
4,CEREAL GRANOLA OATS N HNY PARF,2.0,25.0,140.1,11.33980925,Grains/cereals (except rice)
12,CHEESE WISCONSIN SNACK TRAY,4.0,8.72,132.12,3.9553254664000006,Cheese
12,SPREAD HUMMUS CLS W/PRETZELS,4.0,12.32,127.2,5.5882579984000005,"Wheat/Rye (Bread, pasta, baked goods)"
6,DRINK PINEAPPLE PCH KOMBUCHA,7.0,42.7,119.77,19.368394199,Fruits (misc.)
12,JUICE ORANGE PURE PREM NO PULP,6.0,54.48,117.12,24.7117123176,Citrus Fruit
12,JUICE APPLE PURE PREM,5.0,45.4,97.6,20.593093598,Apples
12,JUICE CRNBRY CKTL PURE PREM,5.0,45.4,97.6,20.593093598,Citrus Fruit
2,SOUP TOMATO BISQUE,2.0,32.0,94.14,14.51495584,Tomatoes
12,BLUEBERRY FRESH,2.0,25.5,93.82,11.566605435,Berries
24,SODA COKE CLS CONTOUR TRAY PK,2.0,60.0,90.06,27.2155422,Stimulants
64,CHIP POTATO BBQ SMKHSE KETTLE,2.0,11.0,88.18,4.9895160700000005,"Wheat/Rye (Bread, pasta, baked goods)"
64,CHIP POTATO JALAPENO KETTLE,2.0,11.0,88.18,4.9895160700000005,"Wheat/Rye (Bread, pasta, baked goods)"
64,CHIP POTATO REG SEA SALT,2.0,11.0,88.18,4.9895160700000005,"Wheat/Rye (Bread, pasta, baked goods)"
64,CHIP POTATO SALT & VNGR KETTLE,2.0,11.0,88.18,4.9895160700000005,"Wheat/Rye (Bread, pasta, baked goods)"
12,CREAMER HALF & HALF ESL,2.0,51.3,87.71,23.269288581,Milk (cow's milk)
6,JUICE DRINK KOMUCHA GNGR ORG,5.0,30.5,85.55,13.834567285,Stimulants
6,YOGURT STRAWBERRY PARFAIT POUC,2.0,48.0,78.08,21.77243376,Yogurt
12,WATER COCONUT JUICE 100%,4.0,36.0,77.24,16.329325320000002,Tree nuts and seeds
2,SOUP LENTIL VEGETERIAN,2.0,32.0,76.14,14.51495584,Beans and pulses (dried)
24,WATER BTLD VITAMIN XXX 6PK,2.0,54.72,74.45,24.8205744864,Uncategorized
12,YOGURT BLUEBERRY GREEK NON FAT,4.0,16.0,72.12,7.25747792,Yogurt
12,YOGURT STWBRY GREEK NON FAT,4.0,16.0,72.12,7.25747792,Yogurt
24,DRINK ENERGY RED BULL,1.0,12.45,48.55,5.6472250065,Stimulants
24,DRINK ENERGY REDBULL SF,1.0,14.4,48.5,6.531730128,Stimulants
200,HONEY PURE CUP,1.0,7.0,43.7,3.17514659,Sugars and sweeteners
1,MELON CANTALOUPE FRESH,1.0,34.5,43.48,15.648936765,Fruits (misc.)
2,SOUP ITALIAN WEDDING W/MTBALLS,1.0,16.0,42.09,7.25747792,Lamb/mutton & goat meat
2000,SUGAR SUB SWEETENER SPLENDA,1.0,4.4,39.83,1.9958064280000003,Sugars and sweeteners
1,PINEAPPLE FRESH,2.0,19.666,37.83,8.92034754842,Fruits (misc.)
6,SNACK BAR ALMOND AND COCONT,0.0,2.566,37.8,1.16391802142,Tree nuts and seeds
6,SNACK BAR BLUBRY VAN & CASHEW,0.0,2.1,37.58,0.952543977,Tree nuts and seeds
1200,SUGAR TURBINADO PACKET CANE,1.0,11.5,33.47,5.216312255,Sugars and sweeteners
24,DRINK FRUIT PUNCH WIDEMOUTH PL,1.0,34.2,28.71,15.512859054000002,Fruits (misc.)
24,DRINK ORANGE WIDEMOUTH PLST,1.0,34.4,28.71,15.603577528,Citrus Fruit
500,CRACKER SALTINE,1.0,7.5,25.66,3.401942775,"Wheat/Rye (Bread, pasta, baked goods)"
24,WATER MINERAL LIMONATA CAN,1.0,18.096,25.32,8.20820752752,Uncategorized
24,WATER SPARKLING BLD ORGE SLEEK,1.0,18.096,25.32,8.20820752752,Onions and Leeks
24,WATER SPRKLG ORG ARANCAT CAN,1.0,18.096,25.32,8.20820752752,Uncategorized
6,HONEY PURE CLOVER GR A TSC JUG,0.0,5.166,22.54,2.34325818342,Sugars and sweeteners
24,WATER SPRKLG UNFLAVRD SLEK CN,1.0,16.73,22.31,7.588600350100001,Uncategorized
24,SODA COKE DIET,1.0,17.762,20.92,8.05670767594,Stimulants
1,MELON CANTALOUPE FRESH,1.0,8.0,19.05,3.62873896,Fruits (misc.)
24,SODA GINGER ALE CUBE,1.0,20.85,15.44,9.4574009145,Stimulants
40,WATER BOTTLED DRINKING,1.0,45.6,13.24,20.683812072,Uncategorized
24,SODA GINGER ALE BTL,0.0,0.0,0.0,0.0,Stimulants
1,SUPPLY EQUIPMENT BID ITEM,1.0,1.0,632.37,0.45359237,Uncategorized
1,SUPPLY SOTF KITCHEN,2.0,12.0,171.06,5.4431084400000005,Uncategorized
1,CLEANER FLOOR SANI WSH N WALK,1.0,21.6,167.39,9.797595192,Uncategorized
3,DETERGENT POT/PAN HAND SMARTPW,1.0,6.0,127.26,2.72155422,Uncategorized
1,SANITIZER OASIS 146 MULTI QUAT,1.0,20.8,118.01,9.434721296,Uncategorized
1,MOP HEAD BLND LPD BLUE LRG,2.0,5.0,60.36,2.2679618500000003,Uncategorized
1,SUPPLY SOTF TEXTILES,1.0,6.0,38.05,2.72155422,Uncategorized
1,CHARGE FREIGHT,3.0,3.0,30.54,1.36077711,Uncategorized
12,BOTTLE PLAS SQUEEZE CLEAR 12OZ,1.0,2.1,17.62,0.952543977,Uncategorized
1,SUPPLY SOTF DINING ROOM,1.0,6.0,15.44,2.72155422,Uncategorized
4,CHICKEN CVP THIGH B/S HALAL,36.0,1440.0,2877.72,653.1730128,"Poultry (chicken, turkey)"
8,PORK BUTT BNLS 1/4 6-9#EA,16.0,1123.1,2060.56,509.429590747,Pork (pig meat)
3,APTZR POTSTICKER CHKN TERIYAKI,16.0,120.0,628.64,54.4310844,"Poultry (chicken, turkey)"
4,NOODLE YAKISOBA JAPNSE FZ,18.0,360.0,612.9,163.2932532,"Wheat/Rye (Bread, pasta, baked goods)"
6,SAUCE SOY GLUTEN FREE,6.0,186.0,501.48,84.36818082,Vegetable oils
1,AVOCADO HASS GREEN FRESH,5.0,123.5,499.7,56.018657695,Fruits (misc.)
4,LETTUCE ROMAINE ITAL BLEND,13.0,130.0,462.02,58.9670081,Cabbages and other Brassicas (Broccoli)
150,APTZR POTSTICKER EDAMAME,10.0,75.0,442.9,34.01942775,Vegetables (misc.)
60,COOKIE MILANO,9.0,33.885,423.99,15.36997745745,"Wheat/Rye (Bread, pasta, baked goods)"
8,TOFU FIRM SUPER ORGANIC,12.0,192.0,418.32,87.08973504000001,Soybeans/Tofu
60,COOKIE CHOC CHIP IW,11.0,103.18,390.61,46.801660736600006,"Wheat/Rye (Bread, pasta, baked goods)"
2,CHICKEN TNDR FRTR HMSTYL LGE,8.0,80.0,367.52,36.2873896,"Poultry (chicken, turkey)"
1,EGG HARDBOILED WHL PEEL SEL,4.0,100.0,351.04,45.359237,Eggs
1,APPLE GLDN DEL X-FANCY FRESH,7.0,280.0,344.24,127.0058636,Apples
6,ONION FRENCH CRISPY TOPPING,7.0,63.0,335.44,28.57631931,Onions and Leeks
40,DESSERT BAR MSHMLW CHEWY I/W,7.0,36.75,327.46,16.669519597500003,Sugars and sweeteners
60,COOKIE CHOC BROWNIE,9.0,84.375,319.59,38.27185621875,"Wheat/Rye (Bread, pasta, baked goods)"
1,SHORTENING FRY CANOLA CLR ZTF,9.0,315.0,316.17,142.88159655,Rapeseed/canola (Oil)
4,CHICKEN CVP THIGH B/S HAL FRZ,4.0,160.0,294.36,72.57477920000001,"Poultry (chicken, turkey)"
1,AVOCADO HASS BRKNG #2 GUAC PAK,5.0,117.5,292.85,53.297103475,Fruits (misc.)
6,ORANGE MANDARIN BRKN LS,5.0,223.25,276.9,101.2644966025,Citrus Fruit
1,RICE PARBOILED PERFECT,12.0,306.0,264.24,138.79926522,Rice
6,SPROUT BEAN FCY,4.0,153.0,263.6,69.39963261,Beans and pulses (dried)
6,QUINOA GRAIN RED FULLY COOKED,4.0,96.0,259.08,43.54486752,Grains/cereals (except rice)
6,MILK COCONUT UNSWT,3.0,114.0,258.03,51.70953018,Tree nuts and seeds
72,CRACKER GOLDFISH CHDR CHS,8.0,39.2,257.6,17.780820904000002,Fish (finfish)
1,SYRUP LIQUID SWTNR NON NUTRITV,2.0,43.72,252.28,19.8310584164,Sugars and sweeteners
1,CORN WHL KERNEL,5.0,150.0,245.5,68.0388555,Corn (Maize)
120,COOKIE SANDWICH OREO,7.0,21.98,240.59,9.9699602926,"Wheat/Rye (Bread, pasta, baked goods)"
2,POTATO CKD RED SKON WDG 8 CUT,6.0,120.0,238.92,54.4310844,Potatoes
4,GARLIC PEELED FRESH,2.0,45.0,236.3,20.41165665,Stimulants & Spices (misc.)
1,SALAD FRUIT CHPOG LT SYRUP,3.0,72.0,234.54,32.658650640000005,Vegetables (misc.)
1,APPLE RED DEL FANCY FRESH,6.0,240.0,218.75,108.8621688,Apples
6,CHILI CRISP SPICY 7OZ,4.0,20.4,218.72,9.253284348,Stimulants
1,CUCUMBER ENGLISH LONG,15.0,180.0,213.75,81.6466266,Other vegetables
1,BACON LAYFLAT 22/26 SMOKED,3.0,47.4,212.15,21.500278338,Pork (pig meat)
6,POTATO FRY 3/8,5.0,150.0,205.0,68.0388555,Potatoes
1,TOMATO GRAPE FRSH,9.0,90.0,201.62,40.8233133,Tomatoes
2,PEPPER MIXED FAJ W/ONION,4.0,40.0,196.32,18.1436948,Onions and Leeks
6,BEET DICED FCY,4.0,172.8,187.04,78.38076153600001,Root Vegetables
4,LETTUCE FRESH TENDER GREENS,5.0,60.0,184.15,27.2155422,Cabbages and other Brassicas (Broccoli)
1,ORANGE FANCY FRESH,5.0,200.0,183.75,90.718474,Citrus Fruit
2,CHEESE FETA CRUMBLED,5.0,50.0,182.71,22.6796185,Cheese
3,CURRY PASTE GREEN,4.0,30.6,182.44,13.879926522000002,Stimulants
6,ARTICHOKE HEART QUARTER,2.0,66.0,179.76,29.937096420000003,Vegetables (misc.)
1,SOYBEAN WHOLE SHELLED EDAMAME,3.0,72.0,169.83,32.658650640000005,Soybeans/Tofu
1,PEPPER SWEET BELL MEDLEY HH,4.0,80.0,166.88,36.2873896,Stimulants & Spices (misc.)
2,ONION GREEN FRSH,3.0,30.0,162.15,13.6077711,Onions and Leeks
6,DRESSING RANCH LITE ESSENTIAL,4.0,49.904,153.32,22.63607363248,Vegetable oils
1,BANANA FRESH GREEN TIP,6.0,258.0,150.12,117.02683146,Bananas
12,PEA & CARROT GR A P,3.0,90.0,145.44,40.8233133,Peas
2,DRESSING SESAME TOASTED,3.0,53.4,134.22,24.221832558,Tree nuts and seeds
6,DRESSING HONEY MSTRD ESSENTIAL,3.0,37.182,134.04,16.86547150134,Vegetable oils
6,DRESSING CAESAR CRMY ESSENTIAL,3.0,35.847,133.02,16.25992568739,Vegetable oils
1,BOK CHOY BABY FRESH,5.0,50.0,132.45,22.6796185,Cabbages and other Brassicas (Broccoli)
1,SYRUP LIQUID SWEETENER HFCS,4.0,223.24,125.92,101.2599606788,Sugars and sweeteners
4,PEPPER BANANA MILD RING 1100CT,2.0,72.0,124.28,32.658650640000005,Bananas
6,DRESSING BALSAMIC VGR ESSNTIAL,3.0,39.429,120.0,17.884693556730003,Vegetable oils
4,SAUCE SOY,2.0,80.0,116.06,36.2873896,Vegetable oils
12,SUGAR BROWN LIGHT CANE,3.0,72.0,116.01,32.658650640000005,Sugars and sweeteners
4,CARROT SHRD FRSH MATCH STK,3.0,60.0,107.58,27.2155422,Root Vegetables
6,ONION CRISP SPICY CHILI,1.0,13.2,106.59,5.987419284,Onions and Leeks
1,AVOCADO HASS BRKING FRSH,1.0,23.7,101.09,10.750139169,Fruits (misc.)
6,MILK ORIGINAL OAT XTRA CREAMY,5.0,109.8,99.55,49.804442226,Oat milk
1,RICE BROWN PARBOILED WHLGRN QC,4.0,102.0,92.48,46.266421740000006,Rice
6,OIL SESAME SEED TOASTED PURE,1.0,15.983,91.86,7.24976684971,Rapeseed/canola (Oil)
4,CHEESE CHEDDR JACK FANCY SHRED,1.0,30.0,91.56,13.6077711,Cheese
6,PEPPER RED RSTD,2.0,90.0,91.32,40.8233133,Stimulants & Spices (misc.)
12,SAUCE HOT SRIRACHA 17OZ,2.0,27.0,91.32,12.24699399,Vegetable oils
4,SPINACH CLIPPED FRESH,3.0,30.0,89.7,13.6077711,Cabbages and other Brassicas (Broccoli)
4,CHEESE PARMESAN SHRED IMPORT,1.0,20.0,80.84,9.0718474,Cheese
4,CILANTRO CLEAN WASH FRESH HERB,3.0,16.45,80.81,7.4615944865,Stimulants & Spices (misc.)
1,SALAD FRUIT NO ORANGES,1.0,24.0,78.18,10.88621688,Fruits (misc.)
6,OIL OLIVE SOYBEAN BLEND 75/25,1.0,48.6,77.23,22.044589182000003,Soybeans/Tofu
6,OLIVE BLACK RIPE SLICED,1.0,43.0,77.05,19.50447191,Other vegetables
1,EGG HARDBOILED WHL PEEL SEL,2.0,20.0,76.78,9.0718474,Eggs
6,BEAN BLACK FRESH READY TO EAT,2.0,48.0,76.76,21.77243376,Beans and pulses (dried)
6,BEAN GARBANZO FRESH RTE,2.0,48.0,76.74,21.77243376,Beans and pulses (dried)
6,COFFEE CAPP FRCH VAN,1.0,12.0,76.59,5.4431084400000005,Coffee
12,CAULIFLOWER CELLO WRPD FRSH,2.0,53.1,74.9,24.085754847,Cabbages and other Brassicas (Broccoli)
6,MILK HOMOGENIZED ESL,4.0,105.2,74.44,47.717917324000005,Milk (cow's milk)
4,ONION GREEN ICELS,3.0,18.45,72.76,8.368779226500001,Onions and Leeks
1,LIME FLORIDA FRESH,3.0,30.0,72.24,13.6077711,Citrus Fruit
6,SAUCE HOISIN,1.0,41.358,67.11,18.75967323846,Vegetable oils
4,BROCCOLI FLORET ICELESS,2.0,24.0,64.68,10.88621688,Cabbages and other Brassicas (Broccoli)
8,CROUTON SEASONED HMSTY ZTF,1.0,20.0,63.47,9.0718474,"Wheat/Rye (Bread, pasta, baked goods)"
4,SAUCE TERIYAKI,1.0,40.0,63.24,18.1436948,Vegetable oils
4,SOUP BASE VEGETABLE LIQ CONC,1.0,11.5,62.43,5.216312255,Legumes (misc.)
6,TEA ASST 6 FLVR,2.0,4.0,59.88,1.81436948,Stimulants
1,GINGER ROOT FRESH,3.0,15.0,59.73,6.80388555,Roots and Tubers
12,CURRY PASTE RED,1.0,26.25,58.09,11.9067997125,Stimulants
6,MILK SOY PLAIN 64OZ,2.0,48.0,54.98,21.77243376,Soy milk
6,TEA ASST HERBAL,2.0,2.54,49.14,1.1521246198,Stimulants
1,CABBAGE NAPA CHINESE FRESH,1.0,30.0,45.74,13.6077711,Cabbages and other Brassicas (Broccoli)
1,ONION YELLOW JUMBO BAG,2.0,100.0,44.76,45.359237,Onions and Leeks
12,CREAMER HALF & HALF ESL,1.0,25.65,44.14,11.6346442905,Milk (cow's milk)
4,ONION DICED 3/8 YEL,1.0,20.0,42.87,9.0718474,Onions and Leeks
6,MILK ALMOND ORIGINAL,2.0,48.0,41.34,21.77243376,Almond milk
6,DRESSING 1000 ISLAND POUR BTL,1.0,12.66,40.23,5.7424794042,Vegetable oils
12,SAUCE CHILI SWEET THAI,1.0,24.0,38.09,10.88621688,Vegetable oils
4,DIP HUMMUS CHEF PCH CLS RECIPE,1.0,8.8,36.88,3.9916128560000006,Vegetable oils
1,ORANGE FANCY FRESH,1.0,40.0,34.38,18.1436948,Citrus Fruit
6,DRESSING ITALIAN LOW CAL,1.0,13.061,33.25,5.92436994457,Vegetable oils
1,POTATO YELLOW YUKON GOLD B SZ,2.0,100.0,31.14,45.359237,Potatoes
1,SQUASH YELLOW S/N MEDIUM FRESH,1.0,24.0,29.47,10.88621688,Fruits (misc.)
1,SQUASH ZUCCHINI MEDIUM FRESH,1.0,20.0,29.47,9.0718474,Other vegetables
1,ONION RED JUMBO BOX,1.0,25.0,25.2,11.33980925,Onions and Leeks
1,ONION RED MEDIUM BOX,1.0,25.0,25.2,11.33980925,Onions and Leeks
4,LETTUCE SAL MIX SEPARATE FRESH,1.0,20.0,24.92,9.0718474,Cabbages and other Brassicas (Broccoli)
1,EGGPLANT FRESH,1.0,27.0,24.56,12.24699399,Other vegetables
4,CABBAGE GREEN SHRD FRSH W/BAG,1.0,20.0,22.84,9.0718474,Cabbages and other Brassicas (Broccoli)
1,POTATO SWEET JUMBO,1.0,40.0,22.59,18.1436948,Cassava and Other Roots
6,SPICE SESAME SEED WHL WHITE,0.0,2.0,19.86,0.90718474,Tree nuts and seeds
1,ROSEMARY FRESH,1.0,2.0,19.37,0.90718474,Vegetables (misc.)
12,SAUCE SOY,1.0,7.75,18.21,3.5153408675,Vegetable oils
4,SEASONING BLACKENED REDFISH,0.0,1.5,12.05,0.6803885550000001,Fish (finfish)
12,SPICE ANISE STAR,0.0,0.469,8.4,0.21273482153,Stimulants & Spices (misc.)
450,SAUCE SOY PACKET,1.0,10.0,7.8,4.535923700000001,Vegetable oils
4,PARSLEY CLN/WASH FRESH HERB,0.0,1.0,5.86,0.45359237,Grains/cereals (except rice)
1,ONION YELLOW JUMBO BOX,0.0,0.0,0.0,0.0,Onions and Leeks
1,SUPPLY SOTF DINING ROOM,1.0,6.0,7.95,2.72155422,Uncategorized
1,CHARGE FREIGHT,1.0,1.0,7.45,0.45359237,Uncategorized
4,CHICKEN CVP THIGH B/S HALAL,51.0,2040.0,4186.82,925.3284348,"Poultry (chicken, turkey)"
3,BEEF CHUCK ROLL 1X1,4.0,288.1,1757.12,130.679961797,Beef & buffalo meat
120,COOKIE SANDWICH OREO 1.59 OZ,34.0,403.92,1747.6,183.2150300904,"Wheat/Rye (Bread, pasta, baked goods)"
32,BEEF STEAK STRIPS WM FC FRZN,11.0,440.0,1613.37,199.5806428,Beef & buffalo meat
4,SHRIMP WHT P&D TLOF 26/30,22.0,220.0,1256.64,99.7903214,Crustaceans (shrimp/prawns)
4,SHRIMP WHT P&D TLON 26/30,22.0,220.0,1251.8,99.7903214,Crustaceans (shrimp/prawns)
4,CHICKEN BREAST CHUNK BRD CKD,26.0,520.0,1186.38,235.8680324,"Poultry (chicken, turkey)"
8,TORTILLA FLOUR 14 INCH,27.0,729.0,1168.36,330.66883773,Grains/cereals (except rice)
72,CHIP TORTILLA SCOOPS BAKED,32.0,125.999,1035.2,57.15218502763,"Wheat/Rye (Bread, pasta, baked goods)"
4,BEEF GRND BLK 80/20 GRFD HALAL,11.0,224.58,943.91,101.8677744546,Beef & buffalo meat
4,BURGER VEG IMPOSSIBLE BULK,5.0,100.0,885.05,45.359237,"Wheat/Rye (Bread, pasta, baked goods)"
1,COFFEE COLD BREW BIB,6.0,252.0,753.78,114.30527724,Coffee
4,SHRIMP BRD POPCRN 60/80,15.0,150.0,705.15,68.0388555,Crustaceans (shrimp/prawns)
1,APPLE RED DEL FANCY FRESH,20.0,800.0,678.02,362.873896,Apples
1,RICE PARBOILED PERFECT,17.0,862.75,672.18,391.3368172175,Rice
2,CHICKEN NUG PLANT BASED,9.0,90.0,646.56,40.8233133,"Poultry (chicken, turkey)"
4,GARLIC PEELED FRESH,6.0,120.0,630.12,54.4310844,Stimulants & Spices (misc.)
1,PEPPER SWEET BELL MEDLEY HH,15.0,300.0,625.8,136.077711,Stimulants & Spices (misc.)
2,SQUASH BUTTERNUT PLD FRSH,20.0,200.0,624.2,90.718474,Fruits (misc.)
4,SALSA CHUNKY MED AUTHENTIC,8.0,270.0,609.44,122.4699399,Stimulants
1,CARROT WHL BABY GRA,12.0,351.0,591.36,159.21092187000002,Root Vegetables
2,CHICKEN BRST CHUNK TEMPURA,14.0,140.0,578.48,63.502931800000006,"Poultry (chicken, turkey)"
10,MUSSEL WHL VP 23/29 CHL,20.0,200.0,565.2,90.718474,Mollusks
1,COUSCOUS INTL,10.0,100.0,477.5,45.359237,"Wheat/Rye (Bread, pasta, baked goods)"
4,GUACAMOLE FRESH ORIG BLEND HPP,12.0,96.0,473.4,43.54486752,Fruits (misc.)
2,POTATO DICED CKD RSST SKLS SMA,16.0,320.0,414.56,145.14955840000002,Potatoes
12,PRETZEL SOFT BURGER BUN VEGAN,8.0,115.2,399.28,52.253841024,Soybeans/Tofu
12,BEAN GREEN WHL HARICOT VERT,7.0,168.0,398.37,76.20351816,Beans and pulses (dried)
6,BUN PLAIN BAO FLD BTRFLY SHPD,7.0,56.0,396.41,25.40117272,"Wheat/Rye (Bread, pasta, baked goods)"
8,TOFU FIRM SUPER ORGANIC,11.0,176.0,383.46,79.83225712000001,Soybeans/Tofu
36,CHIP CORN ORIGINAL XVL,8.0,58.496,371.68,26.533339275520003,Corn (Maize)
12,CAULIFLOWER CELLO WRPD FRSH,12.0,318.6,363.8,144.51452908200002,Cabbages and other Brassicas (Broccoli)
12,SPINACH CHOPPED IQF,7.0,169.05,354.76,76.6797901485,Cabbages and other Brassicas (Broccoli)
1,CORN WHL KERNEL GR A,7.0,204.4,349.09,92.714280428,Corn (Maize)
6,VEGETABLE BLND FIESTA,10.0,150.0,342.0,68.0388555,Legumes (misc.)
4,DRESSING MAYONNAISE VEGAN,3.0,93.12,338.16,42.2385214944,Soybeans/Tofu
8,VEGETARIAN SOY FISHLESS FIL,10.0,51.0,333.4,23.133210870000003,Legumes (misc.)
12,JUICE PNAPL 100% ASEPTIC,5.0,190.0,332.35,86.1825503,Fruits (misc.)
1,BOK CHOY BABY FRESH,12.0,120.0,324.96,54.4310844,Cabbages and other Brassicas (Broccoli)
4,BROCCOLI FLORET ICELESS,10.0,120.0,323.4,54.4310844,Cabbages and other Brassicas (Broccoli)
2,PASTA MACARONI ELBOW LRG RIDGD,7.0,140.0,314.37,63.502931800000006,"Wheat/Rye (Bread, pasta, baked goods)"
6,CHEESE MOZZ FRSH SLI THIN,12.0,72.0,307.44,32.658650640000005,Cheese
6,BEAN GARBANZO FRESH RTE,8.0,192.0,307.04,87.08973504000001,Beans and pulses (dried)
50,VEGETARIAN VEG CHCKN BRST,4.0,48.0,296.28,21.77243376,Legumes (misc.)
1,RICE JASMINE THAI,13.0,325.0,293.02,147.41752025,Rice
1,TOMATO ROMA UTILITY FRESH,8.0,200.0,266.56,90.718474,Tomatoes
4,NOODLE LO MEIN,6.0,120.0,263.16,54.4310844,"Wheat/Rye (Bread, pasta, baked goods)"
4,POTATO SWEET DICED 1 SK/OFF,7.0,140.0,253.47,63.502931800000006,Cassava and Other Roots
1,ONION YELLOW JUMBO BAG,11.0,550.0,246.18,249.4758035,Onions and Leeks
1,CUCUMBER ENGLISH LONG,17.0,204.0,242.25,92.53284348,Other vegetables
6,TOMATO CRUSHED NO SALT ADD CA,5.0,191.25,234.4,86.7495407625,Tomatoes
1,TOMATO GRAPE FRSH,5.0,50.0,233.4,22.6796185,Tomatoes
6,BEAN BLACK FRESH READY TO EAT,6.0,144.0,230.28,65.31730128000001,Beans and pulses (dried)
1,MUSHROOM PORT SLCD FRESH,10.0,50.0,220.7,22.6796185,Vegetables (misc.)
5,MEAT ALTERNATE JACKFRUIT NKD,5.0,47.65,219.65,21.6136764305,Fruits (misc.)
4,CARROT SHRD FRSH MATCH STK,6.0,120.0,215.16,54.4310844,Root Vegetables
4,CHEESE CHDR MILD FCY SHRD YEL,3.0,70.0,213.64,31.751465900000003,Cheese
6,BREAD PANINI RUSTIC SLI,4.0,72.0,184.8,32.658650640000005,"Wheat/Rye (Bread, pasta, baked goods)"
1,TOMATO ROMA FRSH,5.0,125.0,183.7,56.69904625,Tomatoes
3,SPICE ONION POWDER,0.0,22.0,179.76,9.97903214,Stimulants & Spices (misc.)
12,PEPPER SWEET VEGGIE FRSH,3.0,36.0,177.78,16.329325320000002,Legumes (misc.)
1,RICE BASMATI,3.0,120.0,173.07,54.4310844,Rice
24,BUN HAMBURGER GLUTEN FREE IW,5.0,24.0,173.0,10.88621688,Pork (pig meat)
4,CHEESE GRUYERE SHRED,1.0,20.0,165.84,9.0718474,Cheese
5,TEMPEH SOY,4.0,48.0,165.12,21.77243376,Soybeans/Tofu
6,SPICE GINGER GRND,1.0,7.029,159.44,3.18830076873,Stimulants & Spices (misc.)
24,PEPPER CHIPOTLE IN ADOBO SAUCE,3.0,30.0,158.16,13.6077711,Vegetable oils
3,MILK SWEETENED CONDENSED POUCH,2.0,50.0,157.58,22.6796185,Milk (cow's milk)
4,MILK WHL GALLON,6.0,206.4,156.48,93.621465168,Milk (cow's milk)
6,BEAN BLACK LOW SODIUM,4.0,162.0,155.6,73.48196394,Beans and pulses (dried)
6,CABBAGE NAPA KIMCHI,6.0,5.25,154.26,2.3813599425,Cabbages and other Brassicas (Broccoli)
6,BEAN PINTO FRESH READY TO EAT,4.0,96.0,153.48,43.54486752,Beans and pulses (dried)
6,PEAR HVS CH EXTRA LS 30/35,2.0,79.5,149.6,36.060593415,Fruits (misc.)
6,SPICE PAPRIKA SMK,0.0,7.437,144.97,3.3733664556900003,Stimulants & Spices (misc.)
1,SQUASH ZUCCHINI MEDIUM FRESH,6.0,120.0,144.18,54.4310844,Other vegetables
1,BEAN LENTIL DRIED,5.0,100.0,143.05,45.359237,Beans and pulses (dried)
12,CREAM HEAVY WHIPPING 36% ESL,2.0,51.32,140.5,23.278360428400003,Cream
2,HAM APLWD ULTIMATE CARVING,2.0,29.1,140.09,13.199537967,Pork (pig meat)
2,PASTA RIGATONI DRM WT SEM EN,5.0,100.0,136.4,45.359237,"Wheat/Rye (Bread, pasta, baked goods)"
4,CARROT BABY CUT PLD,5.0,86.5,136.3,39.235740005,Root Vegetables
6,HONEY PURE CLOVER GR A TSC JUG,1.0,31.0,135.26,14.06136347,Sugars and sweeteners
2,SAUCE GENERAL TSO,2.0,45.0,130.52,20.41165665,Vegetable oils
6,SPICE CURRY POWDER,0.0,8.066,129.04,3.658676056420001,Stimulants & Spices (misc.)
2,SAUCE ORANGE GNGR,2.0,40.0,128.1,18.1436948,Citrus Fruit
1,SQUASH YEL S/N SMALL FCY FRESH,4.0,76.0,127.08,34.47302012,Fruits (misc.)
4,SOUP BASE VEGETABLE LIQ CONC,2.0,23.0,124.86,10.43262451,Legumes (misc.)
6,SPICE CORIANDER GRND,0.0,8.1,123.21,3.674098197,Stimulants & Spices (misc.)
1,APRICOT DRIED MEDITERRANEAN,2.0,10.0,121.28,4.535923700000001,Fruits (misc.)
12,PEA SUGAR SNAP GR A USA,2.0,48.0,119.38,21.77243376,Peas
6,SPICE GARLIC GRANULATED,0.0,26.0,116.0,11.79340162,Stimulants & Spices (misc.)
4,SAUCE BBQ ORIGINAL,2.0,81.12,115.72,36.7954130544,Vegetable oils
1,MUSHROOM SLCD FRESH,5.0,50.0,114.65,22.6796185,Vegetables (misc.)
50,SAUSAGE VEGETARIAN ORIG BRAT,1.0,10.0,114.61,4.535923700000001,Legumes (misc.)
1,SOYBEAN WHOLE SHELLED EDAMAME,2.0,48.0,113.22,21.77243376,Soybeans/Tofu
1,GINGER ROOT FRESH,2.0,60.0,113.02,27.2155422,Roots and Tubers
4,ONION GREEN ICELS,4.0,27.675,110.7,12.55316883975,Onions and Leeks
6,SALAMI CKD CAMPESINO,2.0,33.6,109.88,15.240703632,Pork (pig meat)
6,BEAN BAKED VEGETARIAN,2.0,89.74,107.98,40.7053792838,Beans and pulses (dried)
6,ONION CRISP SPICY CHILI,1.0,13.2,106.59,5.987419284,Onions and Leeks
200,PEANUT BUTTER CREAMY CUP,2.0,18.75,105.66,8.5048569375,Cream
1,PEPPER GUAJILLO DRIED,2.0,10.0,104.48,4.535923700000001,Stimulants & Spices (misc.)
3,SPICE PEPPER BLK GRND,0.0,9.8,104.0,4.445205226000001,Stimulants & Spices (misc.)
1,RICE CALROSE,3.0,149.7,103.53,67.902777789,Rice
4,BANANA PLANTAIN FRZN SWEET SLI,3.0,72.0,101.22,32.658650640000005,Bananas
6,VEGETABLE BLEND CHFCUT ASIAN,2.0,48.04,99.32,21.7905774548,Legumes (misc.)
24,GINGER PICKLED PINK SUSHI,2.0,20.0,97.88,9.0718474,Rice
4,CHEESE MOZZARELLA SHRD WHL MLK,1.0,30.0,96.85,13.6077711,Cheese
45,CROISSANT HAM STFD,1.0,8.4,95.49,3.810175908,Pork (pig meat)
1,BREAD NAAN DIPPERS MINI,5.0,10.0,94.15,4.535923700000001,"Wheat/Rye (Bread, pasta, baked goods)"
4,JUICE ORANGE PSTRZD ULTRA PREM,2.0,70.0,93.36,31.751465900000003,Citrus Fruit
6,ARTICHOKE HEART QUARTER,1.0,39.7,93.06,18.007617089000004,Vegetables (misc.)
4,CILANTRO CLEAN WASH FRESH HERB,4.0,18.8,92.36,8.527536556000001,Stimulants & Spices (misc.)
12,PASTE TAHINI,1.0,12.0,89.77,5.4431084400000005,Stimulants
1,CARROT DICED,2.0,60.0,86.62,27.2155422,Root Vegetables
4,GRAIN SPECIALTY FARRO SEMIPRLD,2.0,24.0,86.24,10.88621688,Grains/cereals (except rice)
1,BROCCOLI CROWN ASIAN ICELS,3.0,60.0,85.38,27.2155422,Cabbages and other Brassicas (Broccoli)
4,MUSTARD DIJON SMOOTH,0.0,18.1,83.64,8.210021897,Tree nuts and seeds
6,SAUCE SOY GLUTEN FREE,1.0,31.0,83.58,14.06136347,Vegetable oils
1,PEPPER BELL RED HOT HSE,2.0,50.0,83.44,22.6796185,Stimulants & Spices (misc.)
6,FILLING PIE APPLE,1.0,46.1,83.01,20.910608257000003,"Wheat/Rye (Bread, pasta, baked goods)"
6,GRAIN SPECIALTY BULGUR WHEAT,2.0,24.0,82.08,10.88621688,Grains/cereals (except rice)
1,RAISIN SEEDLESS SELECT,1.0,28.2,80.4,12.791304834,Fruits (misc.)
8,CREAM WHIPPING NON DAIRY,2.0,35.62,79.9,16.1569602194,Cream
1,SPROUT BEAN FRESH,3.0,30.0,77.76,13.6077711,Beans and pulses (dried)
12,TOFU EXTRA FIRM WTR PK NON-GMO,4.0,48.0,77.12,21.77243376,Soybeans/Tofu
1,ONION RED MEDIUM BOX,3.0,75.0,74.52,34.01942775,Onions and Leeks
1,PEPPER ANCHO DRIED,1.0,5.0,74.02,2.2679618500000003,Stimulants & Spices (misc.)
30,MARGARINE SOLID NH NPK,2.0,60.0,73.42,27.2155422,Butter
4,SAUCE WING BUFFALO RTU,1.0,35.45,72.37,16.0798495165,"Poultry (chicken, turkey)"
12,PASTE CHILI GOCHUJANG,1.0,13.0,70.64,5.8967008100000005,Stimulants
5,TOAST FRENCH STICK HT&SRV,2.0,20.0,69.94,9.0718474,"Wheat/Rye (Bread, pasta, baked goods)"
12,SAUCE PEPPER HARISSA HOT,1.0,15.0,68.5,6.80388555,Vegetable oils
6,PEPPER RED STRIPS FIRE RSTD,1.0,37.5,67.4,17.009713875,Stimulants & Spices (misc.)
12,SALT KOSHER FLAKE COARSE,1.0,37.1,65.19,16.828276927,Stimulants & Spices (misc.)
6,QUINOA GRAIN RED FULLY COOKED,1.0,24.0,64.77,10.88621688,Grains/cereals (except rice)
1,CREAM SOUR CULTRD GRD A,1.0,32.0,64.4,14.51495584,Cream
6,JUICE POMEGRANATE 100% FRSH,2.0,18.0,63.58,8.164662660000001,Fruits (misc.)
4,SWEETENER AGAVE NECTAR LT ORG,1.0,11.5,60.92,5.216312255,Sugars and sweeteners
8,CROUTON SEASONED CUBE ZTF,1.0,20.0,60.87,9.0718474,"Wheat/Rye (Bread, pasta, baked goods)"
2,DOUGH TURNOVER APPLE 3 OZ,1.0,15.0,60.63,6.80388555,"Wheat/Rye (Bread, pasta, baked goods)"
6,APPLESAUCE FANCY UNSWEETENED,1.0,39.75,60.4,18.0302967075,Apples
8,JUICE TOMATO 100% PET,3.0,93.0,59.31,42.18409041,Tomatoes
6,TOMATO PASTE FANCY CA,1.0,41.625,59.02,18.88078240125,Tomatoes
1,LIME FRESH,1.0,40.0,58.39,18.1436948,Citrus Fruit
4,PEPPERONI SANDWICH XL SL .33OZ,1.0,10.0,55.71,4.535923700000001,Pork (pig meat)
2,BERRY PERFECT IQF,1.0,10.0,55.14,4.535923700000001,Berries
12,CEREAL HOT GRITS QUICK,2.0,36.0,54.22,16.329325320000002,Grains/cereals (except rice)
1,FLOUR ALL PURP GLUTEN FREE,1.0,25.0,53.76,11.33980925,Grains/cereals (except rice)
4,SYRUP MAPLE 55% BLEND,0.0,10.637,52.37,4.82486203969,Sugars and sweeteners
6,ONION FRENCH CRISPY TOPPING,1.0,9.0,47.92,4.082331330000001,Onions and Leeks
6,KETCHUP FANCY,1.0,42.28,47.17,19.1778854036,Tomatoes
4,PARSLEY CLN/WASH FRESH HERB,2.0,8.0,46.86,3.62873896,Grains/cereals (except rice)
3,SPICE THYME LEAVES WHL,0.0,1.5,43.81,0.6803885550000001,Vegetables (misc.)
3,SPICE GARLIC GRANULATED,0.0,6.5,43.19,2.948350405,Stimulants & Spices (misc.)
1,VEGETABLE MIX 4WAY,1.0,30.0,42.54,13.6077711,Legumes (misc.)
4,VINEGAR CIDER APPLE 5% 50 GRN,1.0,33.6,41.33,15.240703632,Stimulants
1,LEMON CHOICE FRESH,1.0,40.0,41.05,18.1436948,Citrus Fruit
24,CORN STARCH,1.0,24.0,40.35,10.88621688,Corn (Maize)
4,OIL SESAME SEED PURE,0.0,8.0,40.23,3.62873896,Rapeseed/canola (Oil)
6,MILK ORIGINAL OAT,2.0,43.92,39.82,19.9217768904,Oat milk
6,SEASONING CAJUN,0.0,2.316,39.72,1.05051992892,Stimulants & Spices (misc.)
12,SAUCE CHILI SWEET THAI,1.0,24.0,38.09,10.88621688,Vegetable oils
1,LIME FRESH,1.0,40.0,37.53,18.1436948,Citrus Fruit
6,SPICE PEPPER CAYENNE GRND,0.0,2.649,36.87,1.2015661881300002,Stimulants & Spices (misc.)
4,MUSTARD YELLOW PRPD,1.0,33.6,36.59,15.240703632,Tree nuts and seeds
2,PASTA PENNE WHL GRAIN 100%,1.0,20.0,36.18,9.0718474,"Wheat/Rye (Bread, pasta, baked goods)"
1,RAISIN SEEDLESS GOLDEN,1.0,10.0,34.05,4.535923700000001,Fruits (misc.)
1,PEPPER POBLANO FRESH,1.0,10.0,33.9,4.535923700000001,Stimulants & Spices (misc.)
6,CHEESE PROVOLONE SLICED .75 TP,1.0,9.0,33.54,4.082331330000001,Cheese
6,SPICE CUMIN GRND,0.0,4.375,32.7,1.98446661875,Stimulants & Spices (misc.)
2,PASTA NOODLE EGG XWIDE,1.0,10.0,31.68,4.535923700000001,"Wheat/Rye (Bread, pasta, baked goods)"
6,SPICE CLOVE GRND,0.0,1.066,31.56,0.48352946642,Stimulants & Spices (misc.)
1,CRANBERRY DRIED CRAISINS,1.0,10.0,31.45,4.535923700000001,Fruits (misc.)
1,PEPPER BELL RED HOTHOUSE #1,1.0,11.0,28.68,4.9895160700000005,Stimulants & Spices (misc.)
6,CORN BABY WHL CUT,1.0,42.0,28.27,19.05087954,Corn (Maize)
12,MUSTARD DRY PWDR TIN,0.0,2.0,27.54,0.90718474,Tree nuts and seeds
3,SPICE PAPRIKA DOM GRND,0.0,4.5,27.27,2.0411656650000003,Stimulants & Spices (misc.)
4,VINEGAR RED WINE FLAVORED,1.0,32.0,26.18,14.51495584,Stimulants
1,CARROT FRESH JUMBO,1.0,50.0,25.92,22.6796185,Root Vegetables
3,SPICE BAY LEAVES WHL,0.0,0.5,25.19,0.226796185,Stimulants & Spices (misc.)
6,SPICE PAPRIKA GROUND,0.0,2.25,25.14,1.0205828325,Stimulants & Spices (misc.)
6,SPICE CINNAMON STICK,0.0,0.483,21.7,0.21908511471,Stimulants & Spices (misc.)
12,JUICE LIME,1.0,24.0,21.27,10.88621688,Citrus Fruit
6,SPICE OREGANO LEAF,0.0,4.0,20.88,1.81436948,Stimulants & Spices (misc.)
6,SPICE CINNAMON STICK,0.0,2.25,20.3,1.0205828325,Stimulants & Spices (misc.)
4,VINEGAR DISTILLED WHITE 4%,1.0,37.0,19.83,16.78291769,Stimulants
12,JUICE LEMON,1.0,26.8,19.54,12.156275516,Citrus Fruit
1,THYME FRESH,1.0,2.0,19.37,0.90718474,Vegetables (misc.)
1,SPINACH BABY FRSH,1.0,4.0,18.33,1.81436948,Cabbages and other Brassicas (Broccoli)
1,PEPPER JALAPENO FRESH,1.0,10.0,17.64,4.535923700000001,Stimulants & Spices (misc.)
6,MIX SEASONING TACO,1.0,3.05,17.5,1.3834567285,Corn (Maize)
6,SPICE CINNAMON GRND,0.0,2.25,16.66,1.0205828325,Stimulants & Spices (misc.)
6,SPICE TURMERIC GROUND,0.0,1.066,16.36,0.48352946642,Stimulants & Spices (misc.)
6,SPICE SAGE RUBBED,0.0,0.408,15.8,0.18506568696,Stimulants & Spices (misc.)
4,SAUCE WORCESTERSHIRE,0.0,18.1,11.34,8.210021897,Vegetable oils
1,PEPPER JALAPENO FRSH,1.0,2.0,10.21,0.90718474,Stimulants & Spices (misc.)
1,YEAST DRY FLK NUTRI BULK,0.0,0.0,0.0,0.0,Uncategorized
4,CHICKEN CVP BRST RAND HALAL,16.0,640.0,1351.28,290.29911680000004,"Poultry (chicken, turkey)"
4,CHICKEN CVP BRST RDM HALAL,7.0,280.0,674.52,127.0058636,"Poultry (chicken, turkey)"
1,SUPPLY SOTF DINING ROOM BIDS,1.0,6.0,6340.92,2.72155422,Uncategorized
1,CHARGE FREIGHT,1.0,1.0,154.28,0.45359237,Uncategorized
12,SPREAD HUMMUS CLS W/PRETZELS,20.0,61.6,636.0,27.941289992,"Wheat/Rye (Bread, pasta, baked goods)"
4,CAKE CARROT PRE-SLICED,5.0,90.0,624.1,40.8233133,"Wheat/Rye (Bread, pasta, baked goods)"
24,SODA COCA COLA CLS,25.0,500.0,535.8,226.796185,Stimulants
24,SODA COKE DIET,25.0,444.062,535.8,201.42313500694,Stimulants
6,LOBSTER MEAT CK-CKL BLEND 38%,1.0,12.0,530.54,5.4431084400000005,Lamb/mutton & goat meat
4,CHEESECAKE PLAIN NY 16CT 11,5.0,86.25,480.3,39.122341912500005,Cheese
4,CHICKEN CVP BRST RAND HALAL,5.0,200.0,422.49,90.718474,"Poultry (chicken, turkey)"
5,APTZR SPANAKOPITA,5.0,18.75,418.9,8.5048569375,"Wheat/Rye (Bread, pasta, baked goods)"
24,WATER SPRKLG MINERAL GLASS,14.0,240.52,390.04,109.0980368324,Uncategorized
8,JUICE ORANGE 100% PET,7.0,224.0,387.36,101.60469088,Citrus Fruit
60,POPCORN PLAIN 100 CALORIE BAG,5.0,20.0,360.4,9.0718474,Corn (Maize)
6,DETERGENT MACHINE SMRTPWR,2.0,81.0,352.46,36.74098197,Uncategorized
2,TURKEY BRST SMOKED SKON,4.0,73.3,334.54,33.248320721,"Poultry (chicken, turkey)"
150,APTZR POTSTICKER KALE AND VEG,7.0,52.5,315.49,23.813599425,Legumes (misc.)
1,ASPARAGUS FRESH STANDARD,7.0,77.0,311.09,34.926612490000004,Other vegetables
24,SODA GINGER ALE CUBE,20.0,417.0,308.8,189.14801829,Stimulants
2,CAKE TIRAMISU RND,5.0,32.5,293.95,14.741752025,"Wheat/Rye (Bread, pasta, baked goods)"
3,BEEF STRIP BNLS 0X1 1/4SEL,1.0,33.9,277.54,15.376781343,Beef & buffalo meat
1,SUPPLY SOTF FOOD SAFETY LABEL,1.0,6.0,271.92,2.72155422,Uncategorized
12,CREAMER HALF & HALF ESL,6.0,153.9,263.7,69.80786574300001,Milk (cow's milk)
100,CRAB CAKE MINI,3.0,14.062,260.7,6.37841590694,Crustaceans (shrimp/prawns)
1,GLACE DEMI DE VEAL CLASSIC,2.0,32.0,258.06,14.51495584,Lamb/mutton & goat meat
1,SALMON ATL FIL E-TRIM 2-3# CHL,2.0,23.9,253.27,10.840857643,Fish (finfish)
4,BROWNIE CHOC CHUNK FABULOUS,3.0,33.72,252.45,15.2951347164,"Wheat/Rye (Bread, pasta, baked goods)"
1,RICE JASMINE THAI PR GRADE,8.0,200.0,250.48,90.718474,Rice
4,OIL OLIVE EXTRA VIRGIN ROBUSTO,2.0,48.38,239.54,21.9447988606,Olives (Oil)
56,CHIP POTATO ORIG,7.0,45.92,214.06,20.8289616304,"Wheat/Rye (Bread, pasta, baked goods)"
60,COOKIE CHOC CHIP IW,6.0,56.28,213.06,25.528178583600003,"Wheat/Rye (Bread, pasta, baked goods)"
3,SALAMI SOPRESSATA,1.0,23.12,206.25,10.4870555944,Pork (pig meat)
1,RICE 103 LONG GRAIN,6.0,299.4,198.72,135.805555578,Grains/cereals (except rice)
213,DOUGH COOKIE CHOC CHIP,3.0,63.0,197.79,28.57631931,"Wheat/Rye (Bread, pasta, baked goods)"
88,PRETZEL TINY TWIST CLS SS,5.0,27.5,197.65,12.473790175,"Wheat/Rye (Bread, pasta, baked goods)"
12,CRACKER ASSORTMENT FOR CHEESE,3.0,21.3,196.14,9.661517481,Cheese
6,ARTICHOKE HEART QUARTERED MARN,2.0,78.7,194.74,35.697719519,Vegetables (misc.)
8,CAKE CHOC FLOURLESS,2.0,16.08,190.22,7.2937653096,Grains/cereals (except rice)
1,SPINACH BABY FRSH,10.0,40.0,183.6,18.1436948,Cabbages and other Brassicas (Broccoli)
213,DOUGH COOKIE OATMEAL RAISIN,3.0,60.0,182.28,27.2155422,"Wheat/Rye (Bread, pasta, baked goods)"
1,SALMON ATL FIL D-TRIM 3-4# CHL,2.0,22.75,180.11,10.3192264175,Fish (finfish)
8,TOFU FIRM SUPER ORGANIC,5.0,80.0,174.3,36.2873896,Soybeans/Tofu
2,CAKE CHOC THUNDER,2.0,16.0,173.8,7.25747792,"Wheat/Rye (Bread, pasta, baked goods)"
4,SHRIMP BRD COCO BFLY 16/20,2.0,24.0,173.7,10.88621688,Crustaceans (shrimp/prawns)
1,LIME FLORIDA FRESH,8.0,80.0,171.05,36.2873896,Citrus Fruit
3,CHEESE CUBE CHDR/SWISS/PEP JCK,3.0,45.0,169.08,20.41165665,Cheese
24,SODA SPRITE CANS,8.0,144.0,165.52,65.31730128000001,Stimulants
4,APTZR SMOKEY GOUDA ARANCINI,2.0,6.8,165.44,3.084428116,Uncategorized
12,CIDER SPRKLG APPLE MARTINELLI,3.0,117.0,165.27,53.07030729,Apples
4,APTZR BEEF EMPANADA,2.0,10.62,161.18,4.8171509694,Beef & buffalo meat
6,CHEESE PARM GRTD DRY CARTON US,1.0,30.0,151.63,13.6077711,Cheese
40,WATER BOTTLED SPRING,10.0,456.0,146.2,206.83812072,Uncategorized
12,HAM PROSCIUTTO DOM AGED SLICED,1.0,12.0,140.98,5.4431084400000005,Pork (pig meat)
2,PASTA PENNE RIGATE MINI,3.0,59.1,140.64,26.807309067,"Wheat/Rye (Bread, pasta, baked goods)"
2,SHRIMP WHT BFLY GRL&HRB 16/20,2.0,20.0,140.54,9.0718474,Crustaceans (shrimp/prawns)
12,CHEESE BOURSIN HERB FRENCH,3.0,11.7,139.74,5.307030729,Cheese
2,BEEF ROAST TOP RND DF FRSH,1.0,19.08,133.77,8.6545424196,Beef & buffalo meat
1,BACON LAYFLAT 18/22 SMOKED,2.0,30.0,133.56,13.6077711,Pork (pig meat)
6,SNACK BAR BLUBRY VAN & CASHEW,1.0,7.35,131.45,3.3339039195,Tree nuts and seeds
36,BUTTER SOLID UNSLTD USDA AA,1.0,36.0,129.02,16.329325320000002,Butter
8,JUICE GRPFRT RUBY RED RTS PET,5.0,173.07,128.9,78.5032314759,Citrus Fruit
1,OIL SOYBEAN VEGETABLE PURE,4.0,140.0,127.44,63.502931800000006,Soybeans/Tofu
1,LETTUCE FRISSEE BABY FRESH,3.0,18.0,125.7,8.164662660000001,Cabbages and other Brassicas (Broccoli)
1,LEMON CHOICE FRESH,3.0,120.0,124.27,54.4310844,Citrus Fruit
2,MEATBALL BEEF CHICKN HALAL 1OZ,3.0,30.0,121.14,13.6077711,Beef & buffalo meat
1,TOMATO GRAPE FRSH,4.0,40.0,117.5,18.1436948,Tomatoes
4,SHRIMP WHT P&D TLOF 26/30,2.0,20.0,114.24,9.0718474,Crustaceans (shrimp/prawns)
8,JUICE CRANBERRY CKTL27% PET,2.0,64.0,108.44,29.02991168,Berries
4,MILK WHL GALLON,4.0,137.6,105.48,62.414310112,Milk (cow's milk)
1,SNAPPER RED FRZN 8-10,1.0,10.0,103.9,4.535923700000001,Fish (finfish)
1,BEAN LENTIL GREEN FRENCH,2.0,20.0,100.92,9.0718474,Beans and pulses (dried)
1200,SUGAR TURBINADO PACKET CANE,3.0,34.5,100.41,15.648936765,Sugars and sweeteners
4,CHICKEN CVP BRS JM BN/SK RN TR,1.0,40.0,98.13,18.1436948,"Poultry (chicken, turkey)"
2,CHEESE MOZZ FRSH CILIEGN 1/3OZ,3.0,18.0,96.23,8.164662660000001,Cheese
720,BUTTER CUP WHPD 720 CT USDA AA,2.0,20.0,96.0,9.0718474,Butter
6,YOGURT PLAIN GREEK NONFAT,3.0,36.0,92.61,16.329325320000002,Yogurt
1,GLACE DEMI DE POULET (CHICKEN),1.0,16.0,92.05,7.25747792,"Poultry (chicken, turkey)"
1,CHICKEN BRST AIRLINE NAE 8-10Z,2.0,20.0,91.08,9.0718474,"Poultry (chicken, turkey)"
12,PASTE TAHINI,1.0,12.0,89.77,5.4431084400000005,Stimulants
200,HONEY PURE CUP,2.0,14.0,87.4,6.35029318,Sugars and sweeteners
2,RAVIOLI SPINACH ROAST GARLIC,2.0,12.0,87.2,5.4431084400000005,"Wheat/Rye (Bread, pasta, baked goods)"
2,EGG WHL LIQUID FRSH W/CITRC,1.0,40.0,86.38,18.1436948,Eggs
2,CHICKEN TENDER HMSTYL PCK,2.0,20.0,83.9,9.0718474,"Poultry (chicken, turkey)"
6,SAUCE SOY GLUTEN FREE,1.0,31.0,83.58,14.06136347,Vegetable oils
2,CHEESE BLUE WHL SPLIT DOMSTC,2.0,12.12,83.47,5.4975395244,Cheese
6,SPICE CURRY POWDER,0.0,5.041,80.65,2.2865591371700003,Stimulants & Spices (misc.)
6,BREAD NAAN 8IN RND,2.0,23.14,79.86,10.4961274418,"Wheat/Rye (Bread, pasta, baked goods)"
20,APTZR YUCCA FRIES PRCKD,2.0,40.0,79.22,18.1436948,Cassava and Other Roots
3,APTZR POTSTICKER CHKN TERIYAKI,2.0,15.0,78.58,6.80388555,"Poultry (chicken, turkey)"
6,YOGURT VANILLA PARFAIT POUCH,2.0,48.0,78.08,21.77243376,Yogurt
4,CHEESE MOZZARELLA LMPS FTHR SH,1.0,25.0,77.46,11.33980925,Cheese
1,SUGAR GRANULATED XFINE CANE,3.0,75.0,77.34,34.01942775,Sugars and sweeteners
6,BEAN GARBANZO FRESH RTE,2.0,48.0,76.78,21.77243376,Beans and pulses (dried)
6,POTATO DICE BKFST PRIV RESV,1.0,36.0,75.33,16.329325320000002,Potatoes
60,HONEY PURE JAR,1.0,11.2,73.82,5.080234544,Sugars and sweeteners
2,ARUGULA BABY FRESH,4.0,16.0,72.94,7.25747792,Cabbages and other Brassicas (Broccoli)
12,CREAM HEAVY WHIPPING 36% ESL,1.0,25.66,72.31,11.6391802142,Cream
6,OIL AVOCADO,1.0,12.16,72.2,5.5156832192000005,Fruits (misc.)
6,SAUCE PASTA TOMATO & HERB,1.0,39.37,70.87,17.8579316069,Tomatoes
5,PASTA GNOCCHI,2.0,22.0,70.58,9.97903214,"Wheat/Rye (Bread, pasta, baked goods)"
1,OIL SALAD CANOLA ZTF,2.0,70.0,70.06,31.751465900000003,Rapeseed/canola (Oil)
4,DRESSING VINGRT APPLE CIDER,1.0,33.745,69.6,15.30647452565,Apples
1,MUSHROOM SLCD FRESH,3.0,30.0,68.79,13.6077711,Vegetables (misc.)
4,OIL CANOLA SAL,2.0,65.0,68.68,29.48350405,Rapeseed/canola (Oil)
216,DOUGH COOKIE RED VELVET,1.0,20.25,68.54,9.1852454925,"Wheat/Rye (Bread, pasta, baked goods)"
4,BANANA PLANTAIN FRZN SWEET SLI,2.0,48.0,67.48,21.77243376,Bananas
4,SAUCE WING BUFFALO,1.0,35.54,67.23,16.1206728298,"Poultry (chicken, turkey)"
4,SAUCE HOT HONEY,1.0,21.68,67.05,9.8338825816,Vegetable oils
175,PASTRY BEIGNET MN FLD CHOCCRML,1.0,9.64,66.34,4.372630446800001,"Wheat/Rye (Bread, pasta, baked goods)"
6,PIEROGI POT/ONION VEGAN,1.0,24.0,62.87,10.88621688,Legumes (misc.)
1,ASPARAGUS FRESH JUMBO,1.0,11.0,62.01,4.9895160700000005,Other vegetables
2,SAUCE PESTO NO NUT,2.0,8.0,61.54,3.62873896,Vegetable oils
1,CARROT BABY PLD TRI COLOR,2.0,12.94,60.68,5.8694852678,Root Vegetables
12,EGG HARDCOOKED PEELED DRY PACK,1.0,15.0,58.86,6.80388555,Eggs
8,JUICE APPLE 100% PET BAR MIXER,2.0,62.0,56.76,28.12272694,Apples
1,SUPPLY SOTF KITCHEN,1.0,6.0,54.9,2.72155422,Uncategorized
3,BROCCOLI FRESH SWEET BABY,2.0,12.0,54.62,5.4431084400000005,Cabbages and other Brassicas (Broccoli)
6,CHEESE GOAT CRUMBLE TRAY PK,1.0,6.0,53.99,2.72155422,Lamb/mutton & goat meat
2000,SUGAR PACKET,3.0,37.5,53.25,17.009713875,Sugars and sweeteners
12,DRINK MIX LEMONADE PINK,1.0,21.45,52.72,9.7295563365,Citrus Fruit
100,CHEESE CREAM PLAIN SPREAD CUP,2.0,9.0,52.7,4.082331330000001,Cheese
4,APTZR VEG FALAFEL BALL,1.0,16.0,49.1,7.25747792,Legumes (misc.)
2,BEAN GREEN TRIMMED FRSH,2.0,20.9,48.74,9.480080533,Beans and pulses (dried)
6,CORN WHL KERNEL GOLDEN FCY,1.0,44.85,48.21,20.3436177945,Corn (Maize)
1,COUSCOUS INTL,1.0,10.0,47.75,4.535923700000001,"Wheat/Rye (Bread, pasta, baked goods)"
4,CHEESE CHEDDAR SHARP SLICE WHT,1.0,10.0,46.86,4.535923700000001,Cheese
1,BRUSSEL SPROUT ICELS,1.0,25.0,46.38,11.33980925,Beans and pulses (dried)
12,MILK SKIM UHT,3.0,77.67,45.78,35.2305193779,Milk (cow's milk)
6,TOPPING TAPIOCA PEARLS,1.0,36.0,45.43,16.329325320000002,Fruits (misc.)
2,BROWNIE CHOC CHIP PRCT,1.0,12.0,45.18,5.4431084400000005,"Wheat/Rye (Bread, pasta, baked goods)"
8,CHEESE CHDR MLD SLI INT.5OZ YL,1.0,12.0,44.82,5.4431084400000005,Cheese
1,RADISH WATERMELON,1.0,10.0,44.77,4.535923700000001,Fruits (misc.)
20,PLANTAIN FROZEN TOSTONES,1.0,20.0,43.43,9.0718474,Bananas
1,CHARGE FREIGHT,2.0,2.0,43.4,0.90718474,Uncategorized
4,CHEESE CREAM TUB SPREAD,1.0,3.0,43.35,1.36077711,Cheese
1,TOMATO POWDER,1.0,1.38,43.19,0.6259574706,Tomatoes
4,GRAIN SPECIALTY FARRO SEMIPRLD,1.0,12.0,43.12,5.4431084400000005,Grains/cereals (except rice)
6,BEAN KIDNEY DARK RED,1.0,40.55,40.75,18.3931706035,Beans and pulses (dried)
2000,SUGAR SUB SWEETENER SPLENDA,1.0,4.4,39.83,1.9958064280000003,Sugars and sweeteners
8,CHEESE MOZZ FRSH LOG SLI CRYO,1.0,8.0,39.69,3.62873896,Cheese
1,SUGAR SUB YELLOW PKT,1.0,4.05,39.42,1.8370490985,Sugars and sweeteners
6,CORN YEL RSTD,1.0,15.0,39.3,6.80388555,Corn (Maize)
32,TEA ICED BREW BLK FP 3OZ,1.0,6.0,39.26,2.72155422,Stimulants
1,WATERCRESS FRESH ICELS,2.0,3.0,38.74,1.36077711,Other vegetables
6,BEAN BLACK FRESH READY TO EAT,1.0,24.0,38.39,10.88621688,Beans and pulses (dried)
12,CREAMER NON-DAIRY LIQ,1.0,24.0,37.14,10.88621688,Cream
1,MUSHROOM PORT RNDM W/STEM FRSH,2.0,10.8,37.12,4.8987975960000005,Vegetables (misc.)
2,SALAD POTATO REDSKIN,1.0,10.9,36.95,4.944156833,Vegetables (misc.)
2,VINEGAR BALSAMIC ITALY,1.0,22.0,36.92,9.97903214,Stimulants
4,LETTUCE FRESH TENDER GREENS,1.0,12.0,36.83,5.4431084400000005,Cabbages and other Brassicas (Broccoli)
24,PEA PIGEON GREEN (GANDULES),1.0,23.97,36.13,10.8726091089,Peas
3,KALE BABY GREEN,2.0,6.0,35.94,2.72155422,Cabbages and other Brassicas (Broccoli)
12,BREAD PITA 6,1.0,19.5,35.55,8.845051215,"Wheat/Rye (Bread, pasta, baked goods)"
6,PAN COATING BUTR SPRAY,1.0,6.37,35.48,2.8893833969,Vegetable oils
1,SPICE GARAM MASALA,1.0,1.0,34.94,0.45359237,Stimulants & Spices (misc.)
4,CILANTRO CLEAN WASH FRESH HERB,1.0,7.05,34.77,3.1978262085,Stimulants & Spices (misc.)
1,TOMATO BULK 5X6 FRESH,1.0,25.0,33.75,11.33980925,Tomatoes
6,SPICE DILL WEED WH,0.0,0.616,33.36,0.27941289992,Stimulants & Spices (misc.)
12,CRACKER RICE PLAIN,1.0,3.5,32.54,1.587573295,"Wheat/Rye (Bread, pasta, baked goods)"
6,CHEESE MASCARPONE,1.0,6.0,29.02,2.72155422,Cheese
1,SPICE MUSTARD SEED BRN,1.0,1.25,28.88,0.5669904625000001,Tree nuts and seeds
2,CHEESE BRIE PLAIN 60% DOMSTC,1.0,4.0,28.13,1.81436948,Cheese
1,PEPPER GREEN BELL LARGE FRESH,1.0,25.0,27.41,11.33980925,Stimulants & Spices (misc.)
1,EGGPLANT FRESH,1.0,27.0,26.89,12.24699399,Other vegetables
3,PECAN PCS LARGE,0.0,2.0,26.88,0.90718474,Tree nuts and seeds
4,GARLIC PEELED FRESH,0.0,5.0,26.26,2.2679618500000003,Stimulants & Spices (misc.)
6,JUICE LEMON PSTRZD ULTRA PREM,1.0,13.0,24.61,5.8967008100000005,Citrus Fruit
1,CRANBERRY DRIED SWEETENED,1.0,5.0,24.1,2.2679618500000003,Berries
4,ONION GREEN ICELS,1.0,6.15,24.08,2.7895930755000005,Onions and Leeks
1,FENNEL ANISE BUNCH FRSH,1.0,11.0,23.92,4.9895160700000005,"Wheat/Rye (Bread, pasta, baked goods)"
4,PARSLEY CLN/WASH FRESH HERB,1.0,4.0,23.72,1.81436948,Grains/cereals (except rice)
1,LETTUCE RADICCHIO FRESH,1.0,6.0,23.22,2.72155422,Cabbages and other Brassicas (Broccoli)
1,POTATO BAKING IDAHO 60CT FRSH,1.0,50.0,22.9,22.6796185,Potatoes
2,CREAM SOUR CULTRD GRADE A,1.0,10.0,21.78,4.535923700000001,Cream
6,GLAZE BALSAMIC,1.0,4.9,21.73,2.2226026130000003,Stimulants
2,TOMATO DICED 3/8IN TRAY,1.0,10.0,20.69,4.535923700000001,Tomatoes
1,THYME FRESH,1.0,2.0,19.37,0.90718474,Vegetables (misc.)
1,ROSEMARY FRESH,1.0,2.0,19.37,0.90718474,Vegetables (misc.)
6,SNACK BAR DK CHOC NUT SEA SALT,0.0,1.283,18.84,0.58195901071,Tree nuts and seeds
12,YOGURT BLACK CHERRY GREEK NF,1.0,4.5,18.03,2.0411656650000003,Yogurt
12,YOGURT BLUEBERRY GREEK NON FAT,1.0,4.0,18.03,1.81436948,Yogurt
3,LETTUCE MIX TUSCAN BABY KALE,1.0,3.0,17.97,1.36077711,Cabbages and other Brassicas (Broccoli)
1,MUSHROOM PORTABELLA CP LRG FSH,0.0,0.0,0.0,0.0,Vegetables (misc.)
1,EGG DRIED ANGEL WHT,0.0,0.0,0.0,0.0,Eggs
4,SHELL PASTRY DOUGH PHYLLO,0.0,0.0,0.0,0.0,"Wheat/Rye (Bread, pasta, baked goods)"
2,CHICKEN FAJ BRST STRIP CKD,178.0,1780.0,9148.78,807.3944186,"Poultry (chicken, turkey)"
8,STRAWBERRY FRESH DRISCOLL,167.0,1336.0,6527.85,605.99940632,Berries
2,EGG WHL LIQUID FRSH W/CITRC,63.0,2520.0,5441.94,1143.0527724,Eggs
4,GUACAMOLE FRESH ORIG BLEND HPP,97.0,776.0,3826.65,351.98767912,Fruits (misc.)
2,MEATBALL BEEF CHICKN HALAL 1OZ,83.0,830.0,3351.54,376.4816671,Beef & buffalo meat
6,PORK CARNITAS MEAT PRCK CAFE H,25.0,754.4,3346.53,342.190083928,Pork (pig meat)
90,SAUSAGE BREAKFAST PATTY VEGAN,37.0,340.03,3062.12,154.23501357109998,Legumes (misc.)
2,BEEF SIRLOIN STEW CUBE 1X1 CH,34.0,358.76,2964.79,162.7307986612,Beef & buffalo meat
4,CHICKEN CVP THIGH B/S HALAL,35.0,1400.0,2820.3,635.029318,"Poultry (chicken, turkey)"
1,BEEF SKIRT OUTSDE PLD,6.0,405.58,2729.96,183.9679934246,Beef & buffalo meat
2,BEEF FAJ STRIP FC MAR SW 1/2X3,27.0,270.0,2673.0,122.4699399,Beef & buffalo meat
2,CAULIFLOWER FLORET LRG CUT,75.0,483.75,2543.25,219.4253089875,Cabbages and other Brassicas (Broccoli)
1,SALAD FRUIT CHPOG LT SYRUP,29.0,696.0,2267.22,315.70028952,Vegetables (misc.)
2,CHICKEN TNDR FRTR ORIG FLT SEL,66.0,660.0,2252.58,299.3709642,"Poultry (chicken, turkey)"
6,LETTUCE ROMAINE CHOP,65.0,780.0,2250.3,353.80204860000003,Cabbages and other Brassicas (Broccoli)
1,EGG SHELL XL WHT USDA AA,9.0,450.0,2245.32,204.1165665,Eggs
1,OIL SALAD CANOLA ZTF,64.0,2240.0,2241.92,1016.0469088,Rapeseed/canola (Oil)
1,TOMATO GRAPE FRSH,94.0,940.0,2151.63,426.3768278,Tomatoes
2,CHICKEN BRST PRESSED ULT THN,38.0,380.0,2124.96,172.3651006,"Poultry (chicken, turkey)"
1,SALAD FRUIT NO ORANGES,27.0,648.0,2110.86,293.92785576,Fruits (misc.)
1,EGG SHELL LRG BRN A CAGE FREE,43.0,967.5,2057.07,438.850617975,Eggs
144,BISCUIT BUTTERMILK SIMPL SPLIT,43.0,872.9,2046.8,395.940779773,Yogurt
16,CHICKEN CVP 8PC CUT TR HAL,20.0,926.78,1937.89,420.3803366686,"Poultry (chicken, turkey)"
8,SAUCE MIX ALFREDO,18.0,144.0,1885.32,65.31730128000001,Vegetable oils
1,SAUSAGE TURKEY SKLS LK CK .8OZ,40.0,400.0,1852.78,181.436948,"Poultry (chicken, turkey)"
114,SAUSAGE CHICKEN FOUR PPR VEG/C,36.0,360.0,1761.84,163.2932532,Legumes (misc.)
4,BROCCOLI FLORET ICELESS,54.0,648.0,1746.56,293.92785576,Cabbages and other Brassicas (Broccoli)
8,TOFU FIRM SUPER ORGANIC,50.0,800.0,1743.0,362.873896,Soybeans/Tofu
6,SAUCE MARINARA CHUNKY,37.0,1443.0,1710.88,654.53378991,Vegetable oils
1,CHEESE CREAM ORIG CRTN,8.0,400.0,1686.49,181.436948,Cheese
1,GOAT MEAT BI SL CUBE 1.5-1.75,27.0,405.0,1683.72,183.70490985,Lamb/mutton & goat meat
6,CHEESE PIZZA BLND MOZZ/PROV WM,22.0,660.0,1666.94,299.3709642,Cheese
2,PORK LOIN BNLS CC STR/OFF 1/8I,42.0,708.28,1646.04,321.2704038236,Pork (pig meat)
1,MUSHROOM SLCD FRESH,69.0,690.0,1582.17,312.97873530000004,Vegetables (misc.)
1,BANANA FRESH GREEN TIP,63.0,2709.0,1576.26,1228.78173033,Bananas
2,SOUP TOMATO BISQUE,31.0,496.0,1523.17,224.98181552,Tomatoes
120,BISCUIT BUTTERMILK RDY TOPSPLT,32.0,600.0,1493.12,272.155422,Yogurt
2,TOMATO DICED 3/8IN TRAY,72.0,720.0,1489.68,326.5865064,Tomatoes
160,SAUSAGE PORK PTY CKD MILD 1 OZ,31.0,310.0,1422.28,140.6136347,Pork (pig meat)
2,CHICKEN MEAT DICED WHT LSOD,29.0,290.0,1398.67,131.5417873,Lamb/mutton & goat meat
2,CHICKEN THIGH SKWR GRILL HALAL,15.0,112.5,1375.2,51.029141625,"Poultry (chicken, turkey)"
2,PEPPER GREEN DICED FRESH,31.0,310.0,1354.87,140.6136347,Stimulants & Spices (misc.)
2,HAM BUFFET MASTER BNLS H/W 32%,21.0,435.92,1341.33,197.7299859304,Pork (pig meat)
1,ORANGE FANCY FRESH,36.0,1440.0,1322.33,653.1730128,Citrus Fruit
1,PLANTBASED MEATBALL VEGAN,22.0,220.0,1314.72,99.7903214,Legumes (misc.)
120,POTATO HASH BRN GLDN PTY,30.0,506.25,1301.7,229.6311373125,Potatoes
2,ONION RED DICED 3/8,30.0,300.0,1299.9,136.077711,Onions and Leeks
6,YOGURT STRAWBERRY PARFAIT POUC,33.0,792.0,1288.32,359.24515704000004,Yogurt
6,YOGURT VANILLA PARFAIT POUCH,33.0,792.0,1288.32,359.24515704000004,Yogurt
4,STEAK BEEF SHAVED XLEAN,0.0,210.0,1267.14,95.2543977,Beef & buffalo meat
1,COFFEE COLD BREW BIB,10.0,420.0,1256.3,190.5087954,Coffee
2,BACON BIT REAL CKD 3/8 GF,17.0,170.0,1248.99,77.1107029,Pork (pig meat)
6,POTATO PANCAKE MINI BABYCAKE,24.0,432.0,1214.64,195.95190384,"Wheat/Rye (Bread, pasta, baked goods)"
1,PANCAKE APPLE FILLED,24.0,312.0,1177.68,141.52081944,"Wheat/Rye (Bread, pasta, baked goods)"
2,EGG WHOLE W/CITRIC ACID CF,9.0,360.0,1176.57,163.2932532,Eggs
1,SAUSAGE KIELBASA ROPE,28.0,280.0,1155.28,127.0058636,Pork (pig meat)
72,EGGROLL VEGETABLE,21.0,283.5,1145.34,128.593436895,Eggs
4,JUICE ORANGE CONC 5X1 ORIG,6.0,192.0,1138.32,87.08973504000001,Citrus Fruit
120,EGG PATTY BAKED PLANT BASED,11.0,165.0,1133.11,74.84274105,Eggs
4,SOUP BASE VEGETABLE LIQ CONC,18.0,207.0,1123.74,93.89362059,Legumes (misc.)
4,SHRIMP WHT P&D TLOF 31/40,20.0,200.0,1068.4,90.718474,Crustaceans (shrimp/prawns)
4,ONION DICED 3/8 YEL,24.0,480.0,1028.88,217.7243376,Onions and Leeks
40,CHICKEN BRST BRD PCK NAE,22.0,220.0,997.04,99.7903214,"Poultry (chicken, turkey)"
1,APPLE GLDN DEL X-FANCY FRESH,20.0,800.0,983.52,362.873896,Apples
12,TOAST FRENCH WHL WHEAT 4PCS,16.0,384.0,983.36,174.17947008000002,"Wheat/Rye (Bread, pasta, baked goods)"
2,BEAN GREEN TRIMMED FRSH,40.0,418.0,976.23,189.60161066,Beans and pulses (dried)
2,PASTA CAVATAPPI,23.0,450.8,950.59,204.479440396,"Wheat/Rye (Bread, pasta, baked goods)"
6,ORANGE MANDARIN BRKN LS,17.0,759.05,941.46,344.2992884485,Citrus Fruit
2,CHEESE MOZZ FRSH CILIEGN 1/3OZ,29.0,174.0,920.42,78.92507238,Cheese
2,SALSA PICO DE GALLO,34.0,340.0,914.94,154.2214058,Stimulants
4,CHEESE CHEDDAR JACK FTHR SHRED,14.0,280.0,852.74,127.0058636,Cheese
1,APPLE RED DEL FANCY FRESH,23.0,920.0,838.52,417.3049804,Apples
6,PEPPER RED DICED FCY,9.0,380.7,797.49,172.68261525900002,Stimulants & Spices (misc.)
6,COCOA MIX ALEGRIA,8.0,84.0,790.48,38.10175908,Tree nuts and seeds
4,OIL CANOLA SAL,23.0,747.5,789.82,339.060296575,Rapeseed/canola (Oil)
12,CORN WHL KERNEL GR A P,16.0,480.0,789.28,217.7243376,Corn (Maize)
1,GRAPE RED SEEDLS LG,13.0,234.0,786.47,106.14061458,Citrus Fruit
36,EMPANADA CHICKEN ARGENTINIAN,15.0,102.0,784.2,46.266421740000006,"Poultry (chicken, turkey)"
4,HAM HONEY SMK SLI .67OZ,14.0,140.0,782.2,63.502931800000006,Pork (pig meat)
6,GARLIC CHOPPED IN WATER,14.0,168.0,781.34,76.20351816,Stimulants & Spices (misc.)
42,CHICKEN CUTLET CLS VEGAN 3.7,10.0,97.0,780.5,43.99845989,Legumes (misc.)
4,SHRIMP WHT P&D TLOF 51/60,16.0,160.0,778.24,72.57477920000001,Crustaceans (shrimp/prawns)
2,SAUCE PESTO NO NUT,25.0,100.0,769.25,45.359237,Vegetable oils
6,BEAN GARBANZO FRESH RTE,20.0,480.0,767.58,217.7243376,Beans and pulses (dried)
2,SOUP LENTIL VEGETERIAN,19.0,304.0,763.33,137.89208048,Beans and pulses (dried)
2,SOUP CHICKEN NDLE,18.0,288.0,758.76,130.63460256000002,"Poultry (chicken, turkey)"
1,EGG SHELL XLRG GRD AA USDA WHT,6.0,151.5,749.94,68.719244055,Eggs
6,OIL OLIVE EXTRA VIRGIN FRUTATO,6.0,97.5,749.16,44.225256075,Olives (Oil)
6,POTATO SWEET CENTER CUT,10.0,300.0,731.7,136.077711,Cassava and Other Roots
12,RASPBERRY RED FRESH,14.0,100.8,715.66,45.722110896,Berries
2,SAUCE MASALA TIKKA,20.0,160.0,712.6,72.57477920000001,Vegetable oils
1,RICE PARBOILED PERFECT,18.0,913.5,711.72,414.3566299950001,Rice
12,PANCAKE BUTTERMILK 4,22.0,270.16,705.32,122.5425146792,Yogurt
12,CREAM HEAVY WHIPPING 36% ESL,10.0,256.6,702.5,116.39180214200002,Cream
1,SAUSAGE TURKEY PTY CKD 1.6OZ,15.0,150.0,697.1,68.0388555,"Poultry (chicken, turkey)"
12,BLACKBERRY FRESH,19.0,171.0,696.3,77.56429527,Berries
36,BUTTER SOLID USDA AA SALTED,5.0,180.0,689.34,81.6466266,Butter
12,BLUEBERRY FRESH,14.0,178.5,686.9,80.966238045,Berries
1,BACON LAYFLAT 18/22 SMOKED,9.0,135.0,656.1,61.23496995,Pork (pig meat)
2,CHEESE VEGAN MOZZ SHRED,13.0,130.0,649.35,58.9670081,Soybeans/Tofu
6,POTATO TATER BARREL,12.0,360.0,637.32,163.2932532,Potatoes
2,SALMON ATL SMK SLI FIL USA,9.0,44.16,631.57,20.0306390592,Fish (finfish)
8,PORK BUTT BNLS 1/4 6-9#EA,5.0,340.4,622.59,154.40284274799998,Pork (pig meat)
2,TOFU FIRM BTRD NUGGET,6.0,120.0,619.32,54.4310844,Soybeans/Tofu
6,SAUCE PIZZA W/BASIL MW,16.0,605.6,617.76,274.695539272,Vegetable oils
6,OLIVE BLACK RIPE SLICED,8.0,344.0,616.4,156.03577528,Other vegetables
4,DIP HUMMUS TRADITIONAL,13.0,195.0,598.13,88.45051215000001,Vegetable oils
12,BUN BRAT PRETZL SLI 2.6Z VEGAN,12.0,156.0,589.56,70.76040972,Legumes (misc.)
6,EGG WHITE SUPER WHIP,6.0,180.0,586.68,81.6466266,Eggs
2,SOUP PASTA FAGIOLI,16.0,2.56,584.32,1.1611964672,"Wheat/Rye (Bread, pasta, baked goods)"
2,BACON TURKEY SLI SMK BULK,13.0,130.0,579.28,58.9670081,"Poultry (chicken, turkey)"
120,SPREAD CHOCOLATE HZLNT PC,20.0,82.0,578.0,37.19457434,Sugars and sweeteners
2,BEEF SLICED PEPPERONI HALAL,9.0,90.0,576.99,40.8233133,Beef & buffalo meat
50,SAUSAGE VEGETARIAN ITAL HOT,5.0,55.0,573.7,24.947580350000003,Legumes (misc.)
2,SAUSAGE SMKD MPLE BIAS CUT Z,12.0,120.0,573.0,54.4310844,Pork (pig meat)
2,SAUSAGE CHORIZO VEGAN BULK,9.0,90.0,568.98,40.8233133,Legumes (misc.)
6,PAN COATING BUTR SPRAY,16.0,101.92,567.68,46.2301343504,Vegetable oils
4,CARROT STK 4 IN FRESH,13.0,260.0,563.29,117.9340162,Root Vegetables
100,CHEESE CREAM ORIG SPREAD CUP,16.0,75.008,561.12,34.02305648896,Cheese
1,GRAPE GREEN SEEDLS LG,8.0,144.0,549.68,65.31730128000001,Citrus Fruit
4,BEEF GRND BULK 81/19 CHUB FRS,3.0,123.2,547.46,55.882579984,Beef & buffalo meat
4,SYRUP MAPLE PURE DARK ROBUST,2.0,88.02,544.5,39.9252004074,Sugars and sweeteners
150,APTZR POTSTICKER KALE AND VEG,12.0,90.0,540.84,40.8233133,Legumes (misc.)
6,POTATO FRY KK 1/2,13.0,390.0,529.36,176.90102430000002,Potatoes
4,CAKE LEMON BRY CRM MASCARPONE,4.0,91.2,518.48,41.367624144,"Wheat/Rye (Bread, pasta, baked goods)"
2,CHEESE PARM SHRD USA,10.0,100.0,517.68,45.359237,Cheese
4,LETTUCE FRESH TENDER GREENS,14.0,168.0,515.62,76.20351816,Cabbages and other Brassicas (Broccoli)
12,JUICE CONC MANDARIN CARDAMOM,3.0,96.102,514.77,43.59113394174,Citrus Fruit
12,JUICE CONC MANGO,3.0,96.09,514.77,43.585690833300006,Fruits (misc.)
4,SPINACH CLIPPED FRESH,17.0,170.0,508.3,77.1107029,Cabbages and other Brassicas (Broccoli)
1,OAT REGULAR GLUTEN FREE,9.0,225.0,500.94,102.05828325,Oats (Oatmeal)
1,PEPPER SWEET BELL MEDLEY HH,12.0,240.0,500.64,108.8621688,Stimulants & Spices (misc.)
1,POTATO YELLOW YUKON GOLD B SZ,32.0,1600.0,498.24,725.747792,Potatoes
6,BEAN KIDNEY DARK RED,12.0,486.6,489.0,220.718047242,Beans and pulses (dried)
6,ARTICHOKE HEART QUARTERED MARN,5.0,196.75,486.24,89.24429879750001,Vegetables (misc.)
2,EGG LIQ WHL CAGE FREE W/CITRIC,3.0,120.0,483.57,54.4310844,Eggs
2,CAKE LYR PNK LMNADE 10IN 14CT,6.0,84.0,480.0,38.10175908,"Wheat/Rye (Bread, pasta, baked goods)"
2,CHICKEN TNDR FRTR HMSTYL JUMBO,13.0,130.0,479.18,58.9670081,"Poultry (chicken, turkey)"
4,COFFEE FRZDRY ALEGRIA DELICATE,4.0,8.8,473.4,3.9916128560000006,Coffee
4,BANANA PLANTAIN FRZN SWEET SLI,14.0,336.0,472.36,152.40703632,Bananas
1,FRANK BEEF IMPOSSF PLANT BASED,5.0,50.0,468.4,22.6796185,Beef & buffalo meat
4,CARROT SHRD FRSH MATCH STK,13.0,260.0,466.18,117.9340162,Root Vegetables
4,SAUCE TZATZIKI SOUR CREAM,11.0,165.0,461.67,74.84274105,Vegetable oils
6,BEAN BLACK FRESH READY TO EAT,12.0,288.0,460.48,130.63460256000002,Beans and pulses (dried)
6,COFFEE CAPP FRCH VAN,6.0,72.0,459.54,32.658650640000005,Coffee
12,PEA GREEN P,9.0,270.0,459.09,122.4699399,Peas
4,SALSA CHUNKY MED AUTHENTIC,6.0,202.5,457.08,91.852454925,Stimulants
2,PORK BELLY SKIN ON,6.0,169.0,456.13,76.65711053,Pork (pig meat)
2,PASTA PENNE RIGATE HVY WALL,11.0,220.0,454.63,99.7903214,"Wheat/Rye (Bread, pasta, baked goods)"
6,GRAIN QUINOA RED FULLY COOKED,11.0,145.2,449.57,65.861612124,Grains/cereals (except rice)
4,CELERY STICK FRESH,9.0,180.0,441.72,81.6466266,Other vegetables
6,GRAIN QUINOA WHT FULLY CKD ORG,11.0,145.2,439.34,65.861612124,Grains/cereals (except rice)
5,MEAT ALTERNATE JACKFRUIT NKD,10.0,95.3,439.3,43.227352861,Fruits (misc.)
10,APTZR VEGETABLE EGGRLL,8.0,40.0,437.12,18.1436948,Eggs
4,CEREAL GRANOLA OATSN HNY BLKPK,6.0,75.0,420.3,34.01942775,Grains/cereals (except rice)
1,SYRUP LIQUID SWEETENER HFCS,13.0,725.53,409.24,329.0948722061,Sugars and sweeteners
6,SAUCE CHEESE ULT YEL POUCH,4.0,159.0,402.56,72.12118683,Cheese
1,BRATWURST LNK PRECOOKED 5X1,10.0,100.0,402.2,45.359237,Uncategorized
3,PEA GREEN WASABI BULK,3.0,45.0,396.06,20.41165665,Peas
4,COFFEE FRZDRY 100% ARABE ALEGR,3.0,6.6,394.08,2.993709642,Coffee
100,CHEESE CREAM CHIVE & ONION,9.0,56.25,383.22,25.5145708125,Cheese
200,PEANUT BUTTER CREAMY CUP,7.0,65.625,383.18,29.76699928125,Cream
6,NOODLE EGG LO MEIN THICK,8.0,240.0,380.56,108.8621688,Eggs
4,CARROT BABY CUT PLD,14.0,242.2,378.98,109.860072014,Root Vegetables
1,SYRUP LIQUID SWTNR NON NUTRITV,3.0,65.58,378.42,29.7465876246,Sugars and sweeteners
6,STRAWBERRY SLICED 4X1,4.0,157.4,372.66,71.395439038,Berries
2,CHEESE FETA CRUMBLED,10.0,100.0,365.54,45.359237,Cheese
4,CELERY DICED 3/8,8.0,160.0,365.04,72.57477920000001,Other vegetables
12,MAYONNAISE SQUEEZE BTL USA,4.0,58.768,364.16,26.65671640016,Vegetable oils
1,SQUASH YELLOW S/N MEDIUM FRESH,13.0,312.0,362.85,141.52081944,Fruits (misc.)
6,MILK OAT ORIGINAL ESL,12.0,286.92,358.2,130.14472280040002,Oat milk
1,EGG HARDBOILED WHL PEEL SEL,4.0,100.0,351.04,45.359237,Eggs
2,MANGO CUBED,9.0,90.0,347.4,40.8233133,Fruits (misc.)
6,MILK COCONUT UNSWT,4.0,152.0,344.04,68.94604024,Tree nuts and seeds
1,EGG SHELL LRG WHT A CAGE FREE,7.0,157.5,343.21,71.440798275,Eggs
12,JUICE CONC NSA PNAPLE PASINFRT,2.0,66.72,343.18,30.2636829264,Fruits (misc.)
2,CHEESE COTTAGE SMALL CURD 1%,13.0,130.0,342.94,58.9670081,Cheese
12,BUN HOAGIE WHITE 8IN HINGD,9.0,151.2,341.73,68.58316634399999,"Wheat/Rye (Bread, pasta, baked goods)"
6,BUN PLAIN BAO FLD BTRFLY SHPD,6.0,48.0,339.78,21.77243376,"Wheat/Rye (Bread, pasta, baked goods)"
1,CUCUMBER SELECT FRESH,11.0,550.0,338.85,249.4758035,Other vegetables
100,CHEESE CREAM GARDEN VEGETABLE,8.0,50.0,335.52,22.6796185,Cheese
212,VEGETABLE VEG CHICKEN NUG,6.0,60.0,333.72,27.2155422,Legumes (misc.)
144,WAFFLE JUMBO GOURM WHL GRN,12.0,140.4,332.64,63.684368748,"Wheat/Rye (Bread, pasta, baked goods)"
2,SOUP SPLIT PEA W/HAM,7.0,119.0,329.59,53.97749203,Pork (pig meat)
4,SHRIMP BRD POPCRN 60/80,7.0,70.0,329.07,31.751465900000003,Crustaceans (shrimp/prawns)
6,BEET DICED FCY,7.0,302.4,327.32,137.16633268799998,Root Vegetables
1,RICE BOTAN SUSHI RICE,12.0,240.0,326.04,108.8621688,Rice
1,CREAM SOUR CULTRD GRD A,5.0,160.0,322.0,72.57477920000001,Cream
4,CEREAL CHEERIOS HONEY,5.0,45.0,319.1,20.41165665,Grains/cereals (except rice)
6,SAUCE SOY TAMARI GLUTEN FREE,4.0,117.12,316.52,53.1247383744,Vegetable oils
140,DESSERT MINI RASPBERRY BEIGNET,5.0,38.6,314.25,17.508665482,Sugars and sweeteners
1,SQUASH ZUCCHINI MEDIUM FRESH,11.0,220.0,312.31,99.7903214,Other vegetables
2,SOUP VEGETARIAN 3 BEAN W/CHILI,6.0,96.0,311.4,43.54486752,Beans and pulses (dried)
6,CHILI CON CARNE W/BEAN,3.0,118.65,308.49,53.8187347005,Beans and pulses (dried)
6,BEAN PINTO FRESH READY TO EAT,8.0,192.0,306.96,87.08973504000001,Beans and pulses (dried)
4,CHEESE CHDR MILD FCY SHRD YEL,5.0,100.0,305.2,45.359237,Cheese
2,BACON BIT REAL CKD 1/2 GF,4.0,60.0,305.16,27.2155422,Pork (pig meat)
4,GRAIN SPECIALTY FARRO SEMIPRLD,7.0,84.0,301.84,38.10175908,Grains/cereals (except rice)
12,PRETZEL SOFT BURGER BUN VEGAN,6.0,86.4,299.46,39.190380768,Soybeans/Tofu
6,SPICE PEPPERCORN BLK GRINDER,3.0,8.37,291.75,3.7965681369,Corn (Maize)
8,CHEESE PEPPER JACK SLI .75OZ,6.0,72.0,286.98,32.658650640000005,Cheese
1,CANDY MINT STARLIGHT POUCH PPM,3.0,90.0,284.04,40.8233133,Sugars and sweeteners
2,CHEESECAKE CANDY COTTN SWIRL,4.0,38.48,281.2,17.4542343976,Cheese
15,EGG WHL LIQ FRSH W/CITRIC TFF,4.0,120.0,281.16,54.4310844,Eggs
4,CAKE RED VELVET LYR 9,4.0,53.0,280.92,24.04039561,"Wheat/Rye (Bread, pasta, baked goods)"
16,KETCHUP SQUEEZE RED UPSIDE DWN,8.0,140.8,278.4,63.86580569600001,Tomatoes
2,CHICKEN POPCORN FRTR ORIG,7.0,70.0,274.19,31.751465900000003,"Poultry (chicken, turkey)"
36,SALT SEA GRINDER,3.0,14.31,270.45,6.490906814700001,Stimulants & Spices (misc.)
2,SOUP CREAM OF BROCCOLI REFRI,6.0,93.0,266.04,42.18409041,Cream
175,PASTRY BEIGNET MN FLD CHOCCRML,4.0,38.56,265.36,17.490521787200002,"Wheat/Rye (Bread, pasta, baked goods)"
12,SALT KOSHER FLAKE COARSE,4.0,148.4,260.76,67.313107708,Stimulants & Spices (misc.)
4,CEREAL COCOA PUFFS BULKPAK,4.0,42.2,255.68,19.141598014000003,Grains/cereals (except rice)
1,VEGETABLE MIX 4WAY,6.0,180.0,255.24,81.6466266,Legumes (misc.)
2,TURKEY BRST SMOKED SKON,3.0,55.9,255.13,25.355813483,"Poultry (chicken, turkey)"
4,CHEESE AMER 120 SLI YEL,4.0,76.0,254.44,34.47302012,Cheese
2,SOUP MINESTRONE RTU REFRI,6.0,96.0,251.4,43.54486752,"Wheat/Rye (Bread, pasta, baked goods)"
1,RICE JASMINE THAI PR GRADE,8.0,200.0,250.48,90.718474,Rice
100,CHEESE CREAM ORIG SPREAD CUP,6.0,37.5,249.36,17.009713875,Cheese
6,POTATO FRY 3/8,6.0,180.0,246.0,81.6466266,Potatoes
6,POTATO FRY SPIRAL SEASD BKABL,5.0,120.0,238.9,54.4310844,Potatoes
175,PASTRY BEIGNET MN FLD CKIE BTR,4.0,38.56,238.8,17.490521787200002,"Wheat/Rye (Bread, pasta, baked goods)"
4,NOODLE YAKISOBA JAPNSE FZ,7.0,140.0,238.35,63.502931800000006,"Wheat/Rye (Bread, pasta, baked goods)"
1,CHICKEN TENDER VEGAN,5.0,50.0,235.05,22.6796185,Legumes (misc.)
6,CHEESE CREAM WHPD TUB,2.0,42.0,233.52,19.05087954,Cheese
6,KALE CHOPPED,8.0,96.0,231.92,43.54486752,Cabbages and other Brassicas (Broccoli)
6,MILK SOY PLAIN 64OZ,8.0,192.0,221.48,87.08973504000001,Soy milk
8,CHEESE SWISS SLICE .75 OZ,4.0,48.0,221.44,21.77243376,Cheese
12,TURKEY HAM SLI FRZ,4.0,48.0,220.68,21.77243376,"Poultry (chicken, turkey)"
4,LETTUCE SHREDDED 1/8 IN FRESH,9.0,180.0,214.62,81.6466266,Cabbages and other Brassicas (Broccoli)
4,CHEESE CREAM PLAIN VEGAN,5.0,40.0,212.5,18.1436948,Cream
1,TOMATO ROMA UTILITY FRESH,6.0,150.0,209.4,68.0388555,Tomatoes
4,CILANTRO CLEAN WASH FRESH HERB,9.0,42.3,207.81,19.186957251,Stimulants & Spices (misc.)
4,SAUCE WING BUFFALO,3.0,106.62,201.69,48.36201848940001,"Poultry (chicken, turkey)"
6,GRAVY SAUSAGE COUNTRY RTU,2.0,76.0,200.58,34.47302012,Pork (pig meat)
6,DRESSING BLUE CHEESE POUR BTL,4.0,48.6,198.84,22.044589182000003,Cheese
4,CARROT DICED 3/8,5.0,100.0,198.28,45.359237,Root Vegetables
4,JUICE CRNBRY DRINK MINI PAC,1.0,32.0,196.48,14.51495584,Citrus Fruit
4,APTZR VEG FALAFEL BALL,4.0,64.0,196.4,29.02991168,Legumes (misc.)
2,SAUCE GENERAL TSO,3.0,67.5,195.78,30.617484975,Vegetable oils
4,CHERRY MARA STEM,2.0,64.0,194.68,29.02991168,Fruits (misc.)
1,KNIFE CHEF WIDE 10 IN,10.0,37.0,194.5,16.78291769,Uncategorized
2,SOUP BUTTERNUT & APPLE,4.0,0.64,193.36,0.2902991168,Fruits (misc.)
12,SUGAR BROWN LIGHT CANE,5.0,120.0,193.35,54.4310844,Sugars and sweeteners
12,MAYONNAISE SQUEEZE BTL,3.0,25.86,192.48,11.7298986882,Vegetable oils
6,CHEESE MOZZ LMPS  SLI .75OZ,5.0,45.0,192.35,20.41165665,Cheese
1,COUSCOUS INTL,4.0,40.0,191.0,18.1436948,"Wheat/Rye (Bread, pasta, baked goods)"
2,SOUP CHOWDER CLAM N.E. FRESH,3.0,45.0,190.77,20.41165665,Mollusks
2,PASTA NOODLE EGG XWIDE,6.0,60.0,190.08,27.2155422,"Wheat/Rye (Bread, pasta, baked goods)"
2,POTATO DICED CKD RED SKON,6.0,120.0,189.96,54.4310844,Potatoes
6,CHESTNUT WATER SLICED,2.0,76.46,189.14,34.681672610199996,Peanuts/groundnuts
2,MEAT ALTERNATE SEITAN BULK,4.0,40.0,188.52,18.1436948,Soybeans/Tofu
2,BACON PRECOOKED THICK SLICE,3.0,11.25,186.72,5.1029141625,Pork (pig meat)
1,BOK CHOY BABY FRESH,7.0,70.0,185.43,31.751465900000003,Cabbages and other Brassicas (Broccoli)
60,DRESSING CAESAR CREAMY PKT,7.0,39.41,183.75,17.8760753017,Vegetable oils
6,SAUCE TERIYAKI GLAZE,3.0,95.25,181.05,43.2046732425,Vegetable oils
6,ARTICHOKE HEART QUARTER,2.0,66.0,179.76,29.937096420000003,Vegetables (misc.)
12,JUICE CONC HIBISCUS JAMAICA,1.0,32.034,178.41,14.53037798058,Sugars and sweeteners
6,TOMATO PASTE FANCY CA,3.0,124.875,177.06,56.642347203750006,Tomatoes
5,PASTA GNOCCHI,5.0,55.0,176.45,24.947580350000003,"Wheat/Rye (Bread, pasta, baked goods)"
4,BANANA PLANTAIN SLI SWEET,5.0,120.0,173.85,54.4310844,Bananas
1,POTATO SWEET #1 STANDARD,6.0,240.0,172.74,108.8621688,Cassava and Other Roots
12,SPINACH CHOPPED,6.0,216.0,172.2,97.97595192,Cabbages and other Brassicas (Broccoli)
12,JUICE CONC PUNCH FARMERS,1.0,31.0,171.59,14.06136347,Uncategorized
12,DRINK LEMONADE CONC,1.0,32.03,171.59,14.5285636111,Citrus Fruit
6,MIX WAFFLE BELGIAN COMPLT,3.0,90.0,171.33,40.8233133,"Wheat/Rye (Bread, pasta, baked goods)"
6,SAUCE HOISIN,3.0,106.35,170.63,48.2395485495,Vegetable oils
1,SOYBEAN WHOLE SHELLED EDAMAME,3.0,72.0,169.83,32.658650640000005,Soybeans/Tofu
4,GARLIC PEELED CHINESE,0.0,45.0,169.75,20.41165665,Stimulants & Spices (misc.)
4,BEEF GRND BLK 80/20 GRFD HALAL,2.0,40.16,168.79,18.2162695792,Beef & buffalo meat
1,APPLE RED DEL FANCY FRESH,5.0,200.0,168.2,90.718474,Apples
24,ICE CREAM BAR NESTLE CRUN,5.0,22.5,166.15,10.205828325,Ice cream
24,ICE CREAM SNDW M&M COOKIE,5.0,20.145,165.1,9.13761829365,Ice cream
140,DESSERT MINI PLAIN BEIGNET,3.0,18.51,164.04,8.395994768700001,Sugars and sweeteners
1,APPLE GRANNYSMITH SLI IQF,3.0,90.0,163.29,40.8233133,Apples
4,DRESSING CAESAR CREAMY LIBERTY,2.0,65.2,162.54,29.574222524000003,Vegetable oils
2,POTATO DICED CKD RED SKON FRZN,6.0,120.0,161.46,54.4310844,Potatoes
24,CORN STARCH,4.0,96.0,161.4,43.54486752,Corn (Maize)
4,CEREAL FROOT LOOPS,3.0,27.75,159.54,12.5871882675,Grains/cereals (except rice)
1,RICE BASMATI WHITE,4.0,98.8,157.44,44.814926156,Rice
3,SPICE PEPPER BLK GRND,1.0,14.7,155.88,6.667807839,Stimulants & Spices (misc.)
2,ARUGULA BABY FRESH,9.0,36.0,155.79,16.329325320000002,Cabbages and other Brassicas (Broccoli)
720,BUTTER CUP USDA AA,4.0,32.0,155.0,14.51495584,Butter
60,DRESSING RANCH PACKET,7.0,39.34,152.04,17.8443238358,Vegetable oils
1,ICE CREAM SAND TOLL HSE CKIE,5.0,20.0,150.65,9.0718474,Ice cream
1,PEA SNOW FRESH,4.0,40.0,150.23,18.1436948,Peas
6,CHIP TORTILLA YEL TRIANG,4.0,48.0,148.68,21.77243376,"Wheat/Rye (Bread, pasta, baked goods)"
6,TEA HERBAL ORG & CINNAMON,6.0,7.62,147.42,3.4563738594,Stimulants
6,TEA BAG LMN GNGR,6.0,6.96,147.42,3.1570028952,Citrus Fruit
6,TEA BAG PPRMNT PURE,6.0,6.96,147.42,3.1570028952,Stimulants
4,ONION GREEN ICELS,6.0,36.9,145.52,16.737558453000002,Onions and Leeks
6,TEA BAG ENGLISH BKFST,6.0,6.0,144.9,2.72155422,Stimulants
6,MILK ALMOND ORIGINAL,7.0,168.0,144.69,76.20351816,Almond milk
6,SPICE FIVE CHINESE,0.0,6.3,144.24,2.857631931,Stimulants & Spices (misc.)
2,SOUP BROCCOLI CHS CHEDDAR RTU,3.0,48.0,143.7,21.77243376,Cabbages and other Brassicas (Broccoli)
4,NOODLE SOBA,3.0,60.0,143.67,27.2155422,"Wheat/Rye (Bread, pasta, baked goods)"
20,STEAK SKIRT OUTSDE PLD,1.0,10.4,142.63,4.7173606480000005,Beef & buffalo meat
6,SEASONING CAJUN,0.0,8.108,139.02,3.67772693596,Stimulants & Spices (misc.)
6,FILLING PIE BLUEBERRY,1.0,42.0,138.61,19.05087954,"Wheat/Rye (Bread, pasta, baked goods)"
4,SOUP BASE CHICKEN LIQ CONC,2.0,23.0,134.8,10.43262451,"Poultry (chicken, turkey)"
12,EGG LIQUID FRZN PLNT-BSD,1.0,24.0,134.52,10.88621688,Eggs
36,BUTTER SOLID SALTED NON USDA,1.0,36.0,134.45,16.329325320000002,Butter
4,CEREAL CAP N CRUNCH,3.0,27.18,133.53,12.3286406166,Grains/cereals (except rice)
6,PEPPER JALAPENO SLI,3.0,116.85,130.74,53.0022684345,Stimulants & Spices (misc.)
3,PASTA TORTELLINI TRICOLOR,4.0,36.0,129.6,16.329325320000002,"Wheat/Rye (Bread, pasta, baked goods)"
6,PINEAPPLE TIDBIT JCE,2.0,91.4,129.31,41.458342618,Fruits (misc.)
6,MILK COCONUT UNSWEETEND,2.0,73.5,129.14,33.339039195000005,Tree nuts and seeds
4,SAUCE SESAME GARLIC,2.0,39.2,129.14,17.780820904000002,Tree nuts and seeds
6,HAM SLICED SMK H\W .5OZ FRESH,2.0,24.0,128.9,10.88621688,Pork (pig meat)
6,BEET SLI SAL MW,3.0,127.05,128.31,57.6289106085,Root Vegetables
4,CHEESE AMER 160 SLI WHT,2.0,40.0,128.28,18.1436948,Cheese
4,KALE FRESH GRN SHRD 1/8 SEPCLR,6.0,36.0,127.74,16.329325320000002,Cabbages and other Brassicas (Broccoli)
6,PINEAPPLE TIDBIT JCE FCY,2.0,78.1,126.7,35.425564097,Fruits (misc.)
6,BEAN GREAT NORTHERN,3.0,138.0,125.55,62.59574706,Beans and pulses (dried)
24,LYCHEE WHL IN HEAVY SYRUP,1.0,30.0,124.39,13.6077711,Sugars and sweeteners
6,PRESERVE APRICOT,2.0,48.0,124.16,21.77243376,Fruits (misc.)
140,DESSERT MINI CHC HZLNT BEIGNET,2.0,15.44,123.14,7.0034661928,Sugars and sweeteners
6,GRAIN SPECIALTY BULGUR WHEAT,3.0,36.0,123.12,16.329325320000002,Grains/cereals (except rice)
2,DRESSING CUSABI AND DIP,2.0,32.0,122.54,14.51495584,Vegetable oils
4,CHEESE CHEDDR JACK FANCY SHRED,2.0,40.0,122.08,18.1436948,Cheese
8,CROUTON SEASONED CUBE ZTF,2.0,40.0,121.74,18.1436948,"Wheat/Rye (Bread, pasta, baked goods)"
48,ICE CREAM VAN CUP 4 OZ,5.0,31.96,121.43,14.496812145200002,Ice cream
440,DONUT HOLE PLAIN CAKE,3.0,34.71,120.54,15.744191162700002,"Wheat/Rye (Bread, pasta, baked goods)"
48,ICE CREAM CHOC CUP 4 OZ,5.0,33.765,118.15,15.31554637305,Ice cream
4,PARSLEY CLN/WASH FRESH HERB,5.0,20.0,117.15,9.0718474,Grains/cereals (except rice)
8,CHEESE VEGAN CHED SLI,2.0,24.0,116.34,10.88621688,Soybeans/Tofu
6,SPICE GARLIC GRANULATED,0.0,26.0,116.0,11.79340162,Stimulants & Spices (misc.)
180,CREAMER HZLNT NON DAIRY,5.0,24.25,115.9,10.9996149725,Cream
12,TOPPING WHPD ARSL,3.0,30.0,114.45,13.6077711,Vegetable oils
6,PEPPER JALAPENO SLI FIELD RUN,3.0,114.75,114.09,52.049724457500005,Stimulants & Spices (misc.)
6,CRAB IMIT FLAKE STYL,2.0,30.0,112.8,13.6077711,Crustaceans (shrimp/prawns)
400,JELLY ASST 160G/160MF/80STR,2.0,19.0,112.6,8.61825503,Sugars and sweeteners
10,TEA HOT BAG BLK  ENV,2.0,14.0,110.52,6.35029318,Stimulants
6,SUNFLOWER SEED SUNBUTTER,1.0,30.0,110.35,13.6077711,Butter
4,POTATO SWEET DICED 3/8 SK/OFF,3.0,60.0,110.34,27.2155422,Cassava and Other Roots
320,CREAM PUFF VAN BULK PAC,2.0,16.0,108.58,7.25747792,Cream
4,JUICE RASP LEMONADE CONC 5X1,1.0,30.5,108.24,13.834567285,Berries
2,ONION GREEN FRSH,2.0,20.0,108.1,9.0718474,Onions and Leeks
4,SWEETENER AGAVE LGT BLORGANIC,1.0,23.0,107.51,10.43262451,Sugars and sweeteners
6,BEAN BAKED VEGETARIAN RED SOD,2.0,86.26,102.54,39.1268778362,Beans and pulses (dried)
6,PASTE MISO WHT KOSHI,3.0,14.85,101.61,6.7358466945,Stimulants
10,CHIP WONTON STRIP,2.0,20.0,100.7,9.0718474,"Wheat/Rye (Bread, pasta, baked goods)"
1200,SUGAR TURBINADO PACKET CANE,3.0,34.5,100.41,15.648936765,Sugars and sweeteners
8,VEGETARIAN SOY FISHLESS FIL,3.0,15.3,100.02,6.939963261000001,Legumes (misc.)
1,SALMON ATL PRTN CC 8OZ NOR,1.0,10.0,99.66,4.535923700000001,Fish (finfish)
12,ICE CREAM OREO KING CONE SNGL,3.0,10.713,98.49,4.85933505981,Ice cream
6,TEA ASST BLK,4.0,4.0,98.28,1.81436948,Stimulants
6,TEA ASST HERBAL,4.0,5.08,98.28,2.3042492396000003,Stimulants
288,CREAMER NON-DAIRY IRISH CREME,4.0,36.0,97.84,16.329325320000002,Cream
4,SAUCE JAMAICAN JERK WING,2.0,40.222,97.7,18.24439230614,Vegetable oils
6,TEA GREEN,4.0,4.8,96.6,2.177243376,Stimulants
6,ONION FRENCH CRISPY TOPPING,2.0,18.0,95.84,8.164662660000001,Onions and Leeks
2,TOMATO SLI FRSH FC XL,3.0,63.0,95.34,28.57631931,Tomatoes
12,BREAD PITA GYRO PRE-OILED 7,3.0,63.0,94.92,28.57631931,"Wheat/Rye (Bread, pasta, baked goods)"
60,DRESSING BALSAMIC VINGT PKT,6.0,33.78,94.56,15.322350258600002,Vegetable oils
1,CRANBERRY DRIED CRAISINS,3.0,30.0,94.35,13.6077711,Fruits (misc.)
1,PEA & CARROT,2.0,60.0,94.06,27.2155422,Peas
2,SOUP CHICKEN VEGETABLE W/RICE,2.0,32.0,93.74,14.51495584,Legumes (misc.)
1,BASIL FRESH,5.0,10.0,92.55,4.535923700000001,Stimulants & Spices (misc.)
1,RICE BROWN PARBOILED WHLGRN QC,4.0,102.0,92.48,46.266421740000006,Rice
2000,SUGAR SUBSTITUTE STICK,2.0,8.82,92.26,4.0006847034,Sugars and sweeteners
6,CHESTNUT WATER SLICED,1.0,38.0,92.08,17.23651006,Peanuts/groundnuts
1,KNIFE CHEF WIDE 8 IN,5.0,18.5,91.6,8.391458845,Uncategorized
1,CABBAGE NAPA CHINESE FRESH,2.0,60.0,91.48,27.2155422,Cabbages and other Brassicas (Broccoli)
2,SALAD COLESLAW DIXIE CHPD,3.0,42.0,91.32,19.05087954,Vegetables (misc.)
24,COOKIE CHOC CHIP GLTN FR I/W,3.0,16.5,91.2,7.484274105000001,"Wheat/Rye (Bread, pasta, baked goods)"
1,CORN COB PET SUPER SWEET FROZ,2.0,58.0,91.14,26.30835746,Corn (Maize)
4,CHICKEN CVP BRST 6OZ HAL,1.0,20.0,91.14,9.0718474,"Poultry (chicken, turkey)"
1,ONION YELLOW JUMBO BAG,4.0,200.0,89.52,90.718474,Onions and Leeks
24,SYRUP CHOCOLATE  SQZ BOTTLE,1.0,36.0,89.02,16.329325320000002,Sugars and sweeteners
6,DRESSING CAESAR CRMY ESSENTIAL,2.0,23.898,88.68,10.83995045826,Vegetable oils
4,SAUCE GARLIC PEPPER BOOM BOOM,1.0,31.71,88.38,14.3834140527,Vegetable oils
6,ONION SLICED CKD IN SAUCE,1.0,43.7,88.27,19.821986569000003,Onions and Leeks
12,SYRUP CARAMEL,1.0,39.0,88.21,17.69010243,Sugars and sweeteners
1,APPLE GALA X-FANCY FRESH,2.0,82.0,87.48,37.19457434,Apples
24,MILK CONDNS DULCE DE LECHE,1.0,20.1,87.4,9.117206637,Milk (cow's milk)
4,SHALLOT PEELED FRESH,1.0,16.0,86.34,7.25747792,Onions and Leeks
1,PEPPER BELL RED HOTHOUSE #1,3.0,33.0,86.04,14.968548210000002,Stimulants & Spices (misc.)
24,DANISH ASST APL/CHS/RASP IW,2.0,8.25,85.86,3.7421370525,Berries
6,DRESSING CAESAR CMY POUR BTL,2.0,24.76,85.78,11.230947081200002,Vegetable oils
2,PASTA RIGATONI,4.0,41.2,85.32,18.688005644000004,"Wheat/Rye (Bread, pasta, baked goods)"
180,CREAMER COFFEE NONDAIRY FR VAN,5.0,24.25,85.25,10.9996149725,Cream
1,CHEESE CREAM NON DAIRY,1.0,30.0,84.97,13.6077711,Soybeans/Tofu
6,CORN BABY WHL CUT,3.0,126.0,84.81,57.152638620000005,Corn (Maize)
2,SOUP ITALIAN WEDDING W/MTBALLS,2.0,32.0,84.18,14.51495584,Lamb/mutton & goat meat
12,SAUCE CHILI HOT SRIRACHA,2.0,42.0,83.82,19.05087954,Vegetable oils
6,FILLING PIE APPLE,1.0,46.1,83.01,20.910608257000003,"Wheat/Rye (Bread, pasta, baked goods)"
6,OLIVE BLACK RIPE SLICED,1.0,20.6,82.66,9.344002822000002,Other vegetables
12,TORTILLA FLOUR PRESSED 6 IN,3.0,54.0,82.53,24.49398798,Grains/cereals (except rice)
4,MAYONNAISE HEAVY DUTY,2.0,58.0,82.49,26.30835746,Vegetable oils
1,RAISIN SEEDLESS SELECT,1.0,28.2,80.4,12.791304834,Fruits (misc.)
4,CHICKEN CVP BRST B/S RDM JUMBO,1.0,40.0,80.12,18.1436948,"Poultry (chicken, turkey)"
12,CARROT WHL BABY GR A P,2.0,46.2,79.96,20.955967494000003,Root Vegetables
2,SAUCE SWEET AND SOUR,2.0,39.0,79.42,17.69010243,Vegetable oils
64,COOKIE CHOC CHIP GLUT FREE,1.0,6.0,79.36,2.72155422,"Wheat/Rye (Bread, pasta, baked goods)"
15,SEASONING SAZON CORNDR ANNATTO,1.0,5.94,77.69,2.6943386778,Corn (Maize)
1,EGG HARDBOILED WHL PEEL SEL,2.0,20.0,76.78,9.0718474,Eggs
6,DRESSING RANCH LITE ESSENTIAL,2.0,24.952,76.66,11.31803681624,Vegetable oils
6,PEACH YC DICED CH PEAR JUICE,1.0,38.7,76.18,17.554024719,Fruits (misc.)
6,SAUCE CHEESE AGED CHED ZTF,1.0,40.08,74.57,18.1799821896,Cheese
48,ICE CREAM STWBRY CUP 4 OZ,3.0,19.593,74.46,8.88723530541,Ice cream
12,LETTUCE BIBB HYDRO FRESH,3.0,15.0,74.31,6.80388555,Cabbages and other Brassicas (Broccoli)
384,CREAMER HALF AND HALF PC ASEP,3.0,23.085,73.83,10.47117986145,Milk (cow's milk)
1,SPINACH BABY FRSH,4.0,16.0,73.32,7.25747792,Cabbages and other Brassicas (Broccoli)
12,SAUCE SOY SWEET KECAP MANIS,1.0,15.67,72.86,7.107792437900001,Vegetable oils
60,DRESSING BLUE CHEESE PACKET,3.0,16.89,72.48,7.661175129300001,Cheese
6,TOMATO CRUSHED JERSEY FRSH,2.0,89.0,72.02,40.36972093,Tomatoes
6,BREAD CRUMB PANKO GLUTEN FREE,1.0,15.0,71.79,6.80388555,"Wheat/Rye (Bread, pasta, baked goods)"
4,SYRUP HAZELNUT,2.0,24.0,71.22,10.88621688,Tree nuts and seeds
6,PUMPKIN SOLID FANCY,1.0,45.15,70.69,20.4796955055,Vegetables (misc.)
1,PARSLEY ITALIAN FRSH,4.0,8.0,70.56,3.62873896,Grains/cereals (except rice)
8,PASTA ROTINI GLUTEN FREE,3.0,18.0,68.49,8.164662660000001,"Wheat/Rye (Bread, pasta, baked goods)"
6,PEACH DICED W/PEAR JUICE,1.0,39.38,68.15,17.862467530600004,Fruits (misc.)
1,RAISIN SEEDLESS GOLDEN,2.0,20.0,68.1,9.0718474,Fruits (misc.)
12,VINEGAR BALSAMIC ITALY,2.0,25.2,67.86,11.430527724,Stimulants
24,ICE CREAM BAR NERDS BOMB POP,3.0,15.912,67.14,7.21756179144,Ice cream
4,CEREAL LUCKY CHARM GLTN FR BLK,1.0,9.0,66.87,4.082331330000001,Grains/cereals (except rice)
2,FRANK ALL-BEEF 8X1 6 IN,2.0,20.0,65.06,9.0718474,Beef & buffalo meat
2,SAUCE ORANGE GNGR,1.0,20.0,64.05,9.0718474,Citrus Fruit
1,CABBAGE WHITE FRESH,3.0,153.0,63.63,69.39963261,Cabbages and other Brassicas (Broccoli)
6,MILK EVAPORATED,1.0,45.2,62.2,20.502375124000004,Milk (cow's milk)
6,SALSA JALAPENO FIRE ROASTED CA,1.0,37.95,61.27,17.2138304415,Stimulants
24,ICE CREAM SNDW COOKIES N CRM,2.0,8.88,60.36,4.027900245600001,Ice cream
6,SALSA JALAPENO FIRE RSTD DICED,1.0,38.25,60.17,17.3499081525,Stimulants
6,TEA ASST 6 FLVR,2.0,4.0,59.88,1.81436948,Stimulants
6,ORANGE MANDRN WHL SEC LGHT SYR,1.0,44.4,59.83,20.139501228,Citrus Fruit
4,PEPPER BANANA RING HOT 1100 CT,1.0,36.0,59.71,16.329325320000002,Bananas
1,GINGER ROOT FRESH,3.0,15.0,59.67,6.80388555,Roots and Tubers
2,DRESSING GREEK FETA CHEESE,1.0,16.5,59.65,7.484274105000001,Cheese
4,CEREAL APPLE JACKS,1.0,9.55,59.48,4.331807133500001,Grains/cereals (except rice)
4,DRESSING ITALIAN GOLDEN,1.0,34.92,57.98,15.839445560400002,Vegetable oils
4,SAUCE BBQ ORIGINAL,1.0,40.56,57.86,18.3977065272,Vegetable oils
1,EGGPLANT FRESH,2.0,54.0,57.81,24.49398798,Other vegetables
1,CUCUMBER ENGLISH LONG,4.0,48.0,57.0,21.77243376,Other vegetables
1,BREAD NAAN DIPPERS MINI,3.0,6.0,56.49,2.72155422,"Wheat/Rye (Bread, pasta, baked goods)"
4,SAUCE GINGER SWEET ASIAN,1.0,21.8,56.01,9.888313666,Vegetable oils
24,SAUCE WORCESTERSHIRE,1.0,7.5,55.87,3.401942775,Vegetable oils
150,CRACKER OYSTER NEW ENGLAND,3.0,14.07,55.83,6.382044645900001,"Wheat/Rye (Bread, pasta, baked goods)"
72,ICE CREAM MOCHI CKIE & CRM IW,1.0,6.82,55.77,3.0934999634,Ice cream
72,ICE CREAM MOCHI MANGO SWEET IW,1.0,6.82,55.77,3.0934999634,Ice cream
72,ICE CREAM MOCHI STWBR RIPE IW,1.0,6.82,55.77,3.0934999634,Ice cream
6,MILK SOY UNSWTND ORGANIC,2.0,52.0,55.74,23.58680324,Soy milk
48,BROWNIE CHOC CHIP GLUTEN FREE,1.0,10.5,55.55,4.762719885,"Wheat/Rye (Bread, pasta, baked goods)"
4,DRESSING ITAL CRMY,1.0,36.2,55.49,16.420043794,Vegetable oils
12,PEPPER SWEET VEGGIE FRSH,1.0,12.0,55.13,5.4431084400000005,Legumes (misc.)
60,DRESSING 1000 ISLAND PACKET,3.0,16.89,55.08,7.661175129300001,Vegetable oils
6,SALAMI CKD CAMPESINO,1.0,16.8,54.94,7.620351816,Pork (pig meat)
3,SPICE PAPRIKA DOM GRND,0.0,9.0,54.54,4.082331330000001,Stimulants & Spices (misc.)
24,SAUCE STEAK,1.0,7.5,54.24,3.401942775,Beef & buffalo meat
2,DRESSING VINGRT BLOOD ORG SHAL,1.0,17.86,53.99,8.1011597282,Vegetable oils
1,FLOUR ALL PURP GLUTEN FREE,1.0,25.0,53.76,11.33980925,Grains/cereals (except rice)
4,SAUCE MANGO HABANERO WING GLZ,1.0,19.179,53.12,8.69944806423,Fruits (misc.)
6,SPICE GARLIC POWDER,0.0,6.0,52.14,2.72155422,Stimulants & Spices (misc.)
4,DRESSING ITAL CRMY,1.0,32.0,52.01,14.51495584,Vegetable oils
60,DRESSING ITALIAN CREAMY PACKET,3.0,16.89,50.28,7.661175129300001,Vegetable oils
6,BAMBOO SHOOT SLI,1.0,39.0,50.23,17.69010243,Other vegetables
1,ICE CREAM FRCH VAN,2.0,27.6,49.96,12.519149412,Ice cream
6,JUICE LEMON PSTRZD ULTRA PREM,2.0,26.0,49.22,11.79340162,Citrus Fruit
6,SPICE TURMERIC GROUND,0.0,3.2,49.08,1.451495584,Stimulants & Spices (misc.)
12,PEA & CARROT GR A P,1.0,30.0,48.48,13.6077711,Peas
2,SAUSAGE CHORIZO CRUMBLE CKD,1.0,10.0,48.35,4.535923700000001,Pork (pig meat)
6,TEA BAG EARL GREY,2.0,2.0,48.3,0.90718474,Stimulants
1,PEPPER SUNTAN BELL FRESH,2.0,48.0,48.18,21.77243376,Stimulants & Spices (misc.)
1,BASIL FRESH THAI HERB,4.0,4.0,48.04,1.81436948,Stimulants & Spices (misc.)
6,MILK ALMOND ORIGINAL,2.0,50.08,47.84,22.7159058896,Almond milk
24,SAUCE CHILI SWEET,1.0,15.0,47.69,6.80388555,Vegetable oils
2,CHEESE QUESO FRYING,1.0,10.0,47.61,4.535923700000001,Cheese
12,SAUCE CHILI SRIRACHA CHA,1.0,14.0,46.3,6.35029318,Vegetable oils
2,ARUGULA BABY FRSH,2.0,6.0,46.12,2.72155422,Cabbages and other Brassicas (Broccoli)
10,MANDARIN FRESH EASY PEEL,1.0,30.0,46.03,13.6077711,Citrus Fruit
2,DRESSING RANCH POBLANO AVO FIR,1.0,15.8,45.2,7.166759446,Vegetable oils
12,SAUCE DUCK,1.0,10.2,44.05,4.626642174,"Poultry (chicken, turkey)"
3,SPICE THYME LEAVES WHL,0.0,1.5,43.81,0.6803885550000001,Vegetables (misc.)
8,MIX GRAVY BROWN LOW SODIUM,1.0,8.0,43.76,3.62873896,Uncategorized
6,GLAZE BALSAMIC,2.0,9.8,43.46,4.445205226000001,Stimulants
384,CREAMER COFFEE ORIGINAL ND,2.0,18.0,43.36,8.164662660000001,Cream
2,FLOUR ALL PURP H&R BL EN MLT,2.0,100.0,43.24,45.359237,Grains/cereals (except rice)
1,PICKLE CHIP DILL KO RE KK 5/16,1.0,45.6,43.06,20.683812072,"Wheat/Rye (Bread, pasta, baked goods)"
6,SPICE PAPRIKA DOM GRND,0.0,6.25,42.24,2.8349523125,Stimulants & Spices (misc.)
6,CAPER NONPAREIL IMPORTED,1.0,18.5,42.14,8.391458845,Sugars and sweeteners
4,VEGETABLE MIX SLAW POWER BLEND,2.0,16.0,41.78,7.25747792,Legumes (misc.)
48,ICE CREAM RASP NF SHERBET CUP,2.0,18.528,41.72,8.40415943136,Ice cream
4,VINEGAR CIDER APPLE 5% 50 GRN,1.0,33.6,41.33,15.240703632,Stimulants
3,SPICE OREGANO LEAVES,0.0,3.5,41.08,1.587573295,Stimulants & Spices (misc.)
6,BEAN KIDNEY LIGHT RED,1.0,37.8,40.92,17.145791585999998,Beans and pulses (dried)
12,SAUCE SOY SWEET KECAP MANIS,1.0,15.75,40.58,7.144079827500001,Vegetable oils
12,MOLASSES PURE POMEGRANATE,1.0,8.0,40.46,3.62873896,Fruits (misc.)
6,SAUCE OYS KUM CHUN,1.0,30.0,39.88,13.6077711,Vegetable oils
4,SWEETENER LIQUID AGAVE,1.0,13.05,39.83,5.9193804285,Sugars and sweeteners
60,DRESSING HONEY MUSTARD PKT,2.0,11.26,39.82,5.1074500862,Tree nuts and seeds
6,SPICE CUMIN GRND,0.0,5.25,39.24,2.3813599425,Stimulants & Spices (misc.)
6,BEAN BLACK LOW SODIUM,1.0,40.5,38.9,18.370490985,Beans and pulses (dried)
1,THYME FRESH,2.0,4.0,38.74,1.81436948,Vegetables (misc.)
12,MARSHMALLOW MINI WHITE,1.0,13.05,38.15,5.9193804285,Sugars and sweeteners
12,SAUCE CHILI SWEET THAI,1.0,24.0,38.09,10.88621688,Vegetable oils
60,DRESSING RANCH LIGHT PACKET,2.0,11.26,36.88,5.1074500862,Vegetable oils
4,SYRUP VANILLA PL BTL NONGMO,1.0,13.09,36.82,5.9375241233,Sugars and sweeteners
2,DRESSING CILANTRO VINGT LFAT,1.0,17.75,36.76,8.0512645675,Vegetable oils
30,MARGARINE SOLID NH NPK,1.0,30.0,36.71,13.6077711,Butter
4,MUSTARD YELLOW PRPD,1.0,33.6,36.59,15.240703632,Tree nuts and seeds
60,DRESSING ITALIAN GOLDEN PACKET,2.0,11.26,36.24,5.1074500862,Vegetable oils
2,PASTA PENNE WHL GRAIN 100%,1.0,20.0,36.18,9.0718474,"Wheat/Rye (Bread, pasta, baked goods)"
24,PEA PIGEON GREEN (GANDULES),1.0,23.97,36.13,10.8726091089,Peas
1,CARROT MATCHSTICK PREMIUM,3.0,15.0,35.85,6.80388555,Root Vegetables
4,SYRUP CANE 100% PURE,1.0,11.9,35.84,5.397749203,Sugars and sweeteners
4,SYRUP CINNAMON,1.0,12.0,35.26,5.4431084400000005,Sugars and sweeteners
1,CELERY DICED 3/8,2.0,10.0,34.72,4.535923700000001,Other vegetables
60,DRESSING RASPBERRY LTE PKT,2.0,11.26,34.32,5.1074500862,Berries
60,DRESSING FRENCH CREAMY PACKET,2.0,11.26,34.22,5.1074500862,Vegetable oils
12,TOMATO CRUSHED,1.0,24.0,33.47,10.88621688,Tomatoes
6,VEGETABLE YUCCA CUT,1.0,30.0,30.95,13.6077711,Legumes (misc.)
1,ONION YELLOW SPR COLOSSAL BOX,1.0,50.0,30.6,22.6796185,Onions and Leeks
6,BEAN REFRIED DEHY VEGW/WHLBEAN,1.0,11.25,30.52,5.1029141625,Beans and pulses (dried)
8,BREAD TEXAS TOAST YELLOW 3/4SL,1.0,12.0,28.99,5.4431084400000005,"Wheat/Rye (Bread, pasta, baked goods)"
1,BEAN LENTIL DRIED,1.0,20.0,28.61,9.0718474,Beans and pulses (dried)
1,RADISH DAIKON,1.0,10.0,28.08,4.535923700000001,Root Vegetables
1,PEPPER GREEN BELL LARGE FRESH,1.0,25.0,27.41,11.33980925,Stimulants & Spices (misc.)
360,CREAMER COFFEE NON DAIRY REG,1.0,8.8,27.01,3.9916128560000006,Cream
2,VINEGAR RICE SEASONED GOURM,1.0,20.3,26.59,9.207925111000002,Rice
1,LETTUCE SPRING MIX CONV PLLW,2.0,6.0,26.0,2.72155422,Cabbages and other Brassicas (Broccoli)
100,CHEESE CREAM CUP LIGHT 1/2 FAT,1.0,4.69,25.14,2.1273482153,Cheese
6,SPICE PEPPER CAYENNE GRND,0.0,1.766,24.58,0.80104412542,Stimulants & Spices (misc.)
1,PEPPER GREEN BELL MEDIUM FRESH,1.0,25.0,24.57,11.33980925,Stimulants & Spices (misc.)
12,CARROT DICED GR A P,1.0,22.15,24.14,10.0470709955,Root Vegetables
6,MILK ALMOND DARK CHOC,1.0,25.5,23.76,11.566605435,Almond milk
1,POTATO SWEET JUMBO,1.0,40.0,22.59,18.1436948,Cassava and Other Roots
24,WATER SPRKLG LIMONATA,1.0,16.73,22.31,7.588600350100001,Uncategorized
384,CREAMER COFFEE ORIGINAL ND,1.0,7.97,21.93,3.6151311889,Cream
6,MILK ALMOND ORIG UNSWT,1.0,25.04,21.86,11.3579529448,Almond milk
4,VINEGAR DISTILLED WHITE 5%,1.0,32.0,21.73,14.51495584,Stimulants
3,SPICE BASIL LEAVES,0.0,1.75,21.58,0.7937866475,Stimulants & Spices (misc.)
12,MUSTARD YELLOW SQZ CLS,1.0,9.2,20.98,4.173049804,Tree nuts and seeds
1,GRAPE GREEN SDLS FRESH,1.0,4.0,19.55,1.81436948,Citrus Fruit
1,ROSEMARY FRESH,1.0,2.0,19.37,0.90718474,Vegetables (misc.)
12,SAUCE SOY,1.0,7.75,18.21,3.5153408675,Vegetable oils
1,CARROT STK ST 3/8X4 STACK,1.0,5.0,17.7,2.2679618500000003,Root Vegetables
1,BROCCOLI SLAW,1.0,5.0,17.7,2.2679618500000003,Cabbages and other Brassicas (Broccoli)
60,DRESSING ITALIAN LIGHT PACKET,1.0,5.63,13.5,2.5537250431,Vegetable oils
12,YEAST ACTIVE DRY,0.0,2.0,8.26,0.90718474,Uncategorized
1,ROSEMARY FRESH HERB,1.0,0.25,5.63,0.1133980925,Vegetables (misc.)
2,DRESSING RANCH CHIPOTLE,0.0,0.0,0.0,0.0,"Wheat/Rye (Bread, pasta, baked goods)"
5,DANISH ASST MINI 1.25 OZ,0.0,0.0,0.0,0.0,Uncategorized
2,TURKEY BREAST BRAISED,72.0,1356.65,5954.34,615.3660887605,"Poultry (chicken, turkey)"
2,CHICKEN FAJ BRST STRIP CKD,76.0,760.0,3942.06,344.7302012,"Poultry (chicken, turkey)"
2,CHICKEN BRST BRD CRSPY  RAW,90.0,900.0,3620.7,408.233133,"Poultry (chicken, turkey)"
2,MEATBALL BEEF ITAL STYLE 1 OZ,65.0,650.0,3196.05,294.8350405,Beef & buffalo meat
6,BEEF PASTRAMI BRSK HRW SMK SLI,24.0,288.0,3021.36,130.63460256000002,Beef & buffalo meat
2,BEEF FOR STEW FRZN,35.0,369.53,2499.5,167.6159884861,Beef & buffalo meat
2,BEEF FOR PICADA FRZN,50.0,603.75,2448.81,273.8563933875,Beef & buffalo meat
4,BEEF CORNED SLI BRSKT,35.0,280.0,2240.0,127.0058636,Beef & buffalo meat
2,HAM 4X6 CKD DOMESTIC35%HW97%FF,28.0,644.0,2081.15,292.11348628,Pork (pig meat)
2,PORK BBQ SMKD PULLED PREMIUM,35.0,350.0,2066.4,158.7573295,Pork (pig meat)
2,TOMATO SLI FRSH FC XL,64.0,1344.0,2033.92,609.62814528,Tomatoes
104,CHIP POTATO BBQ SS,35.0,227.5,1635.2,103.192264175,"Wheat/Rye (Bread, pasta, baked goods)"
104,CHIP POTATO REG SNG SRV,35.0,227.5,1635.2,103.192264175,"Wheat/Rye (Bread, pasta, baked goods)"
6,TUNA LIGHT SKIPJACK POUCH PACK,17.0,283.9,1605.65,128.774873843,Fish (finfish)
1,CHIP VARIETY FRITO LAY,38.0,249.28,1588.02,113.0715059936,"Wheat/Rye (Bread, pasta, baked goods)"
2,BACON PRECOOKED REGULAR SLICE,30.0,123.0,1571.76,55.79186151,Pork (pig meat)
8,CHEESE SWISS SLI .5OZ,25.0,300.0,1427.84,136.077711,Cheese
8,CHEESE PEPPER JACK SLI .75OZ,25.0,300.0,1195.75,136.077711,Cheese
2,SAUSAGE ITAL BULK MILD,37.0,370.0,1164.76,167.82917690000002,Pork (pig meat)
6,CHEESE PROVOLONE SLICED .75 TP,32.0,288.0,1073.28,130.63460256000002,Cheese
1,HONEY PURE HOT JUG,10.0,83.4,992.5,37.829603658,Sugars and sweeteners
48,COOKIE CHOC CHIP BKD T&S,36.0,216.0,965.88,97.97595192,"Wheat/Rye (Bread, pasta, baked goods)"
1,BANANA FRESH RIPE/READY,36.0,1478.412,963.0,670.5964029164401,Bananas
48,COOKIE OATMEAL RSN BKD T&S,36.0,216.0,957.24,97.97595192,"Wheat/Rye (Bread, pasta, baked goods)"
4,LETTUCE SHREDDED 1/8 IN FRESH,40.0,800.0,957.2,362.873896,Cabbages and other Brassicas (Broccoli)
4,MAYONNAISE HEAVY DUTY,22.0,638.0,906.52,289.39193206,Vegetable oils
72,COOKIE SNICKERDOODLE BKD,36.0,162.0,903.6,73.48196394,"Wheat/Rye (Bread, pasta, baked goods)"
1,SYRUP LIQUID SWTNR NON NUTRITV,7.0,153.02,900.35,69.4087044574,Sugars and sweeteners
8,CHEESE CHDR MLD SLI INT .75 YL,18.0,216.0,842.4,97.97595192,Cheese
1,APPLE RED DEL FANCY FRESH,23.0,920.0,838.55,417.3049804,Apples
4,CHEESE AMER 160 DELI SLI YEL,13.0,260.0,792.51,117.9340162,Cheese
4,ONION RED FRSH SLICED 1/8,11.0,220.0,757.13,99.7903214,Onions and Leeks
1,COFFEE COLD BREW BIB,6.0,252.0,753.78,114.30527724,Coffee
12,GUACAMOLE SOUTHWESTERN HPP FRZ,12.0,144.0,734.64,65.31730128000001,Fruits (misc.)
6,TURKEY BREAST SLI SMK .7 FZ,13.0,156.0,720.46,70.76040972,"Poultry (chicken, turkey)"
4,SPREAD FRUIT FIG,10.0,141.2,678.6,64.047242644,Fruits (misc.)
2,SAUCE MASALA TIKKA,19.0,152.0,676.97,68.94604024,Vegetable oils
96,BROWNIE COOKIE BAR,8.0,187.2,645.52,84.912491664,"Wheat/Rye (Bread, pasta, baked goods)"
6,HAM PROSCIUTTO SLICE,6.0,36.0,618.06,16.329325320000002,Pork (pig meat)
1,PLANTBASED MEATBALL VEGAN,10.0,100.0,597.6,45.359237,Legumes (misc.)
6,PEPPER RED STRIPS FIRE RSTD,8.0,300.0,539.2,136.077711,Stimulants & Spices (misc.)
1,SYRUP LIQUID SWEETENER HFCS,17.0,948.77,535.16,430.3548328849,Sugars and sweeteners
2,CHICKEN BRST BRD PCK HMSTY,16.0,160.0,500.8,72.57477920000001,"Poultry (chicken, turkey)"
2,BROWNIE CHEESECAKE PRE-CUT,11.0,132.0,496.98,59.874192840000006,Cheese
2,PORK PULLED SMOKED,8.0,80.0,456.64,36.2873896,Pork (pig meat)
4,CHEESE MOZZARELLA SHRD WHL MLK,7.0,140.0,451.99,63.502931800000006,Cheese
6,CHEESE MOZZ FRSH SLI 18 CT,12.0,72.0,449.4,32.658650640000005,Cheese
2,CHEESE BRIE CREME BULK,10.0,60.0,440.9,27.2155422,Cheese
6,SAUCE PIZZA PRPD,8.0,328.0,420.8,148.77829736,Vegetable oils
6,VEGETABLE BLND RST PEPR ONION,12.0,180.0,418.2,81.6466266,Legumes (misc.)
2,CAULIFLOWER FLORET LRG CUT,12.0,77.4,406.92,35.108049438,Cabbages and other Brassicas (Broccoli)
2,BROWNIE CHOC CHIP PRCT,9.0,108.0,406.62,48.98797596,"Wheat/Rye (Bread, pasta, baked goods)"
1,ORANGE FANCY FRESH,10.0,400.0,367.51,181.436948,Citrus Fruit
4,SAUCE BBQ KOREAN,6.0,116.742,341.94,52.95328045854001,Vegetable oils
1,PICKLE DILL CHIP KK 1/4IN,9.0,409.5,304.83,185.746075515,"Wheat/Rye (Bread, pasta, baked goods)"
4,DIP HUMMUS TRADITIONAL,6.0,90.0,276.06,40.8233133,Vegetable oils
4,SALAMI GENOA SLICED .33OZ,5.0,50.0,276.05,22.6796185,Pork (pig meat)
2,BEEF ROAST TOP RND C\O MR DF,3.0,37.75,267.23,17.1231119675,Beef & buffalo meat
1,MUSHROOM PORT SLCD FRESH,12.0,60.0,264.84,27.2155422,Vegetables (misc.)
5,HAM CAPICOLA SLI,4.0,40.0,247.4,18.1436948,Pork (pig meat)
4,PEPPER BANANA RING HOT 1100 CT,4.0,144.0,238.84,65.31730128000001,Bananas
4,SAUCE BBQ ORIGINAL,4.0,155.2,235.36,70.397535824,Vegetable oils
12,TOFU EXTRA FIRM WTR PK NON-GMO,12.0,144.0,231.36,65.31730128000001,Soybeans/Tofu
210,MAYONNAISE REAL STICK PACK GF,6.0,29.52,230.28,13.3900467624,Vegetable oils
3,OIL OLIVE POMACE,2.0,46.0,229.94,20.86524902,Olives (Oil)
50,SAUSAGE VEGETARIAN ITAL HOT,2.0,22.0,229.48,9.97903214,Legumes (misc.)
50,SAUSAGE VEGETARIAN ITAL SWT,2.0,22.0,229.48,9.97903214,Legumes (misc.)
80,SNACK CHIP PLANTAIN 1.OZ,6.0,30.0,221.28,13.6077711,"Wheat/Rye (Bread, pasta, baked goods)"
6,PEPPER JALAPENO SLI,5.0,194.75,217.9,88.3371140575,Stimulants & Spices (misc.)
1,EGG SHELL XLRG GRD AA USDA WHT,2.0,50.5,216.72,22.906414685,Eggs
12,PEPPER CHIPOTLE IN ADOBO SAUCE,9.0,55.8,210.69,25.310454246,Vegetable oils
4,GARLIC PEELED FRESH,2.0,40.0,210.04,18.1436948,Stimulants & Spices (misc.)
4,DRESSING CAESAR WITH EGG,2.0,66.0,201.62,29.937096420000003,Eggs
4,PEPPER BANANA SLI/VINGR,4.0,128.0,197.24,58.05982336,Bananas
24,DRINK ENERGY REDBULL SF,4.0,57.6,194.0,26.126920512,Stimulants
2,CHEESE PARM SHAVED DOM,4.0,40.0,190.12,18.1436948,Cheese
12,BEAN CANNELLINI,6.0,64.26,190.08,29.147845696200005,Beans and pulses (dried)
4,CHEESE CHDR MILD FTHR SHRD YEL,3.0,60.0,181.65,27.2155422,Cheese
64,CHIP POTATO REG SEA SALT,4.0,22.0,176.36,9.97903214,"Wheat/Rye (Bread, pasta, baked goods)"
64,CHIP TORTILLA COOL RANCH LSS,4.0,28.0,176.36,12.70058636,"Wheat/Rye (Bread, pasta, baked goods)"
5,MEAT ALTERNATE JACKFRUIT NKD,4.0,38.12,175.72,17.2909411444,Fruits (misc.)
8,CHEESE VEGAN CHED SLI,3.0,36.0,174.51,16.329325320000002,Soybeans/Tofu
4,HAM HONEY SMK SLI .67OZ,3.0,30.0,168.24,13.6077711,Pork (pig meat)
48,BROWNIE CHOC CHIP GLUTEN FREE,3.0,31.5,166.65,14.288159655,"Wheat/Rye (Bread, pasta, baked goods)"
12,SAUCE CHILI SWEET THAI,4.0,96.0,152.36,43.54486752,Vegetable oils
4,DRESSING COLESLAW,2.0,70.32,145.08,31.8966154584,Vegetable oils
4,CABBAGE GREEN SHRD FRSH W/BAG,7.0,140.0,139.72,63.502931800000006,Cabbages and other Brassicas (Broccoli)
6,LETTUCE ROMAINE SHREDDED 3/8,4.0,48.0,138.48,21.77243376,Cabbages and other Brassicas (Broccoli)
48,NUT ALMOND,1.0,6.75,137.16,3.0617484975,Tree nuts and seeds
64,CHIP POTATO BBQ BKD BIG GRAB,3.0,13.5,132.27,6.123496995,"Wheat/Rye (Bread, pasta, baked goods)"
3,DETERGENT POT/PAN HAND SMARTPW,1.0,6.0,127.26,2.72155422,Uncategorized
48,CRACKER RITZ BIT SND W/CHS T/P,4.0,12.0,126.0,5.4431084400000005,"Wheat/Rye (Bread, pasta, baked goods)"
1,SANITIZER OASIS 146 MULTI QUAT,1.0,20.8,118.01,9.434721296,Uncategorized
4,SAUCE BBQ ORIGINAL,2.0,81.12,115.72,36.7954130544,Vegetable oils
1,DETERGENT POT/PAN PANTASTIC,1.0,46.0,111.87,20.86524902,Uncategorized
6,SEASONING STEAK MONTREAL,0.0,12.763,108.15,5.78919941831,Beef & buffalo meat
4,DRESSING RANCH ORIGINAL RFG,1.0,49.32,107.69,22.3711756884,Vegetable oils
1,EGGPLANT FRESH,4.0,108.0,107.56,48.98797596,Other vegetables
6,DEGREASER HVY GREASE EXPRESS,1.0,13.1,105.51,5.942060047,Uncategorized
4,PEPPER BANANA HOT RING,2.0,66.52,104.98,30.1729644524,Bananas
8,TOFU FIRM SUPER ORGANIC,3.0,48.0,104.58,21.77243376,Soybeans/Tofu
6,OIL CANOLA OLIVE 90/10 BLEND,1.0,47.0,104.13,21.31884139,Rapeseed/canola (Oil)
1,SAUSAGE ITALIAN LINK SWEET 4X1,3.0,30.0,98.25,13.6077711,Pork (pig meat)
2,CHICKEN WING STEAMED PCK LGE,2.0,20.0,98.02,9.0718474,"Poultry (chicken, turkey)"
48,NUT CASHEW WHL RSTD SLTD,1.0,6.75,95.48,3.0617484975,Tree nuts and seeds
48,NUT MIXED WITH FRUIT,1.0,6.75,95.48,3.0617484975,Fruits (misc.)
4,VINEGAR WINE RED 5% 50 GRN,2.0,64.0,95.14,29.02991168,Stimulants
2,ARUGULA BABY FRSH,4.0,12.0,92.24,5.4431084400000005,Cabbages and other Brassicas (Broccoli)
500,MUSTARD BROWN SPCY PACKETS,3.0,29.76,90.0,13.4989089312,Tree nuts and seeds
6,DRESSING CAESAR CRMY ESSENTIAL,2.0,23.898,88.68,10.83995045826,Vegetable oils
64,CHIP POTATO SALT & VNGR KETTLE,2.0,11.0,88.18,4.9895160700000005,"Wheat/Rye (Bread, pasta, baked goods)"
2,ONION RED DICED 3/8,2.0,20.0,86.66,9.0718474,Onions and Leeks
2,ARUGULA BABY FRESH,5.0,20.0,85.35,9.0718474,Cabbages and other Brassicas (Broccoli)
4,MUSTARD BROWN SPCY,1.0,56.0,83.24,25.40117272,Tree nuts and seeds
1,SQUASH ZUCCHINI FCY FRESH,6.0,30.0,82.76,13.6077711,Other vegetables
6,SAUCE CHILI GARLIC,1.0,28.175,81.79,12.77996502475,Vegetable oils
6,OIL OLIVE BLEND 80/20,1.0,48.6,73.01,22.044589182000003,Olives (Oil)
1,SQUASH YELLOW FCY FRSH,5.0,25.0,72.46,11.33980925,Fruits (misc.)
1,CUCUMBER FRESH MARINADE SLD,3.0,15.0,67.59,6.80388555,Other vegetables
4,SAUCE PEPPER CAYENNE RED HOT,1.0,35.0,66.59,15.875732950000002,Vegetable oils
6,CHIP PITA SIMPLY NAKED,2.0,12.0,66.2,5.4431084400000005,"Wheat/Rye (Bread, pasta, baked goods)"
4,SOUP BASE VEGETABLE LIQ CONC,1.0,11.5,62.43,5.216312255,Legumes (misc.)
72,SNACK TRAIL MIX NUT & CHOC,1.0,9.0,60.29,4.082331330000001,Tree nuts and seeds
2,VINEGAR BALSAMIC,3.0,54.0,58.44,24.49398798,Stimulants
1,PEPPER GREEN BELL LARGE FRESH,2.0,50.0,58.39,22.6796185,Stimulants & Spices (misc.)
2,CHEESE BLUE CRUMBLES,1.0,15.0,57.27,6.80388555,Cheese
1,PEPPER RED BELL FRESH,3.0,15.0,56.55,6.80388555,Stimulants & Spices (misc.)
1,SPINACH BABY FRSH,3.0,12.0,54.99,5.4431084400000005,Cabbages and other Brassicas (Broccoli)
3,SALAD MACARONI ELBOW,1.0,24.0,51.59,10.88621688,Vegetables (misc.)
1,MUSHROOM PORTABELLA CP LRG FSH,2.0,10.0,51.4,4.535923700000001,Vegetables (misc.)
3,SALAD POTATO REGULAR,1.0,24.0,51.03,10.88621688,Vegetables (misc.)
1,TOMATO BULK 5X6 FRESH,2.0,50.0,50.94,22.6796185,Tomatoes
2,CHEESE VEGAN MOZZ SHRED,1.0,10.0,49.95,4.535923700000001,Soybeans/Tofu
4,MILK 2% GALLON,2.0,68.8,49.22,31.207155056,Milk (cow's milk)
2000,SUGAR SUBSTITUTE STICK,1.0,4.41,46.13,2.0003423517,Sugars and sweeteners
3,SPICE PEPPER RED CRUSHED,0.0,2.983,45.9,1.35306603971,Stimulants & Spices (misc.)
1,MUSHROOM SLCD FRESH,2.0,20.0,45.86,9.0718474,Vegetables (misc.)
64,CHIP TORTILLA NACHO CHS LSS,1.0,7.0,44.09,3.17514659,"Wheat/Rye (Bread, pasta, baked goods)"
3,MANGO DICED,1.0,15.0,43.48,6.80388555,Fruits (misc.)
2,TOMATO DICED 3/8IN TRAY,2.0,20.0,41.38,9.0718474,Tomatoes
6,MILK ALMOND ORIGINAL,2.0,48.0,41.34,21.77243376,Almond milk
4,CABBAGE RED SHRED 1/8,1.0,20.15,41.26,9.1398862555,Cabbages and other Brassicas (Broccoli)
2,MILK 2% SHELF STABLE,1.0,24.0,40.64,10.88621688,Milk (cow's milk)
6,MILK ORIGINAL OAT XTRA CREAMY,2.0,43.92,39.82,19.9217768904,Oat milk
48,COOKIE FIG NEWTON CAKE,1.0,6.15,39.08,2.7895930755000005,"Wheat/Rye (Bread, pasta, baked goods)"
6,SNACK BAR CARAMEL ALMD SEA SLT,0.0,2.1,38.72,0.952543977,Tree nuts and seeds
6,SNACK BAR CRAN ALMOND PLUS,0.0,2.333,38.5,1.05823099921,Tree nuts and seeds
6,SNACK BAR PEANUT BUTR CHOC,0.0,2.666,37.8,1.20927725842,Peas
6,SNACK BAR DK CHOC NUT SEA SALT,0.0,2.566,37.68,1.16391802142,Tree nuts and seeds
6,SNACK BAR BLUBRY VAN & CASHEW,0.0,2.1,37.58,0.952543977,Tree nuts and seeds
6,SNACK BAR CHOC DARK CHRY CASHW,0.0,2.333,37.12,1.05823099921,Tree nuts and seeds
6,PAN COATING BUTR SPRAY,1.0,6.37,35.48,2.8893833969,Vegetable oils
1000,KETCHUP PACKET FCY FOIL,1.0,19.84,34.97,8.999272620800001,Tomatoes
6,MILK 2% UHT RDUC FAT,2.0,55.0,34.72,24.947580350000003,Milk (cow's milk)
1200,SUGAR TURBINADO PACKET CANE,1.0,11.5,33.47,5.216312255,Sugars and sweeteners
4,BROCCOLI FLORET ICELESS,1.0,12.0,32.34,5.4431084400000005,Cabbages and other Brassicas (Broccoli)
1,SQUASH YELLOW S/N MEDIUM FRESH,1.0,24.0,29.47,10.88621688,Fruits (misc.)
2000,SUGAR STICK WHT,1.0,12.5,29.25,5.669904625,Sugars and sweeteners
1,BASIL FRESH HERB,4.0,0.2,24.6,0.090718474,Stimulants & Spices (misc.)
1,LETTUCE SPRING MIX CONV PLLW,2.0,6.0,23.58,2.72155422,Cabbages and other Brassicas (Broccoli)
1,MOP HEAD CTN MED CUT END 24 OZ,1.0,5.0,23.17,2.2679618500000003,Uncategorized
4,DRESSING HONEY MUSTARD,0.0,8.4,22.72,3.810175908,Tree nuts and seeds
4,ONION DICED 3/8 YEL,0.0,10.0,21.44,4.535923700000001,Onions and Leeks
6,SPICE PAPRIKA SMK,0.0,1.062,20.71,0.48171509694,Stimulants & Spices (misc.)
80,WATER BOTTLED  PURIFD DRINKING,1.0,44.0,20.64,19.95806428,Uncategorized
12,YOGURT COCONUT ALMND LOCO FLIP,1.0,3.98,20.6,1.8052976326,Yogurt
12,YOGURT KEY LIME CRUMBLE FLIP,1.0,5.0,20.6,2.2679618500000003,Yogurt
12,YOGURT STRAWBERRY GREEK L&F,1.0,10.0,20.12,4.535923700000001,Yogurt
4,GARLIC PEELED CHINESE,0.0,5.0,18.67,2.2679618500000003,Stimulants & Spices (misc.)
12,YOGURT VANILLA GREEK NON FAT,1.0,4.5,18.03,2.0411656650000003,Yogurt
12,YOGURT PEACH GREEK NONFAT,1.0,4.0,18.03,1.81436948,Yogurt
12,YOGURT POMEGRANATE GREEK NF,1.0,4.5,18.03,2.0411656650000003,Yogurt
4,CILANTRO CLEAN WASH FRESH HERB,0.0,3.525,17.31,1.59891310425,Stimulants & Spices (misc.)
4,BEEF ROAST SLI TOP RND C/O 10,0.0,0.0,0.0,0.0,Beef & buffalo meat
2,MEAT ALTERNATE SEITAN BULK,0.0,0.0,0.0,0.0,Soybeans/Tofu
24,WATER SPRING SPORT TOP,38.0,1540.9,573.42,698.9404829330001,Uncategorized
6,MILK HOMOGENIZED ESL,26.0,683.8,483.86,310.166462606,Milk (cow's milk)
6,MILK 2% UHT RDUC FAT,19.0,522.5,329.84,237.002013325,Milk (cow's milk)
24,DRINK ENERGY REDBULL SF,5.0,72.0,242.5,32.658650640000005,Stimulants
6,MILK ORIGINAL OAT XTRA CREAMY,12.0,263.52,238.92,119.5306613424,Oat milk
24,DRINK ENERGY RED BULL,4.0,49.8,194.2,22.588900026,Stimulants
2,CREAMER HALF & HALF SHELF STAB,3.0,72.0,174.72,32.658650640000005,Milk (cow's milk)
8,CANDY BAR SNICKER 1.86 OZ,0.0,11.16,125.68,5.0620908492000005,Sugars and sweeteners
2,MILK 2% SHELF STABLE,3.0,72.0,121.92,32.658650640000005,Milk (cow's milk)
6,SNACK BAR CARAMEL ALMD SEA SLT,0.0,5.25,96.8,2.3813599425,Tree nuts and seeds
12,SPREAD HUMMUS CLS W/PRETZELS,3.0,9.24,95.4,4.191193498800001,"Wheat/Rye (Bread, pasta, baked goods)"
12,SPREAD HUMMUS RST GRLC W/PRETZ,3.0,9.24,95.4,4.191193498800001,Vegetable oils
24,SYRUP CHOCOLATE SQUEEZE BOTTLE,1.0,37.0,92.31,16.78291769,Sugars and sweeteners
12,YOGURT STWBRY GREEK NON FAT,5.0,20.0,90.15,9.0718474,Yogurt
12,YOGURT PLAIN NONFAT GREEK,5.0,19.875,90.15,9.01514835375,Yogurt
1,BANANA FRESH RIPE/READY,3.0,123.201,80.25,55.88303357637,Bananas
6,COCOA MIX RICH INSTANT PCKT,1.0,13.31,77.98,6.037314444700001,Tree nuts and seeds
6,SNACK BAR CHOC DARK CHRY CASHW,0.0,4.666,74.24,2.11646199842,Tree nuts and seeds
12,YOGURT VANILLA GREEK NON FAT,4.0,18.0,72.12,8.164662660000001,Yogurt
12,YOGURT COCONUT ALMND LOCO FLIP,3.0,11.94,61.8,5.4158928978,Yogurt
4,SNACK BAR RICE KRISPIES TREAT,1.0,6.55,56.48,2.9710300235,"Wheat/Rye (Bread, pasta, baked goods)"
12,YOGURT BLUEBERRY GREEK NON FAT,3.0,12.0,54.09,5.4431084400000005,Yogurt
12,YOGURT PEACH GREEK NONFAT,3.0,12.0,54.09,5.4431084400000005,Yogurt
24,CHIP PITA LSS SIMPLY NAKED,3.0,6.75,47.82,3.0617484975,"Wheat/Rye (Bread, pasta, baked goods)"
2,BROWNIE CHEESECAKE PRE-CUT,1.0,12.0,45.18,5.4431084400000005,Cheese
64,CHIP POTATO JALAPENO KETTLE,1.0,5.5,44.09,2.4947580350000003,"Wheat/Rye (Bread, pasta, baked goods)"
6,MILK ALMOND ORIGINAL,2.0,48.0,41.34,21.77243376,Almond milk
12,YOGURT KEY LIME CRUMBLE FLIP,2.0,10.0,41.2,4.535923700000001,Yogurt
24,CEREAL OATMEAL MAPLE BRN SUG,1.0,2.886,36.36,1.3090675798200002,Grains/cereals (except rice)
12,YOGURT MANGO GREEK 2%,2.0,8.0,36.06,3.62873896,Yogurt
100,CHEESE CREAM ORIG SPREAD CUP,1.0,4.688,35.07,2.12644103056,Cheese
1200,SUGAR TURBINADO PACKET CANE,1.0,11.5,33.47,5.216312255,Sugars and sweeteners
6,DETERGENT POT & PAN LIQUID,1.0,13.0,32.18,5.8967008100000005,Uncategorized
24,CHIP PITA LSS PRMSN GRLIC HERB,2.0,4.5,31.88,2.0411656650000003,"Wheat/Rye (Bread, pasta, baked goods)"
12,SPREAD HUMMUS RED PEPR W/PRETZ,1.0,3.08,31.81,1.3970644996,Vegetable oils
6,MILK ALMOND UNSWT,1.0,25.17,24.45,11.4169199529,Almond milk
12,YOGURT POMEGRANATE GREEK NF,1.0,4.5,18.03,2.0411656650000003,Yogurt
72,OMELET EGG W/CHEESE IQF FLDED,4.0,60.4,288.2,27.396979148,Cheese
12,MILK HOMOGENIZED UHT,12.0,309.6,215.52,140.432197752,Milk (cow's milk)
24,WATER SPRING SPORT TOP,11.0,446.05,165.07,202.3248766385,Uncategorized
6,MILK ORIGINAL OAT,7.0,153.72,139.37,69.7262191164,Oat milk
12,MILK SKIM UHT,8.0,207.12,122.08,93.9480516744,Milk (cow's milk)
24,DRINK ENERGY RED BULL,2.0,24.9,97.1,11.294450013,Stimulants
24,DRINK ENERGY REDBULL SF,2.0,28.8,97.0,13.063460256,Stimulants
6,MILK ALMOND ORIGINAL,4.0,100.16,95.68,45.4318117792,Almond milk
12,CREAMER HALF & HALF ESL,2.0,51.3,88.28,23.269288581,Milk (cow's milk)
60,CEREAL ASSORTED PACK  CUP,1.0,6.71,78.33,3.0436048027,Grains/cereals (except rice)
12,SPREAD HUMMUS RED PEPR W/PRETZ,2.0,6.16,63.62,2.7941289992,Vegetable oils
12,SPREAD HUMMUS RST GRLC W/PRETZ,2.0,6.16,63.6,2.7941289992,Vegetable oils
12,SPREAD HUMMUS CLS W/PRETZELS,2.0,6.16,63.6,2.7941289992,"Wheat/Rye (Bread, pasta, baked goods)"
12,MILK STRAWBERRY 1% SHLF STBLE,2.0,23.2,46.62,10.523342984,Milk (cow's milk)
24,SODA COKE DIET CLS CONT TRAY P,1.0,30.0,44.62,13.6077711,Stimulants
24,SODA COKE CLS CONTOUR TRAY PK,1.0,30.0,44.22,13.6077711,Stimulants
100,CHEESE CREAM ORIG SPREAD CUP,1.0,6.25,41.56,2.8349523125,Cheese
6,MILK ALMOND ORIGINAL,2.0,48.0,41.34,21.77243376,Almond milk
12,YOGURT MANGO GREEK 2%,2.0,8.0,36.06,3.62873896,Yogurt
12,YOGURT PEACH GREEK NONFAT,2.0,8.0,36.06,3.62873896,Yogurt
12,YOGURT PINEAPPLE GREEK 2%,2.0,9.0,36.06,4.082331330000001,Yogurt
12,YOGURT PLAIN NONFAT GREEK,2.0,7.95,36.06,3.6060593415,Yogurt
12,YOGURT POMEGRANATE GREEK NF,2.0,9.0,36.06,4.082331330000001,Yogurt
12,YOGURT RASPBERRY GREEK NF,2.0,9.0,36.06,4.082331330000001,Yogurt
12,YOGURT BLACK CHERRY GREEK NF,2.0,9.0,36.06,4.082331330000001,Yogurt
12,YOGURT VANILLA 0%,2.0,7.944,34.12,3.60333778728,Yogurt
1200,SUGAR TURBINADO PACKET CANE,1.0,11.5,33.47,5.216312255,Sugars and sweeteners
24,SODA GINGER ALE BTL,1.0,22.5,24.1,10.205828325,Stimulants
24,SODA COKE CLS CAN 4X6,1.0,8.03,23.47,3.6423467311,Stimulants
12,TEA LEMON PETE BTL,2.0,30.0,22.32,13.6077711,Citrus Fruit
24,SODA COKE DIET,1.0,17.762,20.92,8.05670767594,Stimulants
24,SODA COCA COLA CLS,1.0,20.0,20.92,9.0718474,Stimulants
24,SODA SPRITE CANS,1.0,18.0,20.69,8.164662660000001,Stimulants
12,YOGURT COCONUT ALMND LOCO FLIP,1.0,3.98,20.6,1.8052976326,Yogurt
12,YOGURT KEY LIME CRUMBLE FLIP,1.0,5.0,20.6,2.2679618500000003,Yogurt
12,YOGURT STRAWBERRY GREEK L&F,1.0,10.0,20.12,4.535923700000001,Yogurt
6,SNACK BAR CARAMEL ALMD SEA SLT,0.0,1.05,19.36,0.4762719885,Tree nuts and seeds
6,SNACK BAR CRAN ALMOND PLUS,0.0,1.166,19.25,0.5288887034199999,Tree nuts and seeds
1,CAKE POUND SLI LMN,1.0,4.25,19.01,1.9277675725,"Wheat/Rye (Bread, pasta, baked goods)"
6,SNACK BAR ALMOND AND COCONT,0.0,1.283,18.9,0.58195901071,Tree nuts and seeds
6,SNACK BAR DK CHOC NUT SEA SALT,0.0,1.283,18.84,0.58195901071,Tree nuts and seeds
6,SNACK BAR BLUBRY VAN & CASHEW,0.0,1.05,18.79,0.4762719885,Tree nuts and seeds
6,SNACK BAR CHOC DARK CHRY CASHW,0.0,1.166,18.56,0.5288887034199999,Tree nuts and seeds
1,CAKE POUND SLI MARBLE,1.0,4.25,18.23,1.9277675725,"Wheat/Rye (Bread, pasta, baked goods)"
1,CAKE POUND SLI BAN NUT,1.0,4.25,18.22,1.9277675725,"Wheat/Rye (Bread, pasta, baked goods)"
12,YOGURT STWBRY GREEK NON FAT,1.0,4.0,18.03,1.81436948,Yogurt
12,YOGURT VANILLA GREEK NON FAT,1.0,4.5,18.03,2.0411656650000003,Yogurt
12,YOGURT BLUEBERRY GREEK NON FAT,1.0,4.0,18.03,1.81436948,Yogurt
2000,SUGAR PACKET,1.0,12.5,17.75,5.669904625,Sugars and sweeteners
12,YOGURT BLUEBERRY GREEK,1.0,3.98,14.46,1.8052976326,Yogurt
24,SODA GINGER ALE CUBE,0.0,0.0,0.0,0.0,Stimulants
12,YOGURT STW/BLU BLK CHRY GREEK,0.0,0.0,0.0,0.0,Yogurt
12,MILK CHOC 1% SHELF STABLE,0.0,0.0,0.0,0.0,Milk (cow's milk)
40,PIZZA CRUST PRBKD THIN 10IN,50.0,705.5,2001.0,320.009417035,"Wheat/Rye (Bread, pasta, baked goods)"
6,CHEESE PIZZA BLND MOZZ/PROV WM,17.0,510.0,1288.09,231.3321087,Cheese
72,OMELET EGG W/CHEESE IQF FLDED,8.0,120.8,576.4,54.793958296,Cheese
2,CHICKEN FAJ BRST STRIP CKD,10.0,100.0,515.44,45.359237,"Poultry (chicken, turkey)"
6,SAUCE PIZZA PRPD,8.0,328.0,420.8,148.77829736,Vegetable oils
4,CHEESE MOZZARELLA SHRD WHL MLK,6.0,120.0,389.64,54.4310844,Cheese
1,GRAPE RED SEEDLS LG,6.0,108.0,385.22,48.98797596,Citrus Fruit
1,GRAPE GREEN SEEDLS LG,5.0,90.0,373.58,40.8233133,Citrus Fruit
8,STRAWBERRY FRESH DRISCOLL,9.0,72.0,347.5,32.658650640000005,Berries
2,BACON PRECOOKED REGULAR SLICE,6.0,24.6,312.08,11.158372302000002,Pork (pig meat)
2,BACON BIT REAL CKD 1/2 GF,4.0,60.0,305.16,27.2155422,Pork (pig meat)
1,PINEAPPLE FRESH GOLDEN RIPE,11.0,132.0,275.66,59.874192840000006,Fruits (misc.)
2,BEEF SLICED PEPPERONI HALAL,4.0,40.0,256.44,18.1436948,Beef & buffalo meat
160,SAUSAGE PORK PTY CKD MILD 1 OZ,5.0,50.0,231.32,22.6796185,Pork (pig meat)
48,COOKIE SNICKERDOODLE BKD,8.0,48.0,226.0,21.77243376,"Wheat/Rye (Bread, pasta, baked goods)"
1,MELON CANTALOUPE FRESH,5.0,200.0,221.31,90.718474,Fruits (misc.)
24,WATER SPRING SPORT TOP,14.0,567.7,209.88,257.50438844900003,Uncategorized
1,MUSHROOM SLCD FRESH,9.0,90.0,206.37,40.8233133,Vegetables (misc.)
3,NUT MIXED W/PEANUT SLTD,3.0,22.0,194.23,9.97903214,Peas
4,JUICE ORANGE PSTRZD ULTRA PREM,4.0,140.0,186.72,63.502931800000006,Citrus Fruit
2,CREAMER HALF & HALF SHELF STAB,3.0,72.0,174.72,32.658650640000005,Milk (cow's milk)
3,CHEESE CUBE CHDR/SWISS/PEP JCK,3.0,45.0,173.37,20.41165665,Cheese
1,CRANBERRY DRIED SWEETENED,7.0,35.0,168.7,15.875732950000002,Berries
2,MILK 2% SHELF STABLE,4.0,96.0,162.56,43.54486752,Milk (cow's milk)
6,YOGURT STRAWBERRY PARFAIT POUC,4.0,96.0,156.16,43.54486752,Yogurt
24,DRINK ENERGY RED BULL,3.0,37.35,145.65,16.9416750195,Stimulants
4,SAUCE ALFREDO,2.0,40.0,138.36,18.1436948,Vegetable oils
6,PINEAPPLE CHUNK JCE,2.0,91.4,136.18,41.458342618,Fruits (misc.)
6,PEPPER RED STRIPS FIRE RSTD,2.0,75.0,134.8,34.01942775,Stimulants & Spices (misc.)
1,BANANA FRESH RIPE/READY,5.0,205.335,133.75,93.13838929395,Bananas
12,CEREAL HOT OAT QUICK,2.0,70.4,132.14,31.932902848000005,Grains/cereals (except rice)
2,ONION RED DICED 3/8,3.0,30.0,129.99,13.6077711,Onions and Leeks
1,MELON HONEYDEW FRSH,3.0,72.0,124.89,32.658650640000005,Fruits (misc.)
3,OIL OLIVE POMACE,1.0,23.0,114.97,10.43262451,Olives (Oil)
4,GARLIC PEELED FRESH,1.0,20.0,105.02,9.0718474,Stimulants & Spices (misc.)
1,ORANGE CHOICE FRESH,3.0,120.0,104.64,54.4310844,Citrus Fruit
2,SOUP TOMATO BISQUE,2.0,32.0,102.14,14.51495584,Tomatoes
2,MEATBALL BEEF ITAL STYLE 1 OZ,2.0,20.0,98.34,9.0718474,Beef & buffalo meat
24,DRINK ENERGY REDBULL SF,2.0,28.8,97.0,13.063460256,Stimulants
2,SOUP ITALIAN WEDDING W/MTBALLS,2.0,32.0,92.18,14.51495584,Lamb/mutton & goat meat
6,CHEESE CUBE SWISS/CHED/PPR JCK,2.0,24.0,91.14,10.88621688,Cheese
2,BROWNIE CHEESECAKE PRE-CUT,2.0,24.0,90.36,10.88621688,Cheese
2,BROWNIE CHOC CHIP PRCT,2.0,24.0,90.36,10.88621688,"Wheat/Rye (Bread, pasta, baked goods)"
2,SOUP CHICKEN NDLE,2.0,32.0,89.64,14.51495584,"Poultry (chicken, turkey)"
24,SYRUP CHOCOLATE  SQZ BOTTLE,1.0,36.0,89.02,16.329325320000002,Sugars and sweeteners
1,PEPPERONI SLICED PORK&BF14-16C,2.0,20.0,85.48,9.0718474,Pork (pig meat)
8,CHEESE MOZZ FRSH PEARLS CRYO,2.0,16.0,83.28,7.25747792,Cheese
6,OLIVE BLACK RIPE SLICED,1.0,20.6,82.66,9.344002822000002,Other vegetables
1,CHICKEN TNDR BRD LOW SOD VEGAN,1.0,12.0,79.16,5.4431084400000005,Legumes (misc.)
6,COCOA MIX INDIV,1.0,13.688,78.09,6.20877236056,Tree nuts and seeds
6,YOGURT BLUBRY LF PARFAITPRO,2.0,48.0,78.08,21.77243376,Yogurt
3,SOUP TOMATO BASIL CONC,2.0,24.0,76.92,10.88621688,Tomatoes
1,EGG HARDBOILED WHL PEEL SEL,2.0,20.0,76.78,9.0718474,Eggs
4,CEREAL GRANOLA FRUIT BULKPAK,1.0,12.5,72.82,5.669904625,Grains/cereals (except rice)
12,SPREAD HUMMUS RED PEPR W/PRETZ,2.0,6.16,63.62,2.7941289992,Vegetable oils
12,SPREAD HUMMUS RST GRLC W/PRETZ,2.0,6.16,63.6,2.7941289992,Vegetable oils
4,SWEETENER AGAVE AMBER NECT ORG,1.0,11.5,61.21,5.216312255,Sugars and sweeteners
1,PICKLE CHIP BRDBTR REF 500-650,2.0,38.2,60.46,17.327228534000003,"Wheat/Rye (Bread, pasta, baked goods)"
4,CHEESE AMER 160 DELI SLI YEL,1.0,20.0,60.02,9.0718474,Cheese
1,PLANTBASED MEATBALL VEGAN,1.0,10.0,59.76,4.535923700000001,Legumes (misc.)
12,YOGURT BLUEBERRY GREEK NON FAT,3.0,12.0,54.09,5.4431084400000005,Yogurt
12,YOGURT STWBRY GREEK NON FAT,3.0,12.0,54.09,5.4431084400000005,Yogurt
12,HONEY PURE CLVR GR A TSC BEAR,1.0,8.8,52.89,3.9916128560000006,Sugars and sweeteners
2,CHEESE VEGAN MOZZ SHRED,1.0,10.0,49.95,4.535923700000001,Soybeans/Tofu
1,APPLE GLDN DEL X-FANCY FRESH,1.0,40.0,49.18,18.1436948,Apples
2,CHICKEN WING STEAMED PCK LGE,1.0,10.0,49.01,4.535923700000001,"Poultry (chicken, turkey)"
6,SEASONING ITALIAN,0.0,2.25,46.26,1.0205828325,Stimulants & Spices (misc.)
1000,MUSTARD YELLOW PACKETS,1.0,12.125,41.91,5.49980748625,Tree nuts and seeds
6,YOGURT VANILLA PARFAIT POUCH,1.0,24.0,39.04,10.88621688,Yogurt
6,SPICE PEPPER BLK GRND,0.0,3.375,38.88,1.53087424875,Stimulants & Spices (misc.)
6,MILK OAT BARISTA EDITION,2.0,25.6,38.72,11.611964672,Oat milk
1,CAKE POUND SLI LMN,2.0,8.5,38.02,3.855535145,"Wheat/Rye (Bread, pasta, baked goods)"
1,LETTUCE SPRING MIX CONV PLLW,3.0,9.0,37.79,4.082331330000001,Cabbages and other Brassicas (Broccoli)
1000,KETCHUP PACKET,1.0,19.842,36.54,9.00017980554,Tomatoes
1,CAKE POUND SLI MARBLE,2.0,8.5,36.46,3.855535145,"Wheat/Rye (Bread, pasta, baked goods)"
1,APPLE RED DEL FANCY FRESH,1.0,40.0,36.46,18.1436948,Apples
1,CAKE POUND SLI BAN NUT,2.0,8.5,36.44,3.855535145,"Wheat/Rye (Bread, pasta, baked goods)"
1,CAKE POUND SLI PLAIN,2.0,8.5,36.22,3.855535145,"Wheat/Rye (Bread, pasta, baked goods)"
12,MILK HOMOGENIZED UHT,2.0,51.6,36.0,23.405366292,Milk (cow's milk)
1200,SUGAR TURBINADO PACKET CANE,1.0,11.5,33.47,5.216312255,Sugars and sweeteners
1,BASIL FRESH HERB,3.0,3.0,33.09,1.36077711,Stimulants & Spices (misc.)
12,SPREAD HUMMUS CLS W/PRETZELS,1.0,3.08,31.8,1.3970644996,"Wheat/Rye (Bread, pasta, baked goods)"
12,MILK SKIM UHT,2.0,51.78,30.52,23.4870129186,Milk (cow's milk)
12,MILK CHOC 1% SHELF STABLE,1.0,11.6,23.31,5.2616714920000005,Milk (cow's milk)
8,APPLE GRANNY X-FANCY FRESH,0.0,15.0,22.89,6.80388555,Apples
1,CHEESE PARMESAN IMPTD GRTD TUB,1.0,5.0,21.2,2.2679618500000003,Cheese
1,SPICE PEPPER RED CRUSHED,0.0,0.666,19.75,0.30209251842,Stimulants & Spices (misc.)
1,BASIL FRESH,1.0,2.0,18.51,0.90718474,Stimulants & Spices (misc.)
12,YOGURT PLAIN NONFAT GREEK,1.0,3.975,18.03,1.80302967075,Yogurt
12,YOGURT VANILLA GREEK NON FAT,1.0,4.5,18.03,2.0411656650000003,Yogurt
6,SPICE GARLIC POWDER,0.0,2.0,17.38,0.90718474,Stimulants & Spices (misc.)
60,DRESSING ITALIAN LIGHT PACKET,1.0,5.63,13.5,2.5537250431,Vegetable oils
2,YOGURT PLAIN GREEK BAG OIKOS,0.0,0.0,0.0,0.0,Yogurt
1,SUPPLY EQUIPMENT BID ITEM,2.0,2.0,5250.83,0.90718474,Uncategorized
6,DETERGENT MACHINE SMRTPWR,14.0,567.0,2467.22,257.18687379,Uncategorized
1,SERVER BEV INSUL BLK 10.5 GAL,5.0,132.55,1407.15,60.12366864350001,Uncategorized
1,DETERGENT POT/PAN LIQ PINK RTU,23.0,972.9,1265.0,441.300016773,Uncategorized
1,SUPPLY SOTF STORAGE BIDS,1.0,6.0,1166.57,2.72155422,Uncategorized
3,DETERGENT POT/PAN HAND SMARTPW,9.0,54.0,1145.34,24.49398798,Uncategorized
1,CLEANER DEGRSR ORGFRC OASIS137,10.0,212.0,1051.9,96.16158244,Uncategorized
1,SUPPLY SOTF KITCHEN BIDS,2.0,12.0,910.4,5.4431084400000005,Uncategorized
1,CLEANER SANITIZER S&S SMRTPWR,5.0,117.5,872.55,53.297103475,Uncategorized
1,CLEANER DRAIN GREASE DIGESTANT,2.0,41.66,856.9,18.8966581342,Uncategorized
1,BACON LAYFLAT 22/26 SMOKED,8.0,126.4,576.08,57.334075568,Pork (pig meat)
8,STRAWBERRY FRESH DRISCOLL,16.0,128.0,517.76,58.05982336,Berries
1,CLEANER FLOOR SANI WSH N WALK,3.0,64.8,502.17,29.392785576,Uncategorized
4,COFFEE FRZDRY 100% ARABE ALEGR,3.0,6.6,394.08,2.993709642,Coffee
114,SAUSAGE CHICKEN FOUR PPR VEG/C,8.0,80.0,391.52,36.2873896,Legumes (misc.)
8,BEVERAGE MIX FROTHY ALEGRIA,2.0,32.0,389.32,14.51495584,Uncategorized
6,COFFEE CAPP FRCH VAN,5.0,60.0,382.95,27.2155422,Coffee
2,PRESOAK FLATWARE SILVER POWER,3.0,48.0,379.68,21.77243376,Uncategorized
1,SAUSAGE TURKEY SKLS LK CK .8OZ,8.0,80.0,367.52,36.2873896,"Poultry (chicken, turkey)"
12,DRINK LEMONADE CONC,2.0,64.06,343.18,29.0571272222,Citrus Fruit
12,JUICE CONC MANDARIN CARDAMOM,2.0,64.068,343.18,29.06075596116,Citrus Fruit
12,JUICE CONC MANGO,2.0,64.06,343.18,29.0571272222,Fruits (misc.)
160,SAUSAGE PORK PTY CKD MILD 1 OZ,7.0,70.0,334.6,31.751465900000003,Pork (pig meat)
120,BISCUIT BUTTERMILK RDY TOPSPLT,7.0,131.25,326.62,59.5339985625,Yogurt
1,PANCAKE BLUEBERRY FILLED,6.0,78.0,315.12,35.38020486,"Wheat/Rye (Bread, pasta, baked goods)"
4,BANANA PLANTAIN FRZN SWEET SLI,9.0,216.0,303.66,97.97595192,Bananas
2,SALMON ATL SMK SLI FIL USA,4.0,21.1,301.77,9.570799007000002,Fish (finfish)
2,MEAT ALTERNATE SEITAN STRIP,6.0,60.0,275.88,27.2155422,Soybeans/Tofu
4,SYRUP MAPLE PURE DARK ROBUST,1.0,44.01,272.25,19.9626002037,Sugars and sweeteners
4,GLOVE LATEX LRG FLCK-LIN YELW,3.0,23.1,271.47,10.477983747,Uncategorized
120,POTATO HASH BRN GLDN PTY,6.0,101.25,260.34,45.9262274625,Potatoes
6,POTATO PANCAKE MINI BABYCAKE,5.0,90.0,253.05,40.8233133,"Wheat/Rye (Bread, pasta, baked goods)"
4,CHICKEN CVP THIGH B/S HALAL,3.0,120.0,248.4,54.4310844,"Poultry (chicken, turkey)"
2,PASTA PENNE RIGATE MINI,5.0,98.5,234.4,44.678848445,"Wheat/Rye (Bread, pasta, baked goods)"
42,CHICKEN CUTLET CLS VEGAN 3.7,3.0,29.1,234.15,13.199537967,Legumes (misc.)
75,LINER TRASH 38X58 2 ML CLR,3.0,66.0,222.0,29.937096420000003,Uncategorized
2,PASTA NOODLE EGG XWIDE,7.0,70.0,221.76,31.751465900000003,"Wheat/Rye (Bread, pasta, baked goods)"
1,CHEESE CREAM ORIG CRTN,1.0,50.0,212.45,22.6796185,Cheese
2,TOFU FIRM BTRD NUGGET,2.0,40.0,206.44,18.1436948,Soybeans/Tofu
12,PANCAKE BUTTERMILK 4,6.0,73.68,192.36,33.4206858216,Yogurt
2,HAM BUFFET MASTER BNLS H/W 32%,3.0,60.46,182.53,27.4241946902,Pork (pig meat)
1,FORK PLAS PSM HVYWGT BEIGE,2.0,27.336,181.54,12.39940102632,Uncategorized
1,PLANTBASED MEATBALL VEGAN,3.0,30.0,179.28,13.6077711,Legumes (misc.)
12,DRINK PEACH ORGANIC CONC,1.0,33.76,171.59,15.3132784112,Fruits (misc.)
12,JUICE CONC BERRY PATCH ORG,1.0,32.034,171.59,14.53037798058,Berries
1000,CUP PLAS COMPST CLR GRN STRIPE,1.0,26.0,164.46,11.79340162,Uncategorized
2,CHEESE COTTAGE SMALL CURD 4%,6.0,60.0,162.84,27.2155422,Cheese
64,COOKIE CHOC CHIP GLUT FREE,2.0,12.0,158.72,5.4431084400000005,"Wheat/Rye (Bread, pasta, baked goods)"
6,SAUCE SOY TAMARI GLUTEN FREE,2.0,58.56,158.26,26.5623691872,Vegetable oils
1,CHARGE FREIGHT,5.0,5.0,153.3,2.2679618500000003,Uncategorized
2,BEAN GREEN TRIMMED FRSH,5.0,52.25,128.15,23.7002013325,Beans and pulses (dried)
6,BEAN GREAT NORTHERN,3.0,138.0,125.55,62.59574706,Beans and pulses (dried)
6,GRAIN SPECIALTY BULGUR WHEAT,3.0,36.0,123.12,16.329325320000002,Grains/cereals (except rice)
1,RICE BASMATI WHITE,3.0,74.1,118.08,33.611194617,Rice
1,SANITIZER OASIS 146 MULTI QUAT,1.0,20.8,118.01,9.434721296,Uncategorized
6,BEAN BLACK FRESH READY TO EAT,3.0,72.0,115.17,32.658650640000005,Beans and pulses (dried)
6,BEAN GARBANZO FRESH RTE,3.0,72.0,115.17,32.658650640000005,Beans and pulses (dried)
4,SAUCE BBQ KOREAN,2.0,38.914,113.98,17.651093486180002,Vegetable oils
3,CHEESE CUBE CHDR/SWISS/PEP JCK,2.0,30.0,113.72,13.6077711,Cheese
6,GARLIC CHOPPED IN WATER,2.0,24.0,111.62,10.88621688,Stimulants & Spices (misc.)
144,WAFFLE JUMBO GOURM WHL GRN,4.0,46.8,110.88,21.228122916,"Wheat/Rye (Bread, pasta, baked goods)"
2,PASTA PENNE WHL GRAIN 100%,3.0,60.0,108.54,27.2155422,"Wheat/Rye (Bread, pasta, baked goods)"
4,SWEETENER AGAVE LGT BLORGANIC,1.0,23.0,107.51,10.43262451,Sugars and sweeteners
6,POTATO TATER BARREL,2.0,60.0,106.22,27.2155422,Potatoes
12,RASPBERRY RED FRESH,2.0,14.4,102.22,6.531730128,Berries
4,NOODLE YAKISOBA JAPNSE FZ,3.0,60.0,102.15,27.2155422,"Wheat/Rye (Bread, pasta, baked goods)"
12,BREAD PITA GYRO PRE-OILED 7,3.0,63.0,94.92,28.57631931,"Wheat/Rye (Bread, pasta, baked goods)"
6,CHESTNUT WATER SLICED,1.0,38.23,94.57,17.340836305099998,Peanuts/groundnuts
1,CHICKEN TENDER VEGAN,2.0,20.0,94.02,9.0718474,Legumes (misc.)
12,BLUEBERRY FRESH,2.0,25.5,93.82,11.566605435,Berries
2,SAUCE PESTO NO NUT,3.0,12.0,92.31,5.4431084400000005,Vegetable oils
4,DELIMER LIME A-WAY,1.0,36.0,92.05,16.329325320000002,Citrus Fruit
1,CHEESE CREAM NON DAIRY,1.0,30.0,84.97,13.6077711,Soybeans/Tofu
6,BLEACH LIQ GRMCDL ULTRA 6%,3.0,175.5,83.28,79.60546093500001,Uncategorized
1,MOP HEAD COTTN CUT END #32,4.0,20.0,81.96,9.0718474,Uncategorized
4,GUACAMOLE FRESH ORIG BLEND HPP,2.0,16.0,78.9,7.25747792,Fruits (misc.)
12,BLACKBERRY FRESH,2.0,18.0,77.64,8.164662660000001,Berries
36,COOKIE SNICKERDOODLE GLTNFR IW,2.0,8.1,77.32,3.674098197,"Wheat/Rye (Bread, pasta, baked goods)"
1,TOMATO GRAPE FRSH,2.0,20.0,76.68,9.0718474,Tomatoes
6,PEACH YC DICED CH PEAR JUICE,1.0,38.7,76.18,17.554024719,Fruits (misc.)
24,BREAD BUN HOTDOG GLUT FREE IW,2.0,7.2,73.94,3.265865064,"Wheat/Rye (Bread, pasta, baked goods)"
12,CREAM HEAVY WHIPPING 36% ESL,1.0,25.66,70.25,11.6391802142,Cream
1,OIL SALAD CANOLA ZTF,2.0,70.0,70.06,31.751465900000003,Rapeseed/canola (Oil)
24,BUN HAMBURGER GLUTEN FREE IW,2.0,9.6,69.2,4.354486752,Pork (pig meat)
2,MITT OVEN  BEIGE 15IN,2.0,0.2,63.18,0.090718474,Uncategorized
6,BREAD WHITE SNDW GLUTEN FREE,1.0,9.0,59.95,4.082331330000001,"Wheat/Rye (Bread, pasta, baked goods)"
4,SAUCE BBQ ORIGINAL,1.0,40.56,57.86,18.3977065272,Vegetable oils
6,MIX WAFFLE BELGIAN COMPLT,1.0,30.0,57.11,13.6077711,"Wheat/Rye (Bread, pasta, baked goods)"
400,JELLY ASST 160G/160MF/80STR,1.0,9.5,56.3,4.309127515,Sugars and sweeteners
2,DRESSING VINGRT BLOOD ORG SHAL,1.0,17.86,53.99,8.1011597282,Vegetable oils
1,CARROT STK ST 3/8X4 STACK,3.0,15.0,53.1,6.80388555,Root Vegetables
4,BAGEL PLAIN GLUTEN FREE,2.0,10.5,52.96,4.762719885,"Wheat/Rye (Bread, pasta, baked goods)"
4,LETTUCE SHREDDED 1/8 IN FRESH,2.0,40.0,49.36,18.1436948,Cabbages and other Brassicas (Broccoli)
4,PEPPER BANANA SLI/VINGR,1.0,32.0,49.31,14.51495584,Bananas
6,PAD SCRUB S-S 35 GRAM 1.25 OZ,0.0,4.666,47.64,2.11646199842,Uncategorized
24,MILK COCONUT UNSWEETENED,1.0,25.55,44.62,11.5892850535,Tree nuts and seeds
1,CABBAGE WHITE FRESH,2.0,102.0,42.42,46.266421740000006,Cabbages and other Brassicas (Broccoli)
4,SAUCE TZATZIKI SOUR CREAM,1.0,15.0,41.97,6.80388555,Vegetable oils
12,VEGETABLE BLEND ITALIAN GR A,1.0,23.25,41.67,10.5460226025,Legumes (misc.)
2,TOMATO DICED 3/8IN TRAY,2.0,20.0,41.38,9.0718474,Tomatoes
6,BEAN KIDNEY DARK RED,1.0,40.55,40.75,18.3931706035,Beans and pulses (dried)
10,TORTILLA STRIP TRICOLOR FRIED,1.0,10.0,40.4,4.535923700000001,"Wheat/Rye (Bread, pasta, baked goods)"
1,PAD SCOUR XHV NYLON 3.5X6 BLUE,2.0,1.4,40.24,0.635029318,Uncategorized
1,RICE PARBOILED PERFECT,1.0,50.75,39.54,23.0198127775,Rice
6,VEGETABLE BLEND CHFCT SAN FRAN,1.0,23.885,38.2,10.83405375745,Legumes (misc.)
2,CHEESE FETA CRUMBLED,1.0,10.0,36.17,4.535923700000001,Cheese
4,OIL CANOLA SAL,1.0,32.5,34.34,14.741752025,Rapeseed/canola (Oil)
1,POTATO YELLOW YUKON GOLD B SZ,2.0,100.0,31.14,45.359237,Potatoes
24,COOKIE CHOC CHIP GLTN FR I/W,1.0,5.5,30.4,2.4947580350000003,"Wheat/Rye (Bread, pasta, baked goods)"
1,SPRINKLE CHOCOLATE,1.0,10.0,28.73,4.535923700000001,Sugars and sweeteners
6,PAD SCRUB S-S 50 GRAM 1.75 OZ,0.0,3.566,27.46,1.61751039142,Uncategorized
1,PEPPER GREEN BELL CHOICE FRESH,1.0,25.0,26.07,11.33980925,Stimulants & Spices (misc.)
1,SPRINKLE RAINBOW,1.0,10.0,26.07,4.535923700000001,Sugars and sweeteners
3,BOTTLE PLAS SPRAY W/TRIG 32OZ,2.0,10.0,25.48,4.535923700000001,Uncategorized
1,BARLEY PEARLED DRIED,1.0,20.0,25.2,9.0718474,"Wheat/Rye (Bread, pasta, baked goods)"
1,ONION RED JUMBO BOX,1.0,25.0,25.2,11.33980925,Onions and Leeks
4,PARSLEY CLN/WASH FRESH HERB,1.0,4.0,23.43,1.81436948,Grains/cereals (except rice)
4,CILANTRO CLEAN WASH FRESH HERB,1.0,4.7,23.09,2.1318841390000003,Stimulants & Spices (misc.)
1,ONION YELLOW JUMBO BAG,1.0,50.0,22.38,22.6796185,Onions and Leeks
1,ROSEMARY FRESH,1.0,2.0,19.37,0.90718474,Vegetables (misc.)
1,THYME FRESH,1.0,2.0,19.37,0.90718474,Vegetables (misc.)
1,BASIL FRESH,1.0,2.0,18.51,0.90718474,Stimulants & Spices (misc.)
6,MILK COCONUT UNSWT,0.0,0.0,0.0,0.0,Tree nuts and seeds
1,EGG SHELL LRG WHT A CAGE FREE,0.0,0.0,0.0,0.0,Eggs
1,SUPPLY EQUIPMENT ON THE FLY,1.0,6.0,292.1,2.72155422,Uncategorized
1,CHARGE FREIGHT,1.0,1.0,34.32,0.45359237,Uncategorized
1,SUPPLY SOTF KITCHEN BIDS,1.0,6.0,237.42,2.72155422,Uncategorized
1,SUPPLY SOTF JANSAN,2.0,12.0,203.91,5.4431084400000005,Uncategorized
1,SUPPLY SOTF KITCHEN,2.0,12.0,87.78,5.4431084400000005,Uncategorized
1,CHARGE FREIGHT,6.0,6.0,84.25,2.72155422,Uncategorized
1,SUPPLY OFFICE SOTF COM,1.0,6.0,23.47,2.72155422,Uncategorized
2,SOUP CHICKEN & DUMPLING,3.0,48.0,150.16,21.77243376,"Poultry (chicken, turkey)"
6,MILK ORIGINAL OAT XTRA CREAMY,6.0,131.76,119.46,59.7653306712,Oat milk
2,SOUP LENTIL VEGETERIAN,3.0,48.0,118.21,21.77243376,Beans and pulses (dried)
6,MILK HOMOGENIZED ESL,5.0,131.5,93.05,59.647396655,Milk (cow's milk)
12,CREAMER HALF & HALF ESL,2.0,51.3,87.71,23.269288581,Milk (cow's milk)
6,MILK 2% UHT RDUC FAT,5.0,137.5,86.8,62.368950875,Milk (cow's milk)
2,SOUP CHICKEN NDLE,2.0,32.0,85.64,14.51495584,"Poultry (chicken, turkey)"
2,SOUP MINESTRONE RTU REFRI,2.0,32.0,83.8,14.51495584,"Wheat/Rye (Bread, pasta, baked goods)"
6,MILK ALMOND UNSWT,3.0,75.51,73.35,34.25075985870001,Almond milk
72,OMELET EGG W/CHEESE IQF FLDED,1.0,15.1,72.05,6.849244787,Cheese
12,SPREAD HUMMUS RED PEPR W/PRETZ,2.0,6.16,63.62,2.7941289992,Vegetable oils
12,SPREAD HUMMUS RST GRLC W/PRETZ,2.0,6.16,63.6,2.7941289992,Vegetable oils
12,SPREAD HUMMUS CLS W/PRETZELS,2.0,6.16,63.6,2.7941289992,"Wheat/Rye (Bread, pasta, baked goods)"
8,CANDY BAR SNICKER 1.86 OZ,0.0,5.58,62.84,2.5310454246000003,Sugars and sweeteners
10,TEA HOT BAG BLK  ENV,1.0,7.0,55.26,3.17514659,Stimulants
24,WATER STILL BLUE BTL GLASS,2.0,70.0,52.02,31.751465900000003,Uncategorized
24,DRINK ENERGY RED BULL,1.0,12.45,48.55,5.6472250065,Stimulants
24,DRINK ENERGY REDBULL SF,1.0,14.4,48.5,6.531730128,Stimulants
2,BROWNIE CHEESECAKE PRE-CUT,1.0,12.0,45.18,5.4431084400000005,Cheese
2,BROWNIE CHOC CHIP PRCT,1.0,12.0,45.18,5.4431084400000005,"Wheat/Rye (Bread, pasta, baked goods)"
64,CHIP POTATO JALAPENO KETTLE,1.0,5.5,44.09,2.4947580350000003,"Wheat/Rye (Bread, pasta, baked goods)"
64,CHIP TORTILLA COOL RANCH LSS,1.0,7.0,44.09,3.17514659,"Wheat/Rye (Bread, pasta, baked goods)"
2,SOUP ITALIAN WEDDING W/MTBALLS,1.0,16.0,42.09,7.25747792,Lamb/mutton & goat meat
12,YOGURT COCONUT ALMND LOCO FLIP,2.0,7.96,41.2,3.6105952652,Yogurt
12,YOGURT KEY LIME CRUMBLE FLIP,2.0,10.0,41.2,4.535923700000001,Yogurt
24,TEA BREW BLEND PACK FILTER BAG,1.0,4.4,40.87,1.9958064280000003,Stimulants
6,VEGETABLE BLEND CHFCT SAN FRAN,1.0,23.885,38.2,10.83405375745,Legumes (misc.)
12,YOGURT MANGO GREEK 2%,2.0,8.0,36.06,3.62873896,Yogurt
12,YOGURT PEACH GREEK NONFAT,2.0,8.0,36.06,3.62873896,Yogurt
12,YOGURT PLAIN NONFAT GREEK,2.0,7.95,36.06,3.6060593415,Yogurt
12,YOGURT RASPBERRY GREEK NF,2.0,9.0,36.06,4.082331330000001,Yogurt
12,YOGURT BLUEBERRY GREEK NON FAT,2.0,8.0,36.06,3.62873896,Yogurt
12,YOGURT VANILLA GREEK NON FAT,2.0,9.0,36.06,4.082331330000001,Yogurt
24,WATER SPARKLING GRPFRT POMPL,1.0,18.096,32.77,8.20820752752,Citrus Fruit
24,CHIP PITA LSS SIMPLY NAKED,2.0,4.5,31.88,2.0411656650000003,"Wheat/Rye (Bread, pasta, baked goods)"
2,RICE BASMATI INTNL BENS,1.0,10.0,29.77,4.535923700000001,Rice
1,RICE SEASONED YELLOW PAELLA,1.0,15.3,28.84,6.939963261000001,Rice
6,MILK SOY PLAIN 64OZ,1.0,24.0,27.1,10.88621688,Soy milk
1,BANANA FRESH RIPE/READY,1.0,41.067,26.75,18.62767785879,Bananas
24,WATER SPRING SPRKLG BLUE GLASS,1.0,33.95,26.01,15.399460961500004,Uncategorized
100,CHEESE CREAM PLAIN SPREAD CUP,1.0,4.5,25.82,2.0411656650000003,Cheese
24,WATER SPRKLG ORG ARANCAT CAN,1.0,18.096,25.32,8.20820752752,Uncategorized
6,CHEESE MOZZ FRSH SLI THIN,1.0,6.0,25.06,2.72155422,Cheese
12,YOGURT STWBRY GREEK NON FAT,1.0,4.0,18.03,1.81436948,Yogurt
2000,SUGAR PACKET,1.0,12.5,17.75,5.669904625,Sugars and sweeteners
4,CHICKEN CVP BRST 6OZ HAL,19.0,380.0,1731.66,172.3651006,"Poultry (chicken, turkey)"
6,BEEF SHLDR TNDR TERES MAJOR,4.0,233.1,1485.78,105.732381447,Beef & buffalo meat
24,WATER SPRING STILL ALUM W/ELEC,43.0,1139.5,1207.87,516.868505615,Uncategorized
4,CHICKEN CVP THIGH B/S HALAL,8.0,320.0,653.97,145.14955840000002,"Poultry (chicken, turkey)"
6,CHEESE STICK MOZZ ITAL BRD 3IN,4.0,96.0,464.32,43.54486752,Cheese
4,CIDER APPLE FRSH LOCAL,15.0,510.0,457.8,231.3321087,Apples
1,BEEF OXTAIL CUT,2.0,34.607,450.65,15.69747114859,Beef & buffalo meat
1,SALMON ATL FIL D-TRIM 3-4# CHL,4.0,49.6,447.89,22.498181552,Fish (finfish)
4,OIL OLIVE EXTRA VIRGIN,2.0,52.0,420.0,23.58680324,Olives (Oil)
8,STRAWBERRY FRESH DRISCOLL,10.0,80.0,404.94,36.2873896,Berries
12,CRAB MEAT JMBO LUMP PSTRZD,1.0,12.0,390.05,5.4431084400000005,Crustaceans (shrimp/prawns)
1,MELON HONEYDEW FRSH,9.0,216.0,365.43,97.97595192,Fruits (misc.)
1,GRAPE RED SEEDLS LG,5.0,90.0,358.83,40.8233133,Citrus Fruit
12,CREAM HEAVY WHIPPING 36% ESL,5.0,128.3,357.43,58.19590107100001,Cream
80,BEEF PATTY SLIDER GREG NORMAN,5.0,50.0,356.3,22.6796185,Beef & buffalo meat
12,CREAMER HALF & HALF ESL,8.0,205.2,352.55,93.077154324,Milk (cow's milk)
1,SALMON ATL FIL SKLS 3-4 LB CAN,2.0,25.4,345.14,11.521246198,Fish (finfish)
12,TEA CONC BLACK SWEET,2.0,64.06,343.18,29.0571272222,Stimulants
6,PLANTBASED BEEF GROUND,3.0,36.0,321.69,16.329325320000002,Legumes (misc.)
3,SPRINGROLL VEGETABLE,4.0,36.0,320.56,16.329325320000002,Legumes (misc.)
2,TURKEY BRST SMOKED MULTI PC,4.0,82.92,314.6,37.6118793204,"Poultry (chicken, turkey)"
12,RASPBERRY RED FRESH,6.0,43.2,306.62,19.595190384,Berries
6,POTSTICKER VEG 1 OZ,4.0,50.8,297.04,23.042492396,Legumes (misc.)
1,DOUGH PUFF PASTRY SHEET HALF,3.0,52.8,293.46,23.949677136,"Wheat/Rye (Bread, pasta, baked goods)"
1,MELON CANTALOUPE FRESH,7.0,241.5,292.88,109.542557355,Fruits (misc.)
48,NUT MIXED WITH FRUIT,3.0,20.25,286.44,9.1852454925,Fruits (misc.)
24,WATER STILL BLUE BTL GLASS,11.0,385.0,286.11,174.63306245,Uncategorized
24,SODA COKE DIET,13.0,230.912,282.2,104.73992134144,Stimulants
2,APTZR VEGETABLE SAMOSA SMALL,5.0,40.0,281.6,18.1436948,"Wheat/Rye (Bread, pasta, baked goods)"
6,TOMATO WHOLE PEELD PLM NTRL,7.0,315.0,280.0,142.88159655,Tomatoes
48,BROWNIE CHOC CHIP GLUTEN FREE,5.0,52.5,277.75,23.813599425,"Wheat/Rye (Bread, pasta, baked goods)"
1,COD ATL LOIN IQF 6 OZ ASIA,3.0,30.0,272.16,13.6077711,Fish (finfish)
24,WATER BOTTLED SPRING,41.0,1123.4,267.73,509.56566845800006,Uncategorized
3,CHEESE CUBE CHDR/SWISS/PEP JCK,5.0,75.0,267.5,34.01942775,Cheese
24,SODA COCA COLA CLS,12.0,240.0,266.4,108.8621688,Stimulants
4,GARLIC PEELED FRESH,2.0,50.0,262.57,22.6796185,Stimulants & Spices (misc.)
4,LETTUCE FRESH TENDER GREENS,7.0,84.0,258.95,38.10175908,Cabbages and other Brassicas (Broccoli)
32,COOKIE CHOC CHIP IW,8.0,64.0,254.0,29.02991168,"Wheat/Rye (Bread, pasta, baked goods)"
1,PEPPER SWEET BELL MEDLEY HH,6.0,120.0,250.32,54.4310844,Stimulants & Spices (misc.)
6,MILK HOMOGENIZED ESL,13.0,341.9,241.93,155.083231303,Milk (cow's milk)
3,SPICE PEPPER WHITE GROUND,1.0,14.65,235.19,6.6451282205,Stimulants & Spices (misc.)
60,HONEY PURE JAR,3.0,33.6,221.46,15.240703632,Sugars and sweeteners
2,TOMATO SLI FRSH FC XL,6.0,126.0,220.34,57.152638620000005,Tomatoes
8,JUICE CRANBERRY CKTL27% PET,4.0,128.0,216.88,58.05982336,Berries
1,OPENER CAN #1 WITH BASE,1.0,7.45,215.09,3.3792631565000004,Uncategorized
12,COCOA MIX DISPENSER CREAMY STL,3.0,71.175,214.44,32.28443693475,Cream
1,PINEAPPLE FRESH GOLDEN RIPE,8.0,96.0,200.48,43.54486752,Fruits (misc.)
1,ASPARAGUS FRESH LARGE,4.0,44.0,198.63,19.95806428,Other vegetables
1,BEEF ROAST TOP RND C\O CH RAR,2.0,24.42,197.29,11.0767256754,Beef & buffalo meat
1,CHEESE PARM GRANA PDNO 1/4 DOP,1.0,22.22,194.69,10.0788224614,Cheese
12,BLUEBERRY FRESH,4.0,51.0,189.96,23.133210870000003,Berries
4,SHRIMP WHT P&D TLON 16/20,3.0,30.0,188.64,13.6077711,Crustaceans (shrimp/prawns)
6,BASE CHICKEN NO MSG ZTF 6/1 LB,3.0,20.55,185.37,9.3213232035,"Poultry (chicken, turkey)"
1,SQUASH ZUCCHINI MEDIUM FRESH,8.0,160.0,185.16,72.57477920000001,Other vegetables
16,CHICKEN BRST AIRLINE MURRAYS,3.0,28.9,183.11,13.108819493,"Poultry (chicken, turkey)"
1,APPLE GALA X-FANCY FRESH,4.0,164.0,175.08,74.38914868,Apples
1,COD ATL LOIN IQF 8 OZ ASIA,2.0,20.0,173.66,9.0718474,Fish (finfish)
8,JUICE APPLE 100% PET,5.0,190.0,173.1,86.1825503,Apples
6,MILK COCONUT UNSWT,2.0,76.0,172.02,34.47302012,Tree nuts and seeds
12,DRINK LEMONADE CONC,1.0,32.03,171.59,14.5285636111,Citrus Fruit
1,CUCUMBER ENGLISH LONG,12.0,144.0,171.0,65.31730128000001,Other vegetables
2,CHEESE GOAT WINE CURED MURCIA,1.0,11.51,170.72,5.2208481787,Lamb/mutton & goat meat
6,WRAP TORTILLA GLUTEN FREE 12IN,3.0,49.47,170.7,22.4392145439,"Wheat/Rye (Bread, pasta, baked goods)"
24,SODA GINGER ALE CUBE,11.0,229.35,169.84,104.0314100595,Stimulants
1,EGGPLANT FRESH,7.0,189.0,168.55,85.72895793,Other vegetables
12,PEPPER SWEET VEGGIE FRSH,3.0,36.0,168.15,16.329325320000002,Legumes (misc.)
5,APTZR SPANAKOPITA,2.0,7.5,167.56,3.401942775,"Wheat/Rye (Bread, pasta, baked goods)"
100,CHEESE CREAM ORIG SPREAD CUP,4.0,25.0,166.24,11.33980925,Cheese
24,WATER SPARKLING,9.0,180.0,163.79,81.6466266,Uncategorized
1,CHOCOLATE DARK CALLETS 53.1%,1.0,22.0,155.78,9.97903214,Cocoa
24,BUN HAMBURGER SLIDER,2.0,50.0,155.44,22.6796185,Pork (pig meat)
6,OIL OLIVE SOYBEAN BLEND 75/25,2.0,97.2,154.46,44.089178364000006,Soybeans/Tofu
1,TOMATO GRAPE FRSH,4.0,40.0,153.36,18.1436948,Tomatoes
12,SOYBEAN WHOLE SHELLED EDAMAME,2.0,48.0,151.1,21.77243376,Soybeans/Tofu
1,BACON LAYFLAT 14/18 APPL GF,2.0,30.0,148.94,13.6077711,Pork (pig meat)
4,APTZR VEG FALAFEL BALL,3.0,48.0,147.3,21.77243376,Legumes (misc.)
216,DOUGH COOKIE SMORES,2.0,40.5,145.7,18.370490985,"Wheat/Rye (Bread, pasta, baked goods)"
2,ARUGULA BABY FRESH,8.0,32.0,144.97,14.51495584,Cabbages and other Brassicas (Broccoli)
120,CHIP POTATO REGULAR INDIV,5.0,18.75,144.6,8.5048569375,"Wheat/Rye (Bread, pasta, baked goods)"
12,CAULIFLOWER CELLO WRPD FRSH,3.0,79.65,144.41,36.128632270500006,Cabbages and other Brassicas (Broccoli)
6,GLACE DEMI CHKN,2.0,24.0,144.0,10.88621688,"Poultry (chicken, turkey)"
2,PASTA CAVATELLI RICOTTA,6.0,60.0,140.22,27.2155422,"Wheat/Rye (Bread, pasta, baked goods)"
104,CHIP POTATO SRCRM & ONION SS,3.0,19.5,140.16,8.845051215,"Wheat/Rye (Bread, pasta, baked goods)"
12,CHEESE BOURSIN HERB FRENCH,3.0,11.7,139.74,5.307030729,Cheese
100,DOUGH COOKIE FILLED BDAY CAKE,2.0,41.8,137.94,18.960161066,"Wheat/Rye (Bread, pasta, baked goods)"
216,DOUGH COOKIE RED VELVET,2.0,40.5,137.08,18.370490985,"Wheat/Rye (Bread, pasta, baked goods)"
2,CHICKEN TNDR FRTR ORIG FLT SEL,4.0,40.0,136.52,18.1436948,"Poultry (chicken, turkey)"
36,BUTTER SOLID USDA AA SALTED,1.0,36.0,135.31,16.329325320000002,Butter
12,TART SHELL PLANTAIN,2.0,11.2,134.2,5.080234544,Bananas
2,CHEESE CHEDDAR TRUFFLE,1.0,11.07,133.74,5.021267535900001,Cheese
4,MILK WHL GALLON,5.0,172.0,133.3,78.01788764,Milk (cow's milk)
8,CUPCAKE ASST,2.0,12.4,133.28,5.6245453880000005,"Wheat/Rye (Bread, pasta, baked goods)"
213,DOUGH COOKIE CHOC CHIP M&M,2.0,41.8,131.86,18.960161066,"Wheat/Rye (Bread, pasta, baked goods)"
216,DOUGH COOKIE SNICKERDOODLE,2.0,38.0,131.38,17.23651006,"Wheat/Rye (Bread, pasta, baked goods)"
12,CRACKER ASSORTMENT FOR CHEESE,2.0,14.2,130.76,6.441011654,Cheese
2,SAUCE GENERAL TSO,2.0,45.0,130.52,20.41165665,Vegetable oils
1,CHEESE PARMESAN WHEEL,1.0,25.16,130.28,11.4123840292,Cheese
12,CRACKER RICE PLAIN,4.0,14.0,130.16,6.35029318,"Wheat/Rye (Bread, pasta, baked goods)"
12,CHEESE GOAT LOG CHEVRE,2.0,15.76,128.76,7.1486157512,Lamb/mutton & goat meat
50,RICE PAPER 12 RND,1.0,37.5,128.64,17.009713875,Rice
2,CHEESE GOAT TUB,2.0,16.0,128.26,7.25747792,Lamb/mutton & goat meat
4,SAUCE BBQ ORIGINAL,2.0,78.4,126.94,35.561641808000005,Vegetable oils
6,CHEESE MOZZ FRSH SLI THIN,5.0,30.0,126.42,13.6077711,Cheese
1,SQUASH YELLOW S/N MEDIUM FRESH,6.0,144.0,126.17,65.31730128000001,Fruits (misc.)
4,OLIVE GREEN QUEEN PIT 100/120,1.0,15.75,124.39,7.144079827500001,Other vegetables
24,SODA SPRITE CANS,6.0,108.0,124.14,48.98797596,Stimulants
1,ENDIVE BELGIAN FRESH,3.0,30.0,123.96,13.6077711,Uncategorized
213,DOUGH COOKIE SUGAR GOURM,2.0,41.0,121.52,18.59728717,"Wheat/Rye (Bread, pasta, baked goods)"
6,CHEESE BRIE,3.0,9.0,121.11,4.082331330000001,Cheese
4,RICE ARBORIO,1.0,44.0,119.94,19.95806428,Rice
2,MUSTARD DIJON PLS,1.0,16.0,117.8,7.25747792,Tree nuts and seeds
6,YOGURT VANILLA PARFAIT POUCH,3.0,72.0,117.12,32.658650640000005,Yogurt
1,CAULIFLOWER FRESH MULTI-COLOR,3.0,45.0,117.09,20.41165665,Cabbages and other Brassicas (Broccoli)
6,TOMATO DICED FIRE ROASTED,2.0,76.5,116.54,34.699816305,Tomatoes
12,WATER STILL CANNED W ELECT,15.0,157.5,114.75,71.440798275,Uncategorized
12,DESSERT CHOC COCONUT VEGAN CK,3.0,5.16,114.39,2.3405366292000003,Legumes (misc.)
1,TUNA AHI SAKU BLOCK IVP 10OZ,1.0,10.0,112.56,4.535923700000001,Fish (finfish)
12,TEA CONC GREEN,1.0,25.02,110.23,11.3488810974,Stimulants
3,BROCCOLI FRESH SWEET BABY,4.0,24.0,109.69,10.88621688,Cabbages and other Brassicas (Broccoli)
4,OLIVE KALAMATA PTD PLAS KEG,1.0,17.0,109.36,7.71107029,Other vegetables
6,CHEESE GOAT CRUMBLE TRAY PK,2.0,12.0,107.98,5.4431084400000005,Lamb/mutton & goat meat
4,SHALLOT PEELED FRESH,1.0,20.0,107.95,9.0718474,Onions and Leeks
1,CHEESE MANCHEGO 3 MONTHS AGED,1.0,7.01,107.38,3.1796825137,Cheese
2,TOMATO DICED 3/8IN TRAY,4.0,40.0,107.36,18.1436948,Tomatoes
12,MILK SKIM UHT,7.0,181.23,106.82,82.2045452151,Milk (cow's milk)
1,BOK CHOY BABY FRESH,4.0,40.0,106.55,18.1436948,Cabbages and other Brassicas (Broccoli)
6,TUNA TONGOL CHUNK IN WTR,1.0,27.95,105.2,12.6779067415,Fish (finfish)
8,TOFU FIRM SUPER ORGANIC,3.0,48.0,104.58,21.77243376,Soybeans/Tofu
8,JUICE ORANGE 100% PET,2.0,64.0,104.28,29.02991168,Citrus Fruit
24,BUN HAMBURGER GLUTEN FREE IW,3.0,14.4,103.8,6.531730128,Pork (pig meat)
4,MAYONNAISE REAL,1.0,30.37,102.54,13.7756002769,Vegetable oils
6,TOMATO SUNDRIED OLIVE OIL DOM,1.0,12.0,102.49,5.4431084400000005,Tomatoes
1,APPLE RED DEL FANCY FRESH,3.0,120.0,102.1,54.4310844,Apples
1,LETTUCE BOSTON /BUTTER FRESH,3.0,56.55,99.87,25.6506485235,Butter
6,TOMATO DICED IN JCE NO SALT CA,2.0,76.876,99.66,34.87036703612,Tomatoes
1,HONEY PURE HOT JUG,1.0,8.34,99.25,3.7829603658,Sugars and sweeteners
114,SAUSAGE CHICKEN FOUR PPR VEG/C,2.0,20.0,97.88,9.0718474,Legumes (misc.)
6,SPICE PEPPERCORN BLK GRINDER,1.0,2.79,97.25,1.2655227123,Corn (Maize)
4,BROCCOLI FLORET ICELESS,3.0,36.0,97.04,16.329325320000002,Cabbages and other Brassicas (Broccoli)
104,CHIP POTATO BBQ SS,2.0,13.0,93.44,5.8967008100000005,"Wheat/Rye (Bread, pasta, baked goods)"
1,LETTUCE RADICCHIO FRESH,4.0,24.0,92.88,10.88621688,Cabbages and other Brassicas (Broccoli)
1,CORN SWEET YELLOW FRESH,2.0,90.0,92.78,40.8233133,Corn (Maize)
6,SEASONING VEGETABLE GRL MATE,1.0,7.5,92.69,3.401942775,Legumes (misc.)
1,BASIL FRESH,5.0,10.0,92.55,4.535923700000001,Stimulants & Spices (misc.)
10,MANDARIN FRESH EASY PEEL,2.0,60.0,92.06,27.2155422,Citrus Fruit
4,DIP HUMMUS TRADITIONAL,2.0,30.0,92.02,13.6077711,Vegetable oils
2,BROWNIE CHOC CHIP PRCT,2.0,24.0,90.36,10.88621688,"Wheat/Rye (Bread, pasta, baked goods)"
16,CHICKEN CVP 8PC CUT TR HAL,1.0,43.15,90.23,19.5725107655,"Poultry (chicken, turkey)"
12,YOGURT COCONUT GREEK BLNDED,5.0,19.875,90.15,9.01514835375,Yogurt
12,YOGURT PINEAPPLE GREEK 2%,5.0,22.5,90.15,10.205828325,Yogurt
1,MAHI MAHI PRTN BL/SL 7-9 OZ,1.0,10.0,89.21,4.535923700000001,Uncategorized
64,POPCORN CHEDDAR WHT LSS,2.0,8.0,88.18,3.62873896,Corn (Maize)
5,MEAT ALTERNATE JACKFRUIT NKD,2.0,19.06,87.86,8.6454705722,Fruits (misc.)
1,CASHEW WHOLE RAW,2.0,10.0,87.64,4.535923700000001,Tree nuts and seeds
1,SKIMMER MESH #12,2.0,4.0,86.74,1.81436948,Uncategorized
2,EGG WHL LIQUID FRSH W/CITRC,1.0,40.0,86.38,18.1436948,Eggs
1,PEPPER BELL RED HOTHOUSE #1,3.0,33.0,86.04,14.968548210000002,Stimulants & Spices (misc.)
4,SAUCE TZATZIKI SOUR CREAM,2.0,30.0,83.94,13.6077711,Vegetable oils
1,LETTUCE FRISSEE BABY FRESH,2.0,12.0,83.8,5.4431084400000005,Cabbages and other Brassicas (Broccoli)
2,COOKIE MINI ASSORTED MACARONS,1.0,4.05,83.44,1.8370490985,"Wheat/Rye (Bread, pasta, baked goods)"
2,PASTA PENNE RIGATE HVY WALL,2.0,40.0,82.66,18.1436948,"Wheat/Rye (Bread, pasta, baked goods)"
1,BREADING MIX REDI BREADER,1.0,50.0,82.6,22.6796185,"Wheat/Rye (Bread, pasta, baked goods)"
1,TOPPING WHPD BASE,1.0,30.0,82.01,13.6077711,Vegetable oils
6,APTZR PORK POTSTICKER1 OZ EA,1.0,7.35,80.39,3.3339039195,Pork (pig meat)
4,BAGEL PLAIN GLUTEN FREE,3.0,15.75,79.44,7.144079827500001,"Wheat/Rye (Bread, pasta, baked goods)"
6,SAUCE SOY TAMARI GLUTEN FREE,1.0,29.28,79.13,13.2811845936,Vegetable oils
1,AVOCADO HASS GREEN FRESH,1.0,24.7,78.38,11.203731539,Fruits (misc.)
4,CHICKEN CVP THIGH BNLS SKLS,1.0,40.0,78.0,18.1436948,"Poultry (chicken, turkey)"
8,JUICE GRPFRT RUBY RED RTS PET,3.0,103.842,77.34,47.10193888554,Citrus Fruit
4,BEEF GRND BULK 90/10 CHUB FZ,1.0,20.0,77.04,9.0718474,Beef & buffalo meat
12,DESSERT CHOC HZLNUT VEGAN CAKE,2.0,3.44,76.26,1.5603577528,Legumes (misc.)
24,TOMATO PASTE FANCY CA,1.0,27.0,75.78,12.24699399,Tomatoes
2000,SUGAR TURBINADO ORNIC RAW STK,2.0,26.46,75.72,12.0020541102,Sugars and sweeteners
1,NUT PISTACHIO RAW,1.0,5.0,75.66,2.2679618500000003,Uncategorized
6,TEA MINT REFRESH ORGANIC,3.0,2.01,75.27,0.9117206637,Stimulants
6,TEA EARLGREY ORGANIC,3.0,1.548,75.27,0.7021609887600001,Stimulants
6,TEA GREEN GINGER ORGANIC,3.0,1.389,75.27,0.6300398019300001,Stimulants
6,TEA HERBAL CALM ORGANIC,3.0,2.01,75.27,0.9117206637,Stimulants
6,TEA BAG AWAKE ENG BRKFST ORGNC,3.0,1.62,75.27,0.7348196394000001,Stimulants
4,APTZR CORN RIB HCKRY SMK,1.0,16.0,75.08,7.25747792,Corn (Maize)
6,SPICE CLOVE WH,0.0,2.065,74.97,0.93666824405,Stimulants & Spices (misc.)
4,CHEESE AMER PROC PAST 120 SLI,1.0,20.0,74.82,9.0718474,Cheese
16,CHICKEN CVP 8PC CT FRH TRM FRZ,1.0,41.65,74.68,18.8921222105,"Poultry (chicken, turkey)"
1,ORANGE FANCY FRESH,2.0,80.0,73.37,36.2873896,Citrus Fruit
1,POTATO FRESH FINGERLING MIXED,2.0,20.0,73.26,9.0718474,Potatoes
3,CHEESE PROVOLONE,0.0,23.2,73.1,10.523342984,Cheese
6,JUICE LIME PSTRZD ULTRA PREM,3.0,39.0,72.21,17.69010243,Citrus Fruit
12,YOGURT STWBRY GREEK NON FAT,4.0,16.0,72.12,7.25747792,Yogurt
12,YOGURT VANILLA GREEK NON FAT,4.0,18.0,72.12,8.164662660000001,Yogurt
6,BREAD CRUMB PANKO GLUTEN FREE,1.0,15.0,71.79,6.80388555,"Wheat/Rye (Bread, pasta, baked goods)"
60,CHEESE BRIE MINI,1.0,3.38,71.56,1.5331422106,Cheese
12,JUICE ORANGE PET,2.0,52.32,71.52,23.7319527984,Citrus Fruit
1,SYRUP MAPLE VERY DK GRADEA ORG,1.0,12.0,71.16,5.4431084400000005,Sugars and sweeteners
6,SEASONING OLD BAY,0.0,7.5,71.05,3.401942775,Stimulants & Spices (misc.)
1,CLOTH CHS REG WGT 36IN,1.0,4.0,70.6,1.81436948,Uncategorized
1,KIWI FRUIT FCY FRESH,3.0,23.4,70.23,10.614061458,Fruits (misc.)
4,CEREAL GRANOLA OATSN HNY BLKPK,1.0,12.5,70.05,5.669904625,Grains/cereals (except rice)
6,SOUP BASE MUSHROOM NO MSG GF,1.0,6.0,69.77,2.72155422,Vegetables (misc.)
4,BANANA PLANTAIN SLI SWEET,2.0,48.0,69.54,21.77243376,Bananas
1,MUSHROOM SLCD FRESH,3.0,30.0,68.79,13.6077711,Vegetables (misc.)
4,ONION GREEN ICELS,2.0,16.912,66.74,7.67115416144,Onions and Leeks
24,SODA COKE ZERO CANS SUITECASE,3.0,56.88,66.6,25.800334005600003,Stimulants
213,DOUGH COOKIE CHOC CHIP,1.0,21.0,65.93,9.52543977,"Wheat/Rye (Bread, pasta, baked goods)"
6,SAUCE MARINADE CRIOLLO MOJO,1.0,46.0,65.61,20.86524902,Vegetable oils
2,THERMOMETER FRZR REFRG -20-80F,5.0,1.0,64.65,0.45359237,Uncategorized
6,POTATO H/BRN DICE SKON,1.0,36.0,64.11,16.329325320000002,Potatoes
2,SAUCE ORANGE GNGR,1.0,20.0,64.05,9.0718474,Citrus Fruit
64,AVOCADO HALF INDWRP HPP FRZ,1.0,6.0,63.95,2.72155422,Fruits (misc.)
1,SQUASH BUTTERNUT FRESH,2.0,100.0,62.02,45.359237,Fruits (misc.)
1,ASPARAGUS FRESH JUMBO,1.0,11.0,62.01,4.9895160700000005,Other vegetables
12,PALM HEART,1.0,21.0,61.85,9.52543977,Vegetables (misc.)
12,SEASONING ALL PRP ADOBO SIN PM,1.0,21.0,61.5,9.52543977,Stimulants & Spices (misc.)
4,APTZR SHRIMP POTSTICKER 1 OZ,1.0,7.0,61.4,3.17514659,Crustaceans (shrimp/prawns)
12,FUEL GAS BUTANE CANISTER,2.0,19.0,61.22,8.61825503,Uncategorized
6,SAUCE TERIYAKI GLAZE,1.0,31.75,60.35,14.4015577475,Vegetable oils
1,DATE DRIED PITTED CALIFORNIA,2.0,10.0,60.34,4.535923700000001,Fruits (misc.)
4,SPINACH CLIPPED FRESH,2.0,20.0,60.13,9.0718474,Cabbages and other Brassicas (Broccoli)
2,DRESSING ASIAN HNY GNGR,1.0,17.0,60.12,7.71107029,Vegetable oils
2,SALSA PICO DE GALLO,2.0,20.0,59.68,9.0718474,Stimulants
1,GINGER ROOT FRESH,3.0,15.0,59.67,6.80388555,Roots and Tubers
2,CREAM CREME FRAICHE,0.0,9.5,58.52,4.309127515,Cream
1,LIME FRESH,1.0,40.0,58.39,18.1436948,Citrus Fruit
1,MINT FRESH,3.0,6.0,58.29,2.72155422,Stimulants & Spices (misc.)
4,CILANTRO CLEAN WASH FRESH HERB,2.0,11.75,57.99,5.3297103475,Stimulants & Spices (misc.)
24,PEA PIGEON GREEN (GANDULES),1.0,24.0,57.5,10.88621688,Peas
6,BUN PLAIN BAO FLD BTRFLY SHPD,1.0,8.0,56.63,3.62873896,"Wheat/Rye (Bread, pasta, baked goods)"
4,HAM HONEY SMK SLI .67OZ,1.0,10.0,56.08,4.535923700000001,Pork (pig meat)
12,SAUCE WORCESTERSHIRE BTL,1.0,9.008,55.9,4.0859600689599995,Vegetable oils
72,ICE CREAM MOCHI MANGO SWEET IW,1.0,6.82,55.77,3.0934999634,Ice cream
72,ICE CREAM MOCHI STWBR RIPE IW,1.0,6.82,55.77,3.0934999634,Ice cream
2,PASTA PENNE RIGATE,2.0,40.0,55.26,18.1436948,"Wheat/Rye (Bread, pasta, baked goods)"
6,MILK SOY PLAIN 64OZ,2.0,48.0,54.98,21.77243376,Soy milk
60,DRESSING BLUE CHS CHUNKY PKT,2.0,5.1,54.76,2.313321087,Vegetable oils
12,YOGURT BLUEBERRY GREEK NON FAT,3.0,12.0,54.09,5.4431084400000005,Yogurt
12,YOGURT MANGO GREEK 2%,3.0,12.0,54.09,5.4431084400000005,Yogurt
2,ONION GREEN FRSH,1.0,10.0,54.05,4.535923700000001,Onions and Leeks
2,DRESSING VINGRT BLOOD ORG SHAL,1.0,17.86,53.99,8.1011597282,Vegetable oils
4,SHRIMP WHT P&D TLOF 31/40,1.0,10.0,53.42,4.535923700000001,Crustaceans (shrimp/prawns)
2,VINEGAR RICE SEASONED GOURM,2.0,40.6,53.18,18.415850222000003,Rice
12,PEPPER RED ROASTED,1.0,21.0,52.83,9.52543977,Stimulants & Spices (misc.)
2,BACON PRECOOKED REGULAR SLICE,1.0,4.1,52.08,1.859728717,Pork (pig meat)
1,SKIMMER WIRE MESH,2.0,2.0,51.88,0.90718474,Uncategorized
1,MUSHROOM PORTABELLA CP LRG FSH,2.0,10.0,51.4,4.535923700000001,Vegetables (misc.)
12,PEA GREEN P,1.0,30.0,51.01,13.6077711,Peas
1,ONION RED MEDIUM BOX,2.0,50.0,50.44,22.6796185,Onions and Leeks
2,CHEESE VEGAN MOZZ SHRED,1.0,10.0,49.95,4.535923700000001,Soybeans/Tofu
6,JUICE LEMON PSTRZD ULTRA PREM,2.0,26.0,49.22,11.79340162,Citrus Fruit
24,WATER SELTZER PLAIN,5.0,105.0,48.85,47.62719885,Uncategorized
6,MILK ALMOND ESL,2.0,51.02,48.27,23.142282717400004,Almond milk
60,DRESSING HONEY MUST,2.0,11.24,47.86,5.0983782388000005,Vegetable oils
4,CHEESE MOZZARELLA SHRD WHL MLK,0.0,15.0,47.79,6.80388555,Cheese
24,SAUCE CHILI SWEET,1.0,15.0,47.69,6.80388555,Vegetable oils
1,TOMATO ROMA UTILITY FRESH,1.0,25.0,46.68,11.33980925,Tomatoes
12,JUICE CLAM SEA FCY NO MSG,1.0,43.25,46.59,19.6178700025,Mollusks
60,DRESSING RANCH PKT,2.0,5.5,46.2,2.4947580350000003,Vegetable oils
1,CABBAGE NAPA CHINESE FRESH,1.0,30.0,46.08,13.6077711,Cabbages and other Brassicas (Broccoli)
1,SAUSAGE CHICKEN PTY 1.5 OZ,1.0,10.0,45.87,4.535923700000001,"Poultry (chicken, turkey)"
4,SAUCE WING SWT TERIYAKI,1.0,20.724,45.84,9.40024827588,Vegetable oils
1,RADISH WATERMELON,1.0,10.0,44.77,4.535923700000001,Fruits (misc.)
2,CHEESE PARM GRTD FRSH DOM,1.0,10.0,44.35,4.535923700000001,Cheese
6,TOMATO PEAR WHL PLD JCE BAL CA,1.0,38.25,44.16,17.3499081525,Fruits (misc.)
2,VINEGAR WINE CHAMPAGNE FRN 7%,1.0,21.2,44.11,9.616158244,Pork (pig meat)
2,SAUCE CHIPOTLE ANCHO SANDWICH,1.0,17.33,44.1,7.860755772099999,Vegetable oils
64,CHIP POTATO KTL JALCHDR 40%LF,1.0,5.5,44.09,2.4947580350000003,"Wheat/Rye (Bread, pasta, baked goods)"
1,SPINACH BABY ORGANIC LINER,2.0,8.0,44.08,3.62873896,Cabbages and other Brassicas (Broccoli)
60,DRESSING BALSAMIC VINGRET,2.0,11.25,43.9,5.1029141625,Vegetable oils
24,FLOUR RICE,1.0,24.0,43.87,10.88621688,Grains/cereals (except rice)
1,MUSHROOM FOODSERVICE #2 FRESH,2.0,20.0,43.86,9.0718474,Vegetables (misc.)
4,CREAM SOUR CULTRD GRADE A,1.0,20.0,43.68,9.0718474,Cream
12,BREAD PITA PLAIN 2 OZ 6 IN,1.0,9.0,43.46,4.082331330000001,"Wheat/Rye (Bread, pasta, baked goods)"
6,CHEESE CUBE SWISS/CHED/PPR JCK,1.0,12.0,43.42,5.4431084400000005,Cheese
4,CHEESE CREAM TUB SPREAD,1.0,3.0,43.35,1.36077711,Cheese
4,CARROT STK 4 IN FRESH,1.0,20.0,43.33,9.0718474,Root Vegetables
60,DRESSING ITAL GLDN PACKET,2.0,11.6,43.2,5.2616714920000005,Vegetable oils
1,MANGO FRESH,4.0,40.0,42.7,18.1436948,Fruits (misc.)
1,LEMON CHOICE FRESH,1.0,40.0,42.16,18.1436948,Citrus Fruit
1,CHOCOLATE DARK SHAVINGS,1.0,4.0,41.79,1.81436948,Cocoa
1,PEAR FRESH,2.0,10.0,41.32,4.535923700000001,Fruits (misc.)
1,WALNUT HALVES & PCS CANDIED,1.0,5.0,41.04,2.2679618500000003,Tree nuts and seeds
4,CELERY STICK FRESH,1.0,20.0,41.03,9.0718474,Other vegetables
6,BATTER MIX TEMPURA,1.0,30.0,40.64,13.6077711,Uncategorized
2,PASTA MACARONI ELBOW SMOOTH,1.0,20.0,40.52,9.0718474,"Wheat/Rye (Bread, pasta, baked goods)"
10,TORTILLA STRIP TRICOLOR FRIED,1.0,10.0,40.4,4.535923700000001,"Wheat/Rye (Bread, pasta, baked goods)"
1,TRUFFLE PEELING,1.0,1.0,39.94,0.45359237,Uncategorized
6,MILK ORIGINAL OAT,2.0,43.92,39.82,19.9217768904,Oat milk
150,APTZR POTSTICKER CH LEMONGRASS,1.0,7.5,39.29,3.401942775,Citrus Fruit
1,LEMON CHOICE FRESH,1.0,40.0,38.76,18.1436948,Citrus Fruit
1,ROSEMARY FRESH,2.0,4.0,38.74,1.81436948,Vegetables (misc.)
12,MARSHMALLOW MINI WHITE,1.0,13.05,38.15,5.9193804285,Sugars and sweeteners
12,DESSERT RASPBERRY PASSN VGN CK,1.0,1.72,38.13,0.7801788764,Sugars and sweeteners
1,SPINACH BABY FRSH,2.0,8.0,36.81,3.62873896,Cabbages and other Brassicas (Broccoli)
12,BLACKBERRY FRESH,1.0,9.0,36.52,4.082331330000001,Berries
12,SAUCE SOY,2.0,15.5,36.42,7.030681735,Vegetable oils
24,PEA PIGEON GREEN (GANDULES),1.0,23.97,36.13,10.8726091089,Peas
12,YOGURT STRAW/BAN GREEK 2%,2.0,9.0,36.06,4.082331330000001,Yogurt
4,CARROT SHRD FRSH MATCH STK,1.0,20.0,35.86,9.0718474,Root Vegetables
8,CORN MEAL YEL,1.0,40.0,34.68,18.1436948,Corn (Maize)
6,PASTE MISO WHT KOSHI,1.0,4.95,33.87,2.2452822315,Stimulants
8,JUICE PNAPL 100% PET BAR MIXER,1.0,31.0,33.29,14.06136347,Fruits (misc.)
1,ORANGE CHOICE FRESH,1.0,40.0,33.13,18.1436948,Citrus Fruit
1,CAULIFLOWER FRESH,1.0,7.0,32.44,3.17514659,Cabbages and other Brassicas (Broccoli)
1,LEEK FRESH HOLLAND,1.0,11.0,32.36,4.9895160700000005,Onions and Leeks
12,SODA TONIC WATER PET RTD,2.0,58.0,32.36,26.30835746,Stimulants
4,SAUCE COCKTAIL RTU,0.0,16.0,32.14,7.25747792,Vegetable oils
2,SQUASH BUTTERNUT PLD FRSH,1.0,10.0,31.21,4.535923700000001,Fruits (misc.)
4,CABBAGE RED SHRED 1/8,0.0,15.112,30.96,6.854687895440001,Cabbages and other Brassicas (Broccoli)
2,SAUCE PESTO NO NUT,1.0,4.0,30.77,1.81436948,Vegetable oils
1,ONION YELLOW SPR COLOSSAL BOX,1.0,50.0,30.67,22.6796185,Onions and Leeks
1,CARROT BABY PLD TRI COLOR,1.0,6.47,30.34,2.9347426339,Root Vegetables
24,WATER SPARKLING GUAVA,2.0,40.0,29.72,18.1436948,Fruits (misc.)
24,WATER SPARKLING KEY LIME CAN,2.0,36.0,29.72,16.329325320000002,Citrus Fruit
24,WATER SPARKLING MANGO,2.0,40.0,29.72,18.1436948,Fruits (misc.)
24,WATER SPARKLING PASSIONFRUIT,2.0,40.0,29.72,18.1436948,Fruits (misc.)
1,PEPPER GREEN BELL CHOICE FRESH,1.0,25.0,28.68,11.33980925,Stimulants & Spices (misc.)
1,MUSHROOM SHIITAKE LRG SLI 3/16,1.0,3.0,28.61,1.36077711,Vegetables (misc.)
1,CARROT FRESH JUMBO,1.0,50.0,28.33,22.6796185,Root Vegetables
2,CHEESE FETA PAIL,0.0,8.0,28.18,3.62873896,Cheese
1,SKIMMER FINE MESH SQ TINNED,3.0,0.21,28.14,0.0952543977,Uncategorized
3,PEANUT GRANULATED D/RST UNSALT,1.0,6.37,27.75,2.8893833969,Peas
1,CHIVE FRESH HERB,2.0,0.7,27.12,0.317514659,Other vegetables
1,PARSNIP FRESH,1.0,20.0,27.07,9.0718474,Uncategorized
1,BANANA FRESH PETITE RIPE,1.0,40.0,26.75,18.1436948,Bananas
1,BANANA FRESH RIPE/READY,1.0,41.067,26.75,18.62767785879,Bananas
3,PEANUT WHL OIL ROASTED SALTED,1.0,6.0,25.43,2.72155422,Peas
1,CELERY ROOT FRSH,1.0,0.1,25.34,0.045359237,Other vegetables
6,TEA SWEET ORANGE WILD SWEET,1.0,0.595,25.09,0.26988746015,Citrus Fruit
2,CHEESE ASIAGO SHRD 6MO USA,0.0,4.75,25.06,2.1545637575,Cheese
1,BANANA FRESH GREEN TIP,1.0,43.0,25.02,19.50447191,Bananas
1,MUSHROOM WILD BLND #1 SLI 3/16,1.0,3.0,24.15,1.36077711,Vegetables (misc.)
1,FENNEL ANISE BUNCH FRSH,1.0,11.0,23.92,4.9895160700000005,"Wheat/Rye (Bread, pasta, baked goods)"
4,PARSLEY CLN/WASH FRESH HERB,0.0,4.0,23.51,1.81436948,Grains/cereals (except rice)
1,BEET FRESH GOLD,1.0,25.0,23.51,11.33980925,Root Vegetables
1,POTATO BAKING IDAHO 60CT FRSH,1.0,50.0,23.32,22.6796185,Potatoes
1,CARROT BABY PLD 1 TOP,1.0,5.0,23.22,2.2679618500000003,Root Vegetables
1,POTATO BAKING IDAHO 40CT FRSH,1.0,50.0,22.89,22.6796185,Potatoes
6,TEA BAG ZEN ORG,1.0,0.46,22.89,0.2086524902,Stimulants
1,POTATO SWEET JUMBO,1.0,40.0,22.59,18.1436948,Cassava and Other Roots
1,ONION YELLOW JUMBO BAG,1.0,50.0,22.45,22.6796185,Onions and Leeks
2,CREAM SOUR CULTRD GRADE A,1.0,10.0,22.2,4.535923700000001,Cream
1,BASIL FRESH HERB,2.0,2.0,22.06,0.90718474,Stimulants & Spices (misc.)
4,VINEGAR DISTILLED WHITE 5%,1.0,32.0,21.73,14.51495584,Stimulants
6,CHEESE MUENSTER RED RIND,0.0,6.1,21.64,2.766913457,Cheese
1,GREEN MICRO SAKURA MIX,1.0,0.5,21.64,0.226796185,Vegetables (misc.)
6,TEA HERBAL COZY CHAMOMILE,1.0,0.73,20.45,0.3311224301,Pork (pig meat)
1,OREGANO FRESH HERB,3.0,0.75,19.65,0.3401942775,Stimulants & Spices (misc.)
1,THYME FRESH,1.0,2.0,19.37,0.90718474,Vegetables (misc.)
1,CELERY STICK 4 IN,1.0,5.0,18.51,2.2679618500000003,Other vegetables
3,LETTUCE MIX TUSCAN BABY KALE,1.0,3.0,18.17,1.36077711,Cabbages and other Brassicas (Broccoli)
12,YOGURT PLAIN NONFAT GREEK,1.0,3.975,18.03,1.80302967075,Yogurt
12,YOGURT POMEGRANATE GREEK NF,1.0,4.5,18.03,2.0411656650000003,Yogurt
1,CARROT DICED 3/8IN,1.0,5.0,17.36,2.2679618500000003,Root Vegetables
1,CHARGE FREIGHT,3.0,3.0,17.22,1.36077711,Uncategorized
1,PEPPER GREEN BELL FRSH LG,1.0,5.4,16.7,2.4493987980000003,Stimulants & Spices (misc.)
6,SPICE SESAME SEED BLK,0.0,1.1,15.65,0.4989516070000001,Tree nuts and seeds
24,WATER FLAVOR COCONUT CAN,1.0,18.0,14.86,8.164662660000001,Tree nuts and seeds
1,DILL BABY FRESH HERB,2.0,0.5,12.06,0.226796185,Stimulants & Spices (misc.)
1,SKIMMER FINE MESH 17 L,2.0,0.7,10.82,0.317514659,Uncategorized
1,SQUASH YELLOW FCY FRSH,1.0,5.0,10.78,2.2679618500000003,Fruits (misc.)
1,SQUASH ZUCCHINI FCY FRESH,1.0,5.0,10.78,2.2679618500000003,Other vegetables
4,ONION DICED 3/8 YEL,0.0,5.0,10.72,2.2679618500000003,Onions and Leeks
1,SKIMMER MESH FINE RECT 13HNDL,2.0,6.0,10.66,2.72155422,Uncategorized
1,SKIMMER MESH FINE REINFORCED,2.0,1.6,10.54,0.7257477920000001,Uncategorized
1,PEPPER JALAPENO FRSH,1.0,2.0,10.33,0.90718474,Stimulants & Spices (misc.)
6,SPICE SESAME SEED WHL WHITE,0.0,1.0,9.93,0.45359237,Tree nuts and seeds
12,YOGURT BLUEBERRY GREEK,1.0,3.0,9.09,1.36077711,Yogurt
12,YOGURT STRAWBERRY GREEK,1.0,3.0,9.09,1.36077711,Yogurt
1,TARRAGON FRESH HERB,1.0,0.25,8.33,0.1133980925,Stimulants & Spices (misc.)
8,APPLE GRANNY X-FANCY FRESH,0.0,5.0,7.63,2.2679618500000003,Apples
1,CHIVE FRESH HERB,1.0,0.25,5.23,0.1133980925,Other vegetables
12,COLORING FOOD EGG YELLOW,0.0,4.0,3.56,1.81436948,Eggs
12,COLORING FOOD RED,0.0,4.0,3.56,1.81436948,Stimulants
2,CHEESE PARM WHEEL CRYO USA,0.0,0.0,0.0,0.0,Cheese
1,MUSHROOM PORT SLCD FRESH,0.0,0.0,0.0,0.0,Vegetables (misc.)
1,VINEGAR APPLE CIDER 5% ACIDITY,0.0,0.0,0.0,0.0,Stimulants
1,PINEAPPLE FRESH,0.0,0.0,0.0,0.0,Fruits (misc.)
1,WHIP KETTLE STNLS 48L,0.0,0.0,0.0,0.0,Uncategorized
24,WATER SPARKLING TANGERINE CAN,0.0,0.0,0.0,0.0,Uncategorized
30,BEEF PATTY RR HALAL 75/25 FRZ,209.0,2090.0,10761.41,948.0080533,Beef & buffalo meat
2,CHICKEN WING BNLS HMSTYL PCK,144.0,1440.0,7022.88,653.1730128,"Poultry (chicken, turkey)"
3,CHICKEN WING BRD PCK CRISPY,104.0,1560.0,5827.12,707.6040972000001,"Poultry (chicken, turkey)"
8,BUN HAMBURGER WHT S/TP 4IN SLI,116.0,2088.0,5148.33,947.10086856,Pork (pig meat)
2,CHICKEN TNDR BRD PCK,119.0,1190.0,4990.86,539.7749203000001,"Poultry (chicken, turkey)"
40,CHICKEN BRST BRD PCK NAE,83.0,830.0,3766.15,376.4816671,"Poultry (chicken, turkey)"
1,SHORTENING FRY CANOLA CLR ZTF,97.0,3395.0,3407.61,1539.94609615,Rapeseed/canola (Oil)
6,CHEESE STICK MOZZ WG,29.0,870.0,3232.63,394.6253619,Cheese
40,WATER BOTTLED SPRING,203.0,9256.8,2967.86,4198.813850616,Uncategorized
1,SALAD FRUIT NO ORANGES,33.0,792.0,2579.94,359.24515704000004,Fruits (misc.)
6,POTATO FRY KK 3/8 COAT XL,36.0,1080.0,2526.12,489.8797596,Oats (Oatmeal)
72,SANDWICH PEANUT BTR&GRAPE WHET,36.0,421.2,2379.96,191.053106244,Peas
6,ONION RING BEER BATTER 5/8,36.0,531.0,2255.04,240.85754847,Onions and Leeks
4,CHEESE CHEDDR JACK FANCY SHRED,36.0,720.0,2190.24,326.5865064,Cheese
2,EGG WHL LIQUID FRSH W/CITRC,25.0,1000.0,2159.5,453.59237,Eggs
12,GUACAMOLE SOUTHWESTERN HPP FRZ,35.0,420.0,2142.7,190.5087954,Fruits (misc.)
2,CHICKEN MEAT DICED WHT LSOD,43.0,430.0,2073.89,195.0447191,Lamb/mutton & goat meat
6,POTATO FRY WDG SKON SRCRM CHV,32.0,960.0,2049.92,435.4486752,Potatoes
40,BURGER VEG BEYOND PATTY,20.0,200.0,1839.8,90.718474,"Wheat/Rye (Bread, pasta, baked goods)"
4,JUICE LEMONADE READY TO USE,51.0,1785.0,1763.07,809.66238045,Citrus Fruit
24,SODA COKE DIET,78.0,1385.473,1663.76,628.43998164101,Stimulants
2,ICE CREAM MIX SFTSR VAN 10%,27.0,1128.168,1643.49,511.72839687816,Ice cream
2,CHICKEN NUG CKD BRD DINO,43.0,430.0,1586.7,195.0447191,"Poultry (chicken, turkey)"
6,MIX SMOOTHIE STRWBRY BAN SHLF,14.0,420.0,1505.7,190.5087954,Fruits (misc.)
1,TOMATO BULK RNDM SZ,48.0,1200.0,1385.13,544.310844,Tomatoes
1,COFFEE COLD BREW BIB,30.0,358.2,1327.8,162.476786934,Coffee
6,POTATO FRY 3/8 LONG SPCY,21.0,630.0,1274.07,285.7631931,Potatoes
60,CEREAL ASSORTED PACK  CUP,16.0,107.36,1253.28,48.6976768432,Grains/cereals (except rice)
1,SALAD FRUIT CHPOG LT SYRUP,16.0,384.0,1250.88,174.17947008000002,Vegetables (misc.)
6,POTATO FRY STEAK,32.0,960.0,1235.52,435.4486752,Potatoes
6,POTATO FRY SKON COIL 1/4 SPCY,24.0,720.0,1228.08,326.5865064,Potatoes
48,PATTY VEG BLK BN CHIPOTL VEGAN,15.0,191.25,1214.25,86.7495407625,Legumes (misc.)
3,SPRINGROLL VEGETABLE,15.0,135.0,1202.1,61.23496995,Legumes (misc.)
6,MIX SMOOTHIE MANGO SHL STABLE,11.0,330.0,1183.05,149.6854821,Fruits (misc.)
2,ICE CREAM MIX 10% CHOC SFT SRV,17.0,780.3,1082.59,353.938126311,Ice cream
60,CEREAL ASSORTED CLASSIC PK CP,13.0,117.0,1062.49,53.07030729,Grains/cereals (except rice)
1,EGG SHELL LRG BRN A CAGE FREE,21.0,472.5,1007.25,214.322394825,Eggs
24,JUICE ORANGE PET,34.0,510.0,996.84,231.3321087,Citrus Fruit
1,CANDY M&M PLAIN BULK,9.0,221.4,975.42,100.425350718,Sugars and sweeteners
24,JUICE CRNBRY CKTAIL,38.0,570.0,967.42,258.5476509,Citrus Fruit
60,CHIP POTATO VARIETY KETTLE STY,23.0,119.6,956.8,54.249647452,"Wheat/Rye (Bread, pasta, baked goods)"
60,COOKIE MILANO,20.0,75.3,942.2,34.155505461,"Wheat/Rye (Bread, pasta, baked goods)"
40,TURKEY BURGER SAVORY WHITE,19.0,253.27,896.99,114.8813395499,"Poultry (chicken, turkey)"
6,POTATO FRY SKON WAFFLE MILD,15.0,405.0,862.5,183.70490985,"Wheat/Rye (Bread, pasta, baked goods)"
30,KETCHUP SQUEEZE UPSIDE DOWN,13.0,487.5,854.36,221.126280375,Tomatoes
4,CHICKEN CVP BRST B/S 4OZ NAE,10.0,200.0,845.5,90.718474,"Poultry (chicken, turkey)"
6,APTZR CHEESE MAC WEDGES BTR,8.0,144.0,844.8,65.31730128000001,Cheese
2,BACON BIT REAL CKD FINE GF,11.0,110.0,839.19,49.895160700000005,Pork (pig meat)
6,POTATO FRY SWEET KK 7/16,19.0,285.0,831.82,129.27382545,Potatoes
4,COFFEE FRZDRY ALEGRIA DELICATE,7.0,15.4,828.45,6.985322498,Coffee
4,CHEESE AMER 160 SLI YEL,13.0,260.0,822.88,117.9340162,Cheese
12,YOGURT STRAWBERRY GREEK,89.0,267.0,809.01,121.10916279,Yogurt
24,MILK WHL BTL ESL,38.0,490.2,805.54,222.350979774,Milk (cow's milk)
24,SODA COKE ZERO CANS SUITECASE,36.0,682.56,799.2,309.60400806719997,Stimulants
12,YOGURT BLUEBERRY GREEK,86.0,258.0,781.74,117.02683146,Yogurt
8,BEVERAGE MIX FROTHY ALEGRIA,4.0,64.0,778.64,29.02991168,Uncategorized
64,POPCORN CHEDDAR WHT LSS,17.0,68.0,752.75,30.84428116,Corn (Maize)
24,TORTILLA FLOUR 6IN,31.0,744.0,750.93,337.47272328,Grains/cereals (except rice)
4,LETTUCE SHREDDED 1/8 IN FRESH,29.0,580.0,705.61,263.0835746,Cabbages and other Brassicas (Broccoli)
1,SYRUP LIQUID SWTNR NON NUTRITV,6.0,131.16,687.48,59.4931752492,Sugars and sweeteners
24,SODA COCA COLA CLS,31.0,620.0,680.52,281.2272694,Stimulants
6,SAUCE MARINARA NO SALT ADD CA,10.0,390.0,658.4,176.90102430000002,Vegetable oils
4,CREAM SOUR CULTRD GRADE A,15.0,300.0,656.02,136.077711,Cream
72,CROISSANT BUTTER CURVED BAKED,9.0,81.0,600.66,36.74098197,Butter
1,EGG SHELL XLRG GRD AA USDA WHT,5.0,126.25,596.81,57.2660367125,Eggs
4,COOKIE CRUMB OREO MED CRUNCH,11.0,110.0,594.55,49.895160700000005,"Wheat/Rye (Bread, pasta, baked goods)"
2,SALSA PICO DE GALLO,21.0,210.0,594.41,95.2543977,Stimulants
2,BEEF FAJ STRIP FC MAR SW 1/2X3,6.0,60.0,594.0,27.2155422,Beef & buffalo meat
6,COCOA MIX ALEGRIA,6.0,63.0,592.86,28.57631931,Tree nuts and seeds
64,SNACK CHEESE CRNCHY JALA CHEDR,13.0,104.0,573.17,47.17360648,Cheese
24,DRINK FRUIT PUNCH LOOSE PK,35.0,675.5,571.9,306.40164593500003,Fruits (misc.)
2,SAUCE BBQ ORIG DISP PK,9.0,219.78,571.23,99.6905310786,Vegetable oils
12,YOGURT VANILLA GREEK NONFAT,60.0,180.0,548.4,81.6466266,Yogurt
48,JUICE PNAPL NOT FRM CONC 100%,17.0,292.4,544.34,132.630408988,Fruits (misc.)
1,CHIP VARIETY FRITO LAY,13.0,85.28,543.27,38.6823573136,"Wheat/Rye (Bread, pasta, baked goods)"
1,TILAPIA FIL BTRD PUBHSE 3 OZ.,9.0,90.0,540.36,40.8233133,Fish (finfish)
108,SNACK BAR GRANOLA OAT&HNY 2PK,6.0,77.46,538.26,35.1352649802,Oats (Oatmeal)
6,SAUCE CHEESE AGED CHED ZTF,7.0,280.56,521.99,127.2598753272,Cheese
4,BEEF GRND BULK 81/19 CHUB FRS,3.0,122.0,509.6,55.33826914,Beef & buffalo meat
16,CHICKEN CVP 8PC CUT TR HAL,5.0,242.8,507.69,110.132227436,"Poultry (chicken, turkey)"
4,CELERY STICK FRESH,11.0,220.0,507.68,99.7903214,Other vegetables
24,ICE CREAM SNDW COOKIES N CRM,15.0,66.6,503.2,30.209251842,Ice cream
1,CLEANER FLOOR SANI WSH N WALK,3.0,64.8,502.17,29.392785576,Uncategorized
6,MIX PANCAKE BTRMLK COMPLT,12.0,360.0,493.2,163.2932532,"Wheat/Rye (Bread, pasta, baked goods)"
2,MEATBALL BEEF ITAL STYLE 1 OZ,10.0,100.0,491.7,45.359237,Beef & buffalo meat
1,MUSHROOM SLCD FRESH,21.0,210.0,481.53,95.2543977,Vegetables (misc.)
4,SALSA CHUNKY MILD AUTHENTIC,6.0,202.5,480.72,91.852454925,Stimulants
1,PLANTBASED MEATBALL VEGAN,8.0,80.0,478.08,36.2873896,Legumes (misc.)
3,SALAD MACARONI ELBOW,9.0,216.0,464.31,97.97595192,Vegetables (misc.)
6,PAN COATING BUTR SPRAY,13.0,82.81,461.24,37.5619841597,Vegetable oils
4,CARROT BABY CUT PLD,17.0,294.1,460.76,133.401516017,Root Vegetables
72,POP TART STWBRY FRSTD POUCH,7.0,70.0,453.25,31.751465900000003,Berries
4,DRESSING MAYONNAISE VEGAN,4.0,124.16,450.88,56.3180286592,Soybeans/Tofu
120,COOKIE SANDWICH OREO 1.59 OZ,8.0,95.04,438.88,43.1094188448,"Wheat/Rye (Bread, pasta, baked goods)"
1,EGG HARDBOILED WHL PEEL SEL,5.0,125.0,438.8,56.69904625,Eggs
60,POPCORN PLAIN 100 CALORIE BAG,6.0,24.0,432.48,10.88621688,Corn (Maize)
24,JUICE GRAPE 100% PLAS,17.0,255.0,423.47,115.66605435,Citrus Fruit
16,CHICKEN CVP 8PC CT FRH TRM FRZ,4.0,200.2,423.42,90.809192474,"Poultry (chicken, turkey)"
12,CREAM HEAVY WHIPPING 36% ESL,6.0,153.96,421.5,69.8350812852,Cream
1,TOMATO GRAPE FRSH,17.0,170.0,417.44,77.1107029,Tomatoes
24,MILK CHOC 1% BTL ESL,20.0,240.0,410.8,108.8621688,Milk (cow's milk)
6,PORK CARNITAS MEAT PRCK CAFE H,3.0,92.25,410.42,41.8438961325,Pork (pig meat)
2,MAYONNAISE POUCH DISPENSER,5.0,120.0,409.65,54.4310844,Vegetable oils
24,MILK SKIM BTL ESL,20.0,261.0,406.23,118.38760857,Milk (cow's milk)
24,MUFFIN ASST BL/BN/CHC/CHS I/W,13.0,82.81,404.17,37.5619841597,"Wheat/Rye (Bread, pasta, baked goods)"
24,DRINK ORANGE LOOSE PACK,24.0,468.0,392.16,212.28122916,Citrus Fruit
6,YOGURT VANILLA PARFAIT POUCH,10.0,240.0,390.4,108.8621688,Yogurt
72,ICE CREAM MOCHI CKIE & CRM IW,7.0,47.74,390.39,21.6544997438,Ice cream
72,ICE CREAM MOCHI MANGO SWEET IW,7.0,47.74,390.39,21.6544997438,Ice cream
72,ICE CREAM MOCHI STWBR RIPE IW,7.0,47.74,390.39,21.6544997438,Ice cream
24,SODA SPRITE CANS,18.0,324.0,390.34,146.96392788,Stimulants
4,SHRIMP WHT P&D TLOF 51/60,8.0,80.0,389.12,36.2873896,Crustaceans (shrimp/prawns)
54,WAFFLE MAPLE LIEGE EGGO,9.0,58.95,388.89,26.739270211500003,Eggs
4,BEEF FAJ STRIP RAW MAR SW FRZ,3.0,60.0,386.52,27.2155422,Beef & buffalo meat
2,DRESSING HONEY MUST DSPNSR PAK,8.0,194.0,380.4,87.99691978,Vegetable oils
4,JUICE ORANGE CONC 5X1 ORIG,2.0,64.0,379.44,29.02991168,Citrus Fruit
1,ORANGE FANCY FRESH,11.0,440.0,377.89,199.5806428,Citrus Fruit
18,MILK SOY VAN SILK ASP PRISMA,17.0,153.0,377.71,69.39963261,Soy milk
72,SNACK TRAIL MIX FRUIT & NUT,6.0,54.0,372.12,24.49398798,Tree nuts and seeds
4,LETTUCE FRESH TENDER GREENS,10.0,120.0,370.19,54.4310844,Cabbages and other Brassicas (Broccoli)
2,BACON PRECOOKED REGULAR SLICE,7.0,28.7,368.51,13.018101019,Pork (pig meat)
24,ICE CREAM BAR NESTLE CRUN,11.0,49.5,365.53,22.452822315,Ice cream
24,CEREAL OATMEAL MAPLE BRN SUG,10.0,28.86,363.6,13.0906757982,Grains/cereals (except rice)
72,SNACK TRAIL MIX NUT & CHOC,6.0,54.0,361.74,24.49398798,Tree nuts and seeds
24,CEREAL HOT OATMEAL APPLE CINN,10.0,25.86,361.3,11.7298986882,Grains/cereals (except rice)
4,JUICE APPLE CONC DISP 6X1,2.0,64.0,359.54,29.02991168,Apples
1,CATFISH FIL IQF 5-7 OZ,5.0,75.0,354.15,34.01942775,Fish (finfish)
6,PICKLE SLI DILL KO THICK FP,7.0,259.875,348.95,117.87731715375,Stimulants
2,TURKEY BRST SMOKED SKON,4.0,76.15,347.54,34.54105897550001,"Poultry (chicken, turkey)"
4,SAUCE BBQ KOREAN,6.0,116.742,341.94,52.95328045854001,Vegetable oils
2,PEPPER GREEN DICED FRESH,8.0,80.0,338.8,36.2873896,Stimulants & Spices (misc.)
20,BREAD FRENCH LF GRLC,5.0,75.0,338.1,34.01942775,"Wheat/Rye (Bread, pasta, baked goods)"
2,APTZR VEGETABLE SAMOSA SMALL,6.0,48.0,337.92,21.77243376,"Wheat/Rye (Bread, pasta, baked goods)"
6,TEA ASST 6 FLVR,11.0,22.0,329.34,9.97903214,Stimulants
3,KETCHUP FANCY POUCH DSPNSR,7.0,308.0,325.29,139.70644996,Tomatoes
2,EGG LIQ WHL CAGE FREE W/CITRIC,2.0,80.0,322.38,36.2873896,Eggs
6,PLANTBASED BEEF GROUND,3.0,36.0,321.69,16.329325320000002,Legumes (misc.)
38,CHICKEN BRST VEGTRN BREADED RW,4.0,47.5,316.8,21.545637575,Legumes (misc.)
6,CLEANER GRL AND PANINI HGH TMP,3.0,48.6,315.93,22.044589182000003,Uncategorized
2,BEEF ROAST POT SHLDR CLOD CH20,2.0,43.5,315.46,19.731268095,Beef & buffalo meat
72,POP TART BRN SUGAR CINN FRSTD,5.0,50.0,311.6,22.6796185,Sugars and sweeteners
24,SODA GINGER ALE CUBE,20.0,417.0,308.8,189.14801829,Stimulants
72,POP TART S MORES,5.0,82.5,308.7,37.421370525,Sugars and sweeteners
64,SNACK CHEESE CRNCH BG GRB LSS,7.0,56.0,308.63,25.40117272,Cheese
6,COFFEE CAPP FRCH VAN,4.0,48.0,306.36,21.77243376,Coffee
3,MANGO DICED,7.0,105.0,304.36,47.62719885,Fruits (misc.)
12,EGG WHITE LIQ W/TEC OPT CHOICE,4.0,96.0,300.64,43.54486752,Eggs
1,SPINACH BABY FRSH,16.0,64.0,293.73,29.02991168,Cabbages and other Brassicas (Broccoli)
72,CRACKER GOLDFISH CHDR CHS,9.0,44.1,289.8,20.003423517,Fish (finfish)
4,GARLIC PEELED FRESH,2.0,55.0,288.84,24.947580350000003,Stimulants & Spices (misc.)
4,JUICE APPLE BOX 100% 6.75OZ,17.0,249.73,287.33,113.2756225601,Apples
24,DANISH ASST IW,10.0,50.0,285.2,22.6796185,Uncategorized
1,CANDY MINT STARLIGHT POUCH PPM,3.0,90.0,284.04,40.8233133,Sugars and sweeteners
48,CRACKER RITZ BIT SND W/CHS T/P,9.0,27.0,283.5,12.24699399,"Wheat/Rye (Bread, pasta, baked goods)"
1,APTZR EGGROLL SANTA FE CHKN,3.0,45.75,281.94,20.7518509275,"Poultry (chicken, turkey)"
60,COOKIE MINI CHIPS AHOY,8.0,60.0,277.44,27.2155422,"Wheat/Rye (Bread, pasta, baked goods)"
1,BANANA FRESH GREEN,11.0,473.0,275.61,214.54919101,Bananas
1,APPLE RED DEL FANCY FRESH,8.0,320.0,272.66,145.14955840000002,Apples
36,SALT SEA GRINDER,3.0,14.31,270.48,6.490906814700001,Stimulants & Spices (misc.)
12,YOGURT PLAIN LO FAT,25.0,111.25,269.66,50.4621511625,Yogurt
24,MILK ALMOND BREEZE CHOC ASPT,8.0,96.0,268.8,43.54486752,Almond milk
144,SNACK BAR CHOC CHIP OATMEAL,4.0,44.64,268.68,20.2483633968,Oats (Oatmeal)
48,CORN DOG ALL MEAT 4X1,5.0,60.0,267.3,27.2155422,Lamb/mutton & goat meat
6,TEA ASST HERB 6 FLAVORS,13.0,14.69,265.85,6.6632719153,Stimulants
150,APTZR POTSTICKER EDAMAME,6.0,45.0,265.74,20.41165665,Vegetables (misc.)
64,CHIP MULTIGRAIN GRDN SALSA LSS,6.0,36.0,264.54,16.329325320000002,Grains/cereals (except rice)
60,STEAK PHILLY ORIG EGGRLL,4.0,37.3,260.0,16.918995401,Beef & buffalo meat
6,WRAP TORTILLA WHEAT 12 IN,6.0,99.0,257.34,44.905644630000005,"Wheat/Rye (Bread, pasta, baked goods)"
53,PORK RIB PTY PRE-COOKED,5.0,49.65,252.3,22.5208611705,Pork (pig meat)
8,CHIP POTATO REG RDGD,8.0,64.0,251.92,29.02991168,"Wheat/Rye (Bread, pasta, baked goods)"
6,OIL OLIVE EXTRA VIRGIN FRUTATO,2.0,32.5,249.72,14.741752025,Olives (Oil)
60,CRACKER CHEEZITS ORIG SNACK,7.0,39.2,248.43,17.780820904000002,"Wheat/Rye (Bread, pasta, baked goods)"
2,SAUSAGE ANDOUILLE LNK 4X1,5.0,50.0,248.35,22.6796185,Pork (pig meat)
1,APPLE GLDN DEL X-FANCY FRESH,5.0,200.0,245.88,90.718474,Apples
6,POTATO FRY 3/8 LONG PHANTM,4.0,120.0,245.56,54.4310844,Potatoes
4,STEAK BEEF SHAVED XLEAN,0.0,40.0,241.36,18.1436948,Beef & buffalo meat
6,APTZR PORK POTSTICKER1 OZ EA,3.0,22.05,241.17,10.0017117585,Pork (pig meat)
24,NOODLE CHICKEN TOP RAMEN,10.0,40.0,237.2,18.1436948,"Poultry (chicken, turkey)"
6,YOGURT STRAWBERRY PARFAIT POUC,6.0,144.0,234.24,65.31730128000001,Yogurt
2,TOMATO SLI FRSH FC XL,5.0,105.0,233.05,47.62719885,Tomatoes
2,CREAMER HALF & HALF SHELF STAB,4.0,96.0,232.96,43.54486752,Milk (cow's milk)
4,DIP HUMMUS TRADITIONAL,5.0,75.0,230.05,34.01942775,Vegetable oils
4,ONION DICED 3/8 YEL,2.0,105.0,225.1,47.62719885,Onions and Leeks
1,OAT REGULAR GLUTEN FREE,4.0,100.0,222.64,45.359237,Oats (Oatmeal)
18,MILK SOY CHOC,10.0,90.0,222.22,40.8233133,Soy milk
64,CHIP TORTILLA FLAMIN HOT,5.0,35.0,220.45,15.875732950000002,"Wheat/Rye (Bread, pasta, baked goods)"
1,SALMON ALT FIL SKON 2-3 LB CAN,2.0,20.3,214.49,9.207925111000002,Fish (finfish)
96,BREAKFAST BAR COCOA PUFFS,5.0,42.6,213.3,19.323034962,Oats (Oatmeal)
60,COOKIE CHOC CHIP IW,6.0,56.28,213.06,25.528178583600003,"Wheat/Rye (Bread, pasta, baked goods)"
4,SAUCE BBQ & WING GOLDEN,3.0,117.513,212.07,53.303000175810006,Vegetable oils
1,AVOCADO HASS BRKNG #2 GUAC PAK,4.0,94.0,210.5,42.63768278,Fruits (misc.)
4,SAUCE WING BOURBON,4.0,82.9,209.24,37.602807473000006,Vegetable oils
2,SOUP VEGETARIAN 3 BEAN W/CHILI,4.0,64.0,207.6,29.02991168,Beans and pulses (dried)
6,PRETZEL TINY TWIST BULK,13.0,78.0,204.75,35.38020486,"Wheat/Rye (Bread, pasta, baked goods)"
1,CHOCOLATE CHIP SEMI REAL 4000,2.0,48.0,203.82,21.77243376,"Wheat/Rye (Bread, pasta, baked goods)"
4,SAUCE WING BUFFALO,3.0,106.62,201.69,48.36201848940001,"Poultry (chicken, turkey)"
4,SYRUP PANCAKE AND WAFFLE,4.0,184.0,199.76,83.46099608,Sugars and sweeteners
6,VEGETABLE BLEND CHFCUT ASIAN,4.0,96.08,198.64,43.5811549096,Legumes (misc.)
6,CHIP PITA SIMPLY NAKED,6.0,36.0,198.6,16.329325320000002,"Wheat/Rye (Bread, pasta, baked goods)"
4,APTZR VEG FALAFEL BALL,4.0,64.0,196.4,29.02991168,Legumes (misc.)
2,SALAD POTATO RED-SK DLX,8.0,80.0,195.12,36.2873896,Vegetables (misc.)
24,WATER SPARKLING GUAVA,13.0,260.0,193.18,117.9340162,Fruits (misc.)
12,MAYONNAISE SQUEEZE BTL,3.0,25.86,192.48,11.7298986882,Vegetable oils
6,POTATO MASHED SEASONED,3.0,72.0,187.5,32.658650640000005,Potatoes
48,BREAKFAST BAR NUTRI-GRN RASP,5.0,19.75,186.23,8.9584493075,Oats (Oatmeal)
1,BEEF ROAST TOP RND C\O CH RAR,2.0,23.04,186.14,10.4507682048,Beef & buffalo meat
24,SNACK CHEESE JUMBO PUFFS XVL,6.0,19.122,185.88,8.67359329914,Cheese
48,BREAKFAST BAR NUTRI-GRN APPLE,5.0,25.0,184.78,11.33980925,Oats (Oatmeal)
48,BREAKFAST BAR NUTRI-GRN STWBRY,5.0,19.75,182.18,8.9584493075,Oats (Oatmeal)
2,CHICKEN BRST NUG TEMPURA BTR,7.0,70.0,181.86,31.751465900000003,"Poultry (chicken, turkey)"
6,MILK ORIGINAL OAT XTRA CREAMY,9.0,197.64,179.19,89.6479960068,Oat milk
24,ICE CREAM BAR STRAWBRY SHRTCK,6.0,27.66,174.0,12.5463649542,Ice cream
96,BREAKFAST BAR CINN TST CRNCH,4.0,34.08,170.64,15.4584279696,Oats (Oatmeal)
48,ICE CREAM CHOC MARBLE CUP,7.0,50.064,170.5,22.70864841168,Ice cream
4,SAUCE CHILI SWEET RED HOT,3.0,64.5,170.28,29.256707865000003,Vegetable oils
96,YOGURT MIXED BRY SIMPLY GOGURT,4.0,48.0,170.04,21.77243376,Yogurt
30,CHEESE BABYBEL ORIGINAL,10.0,13.2,169.6,5.987419284,Cheese
6,MILK SOY PLAIN 64OZ,6.0,144.0,167.28,65.31730128000001,Soy milk
6,POTATO CUBE CRISPY SPICE,2.0,72.0,164.78,32.658650640000005,Potatoes
2,CHEESE COTTAGE SMALL CURD 4%,6.0,60.0,162.84,27.2155422,Cheese
12,SAUSAGE CHORIZO BULK MEXICAN,4.0,48.0,161.32,21.77243376,Pork (pig meat)
96,DUMPLING APPLE 3.1 OZ,2.0,36.0,160.62,16.329325320000002,Apples
4,SWEETENER LIQUID AGAVE,4.0,52.2,159.32,23.677521714,Sugars and sweeteners
4,SAUCE BBQ CHIPOTLE CITRUS,2.0,83.6,158.72,37.920322132,Citrus Fruit
24,NOODLE ASIAN RAMEN ORIG,4.0,21.0,158.4,9.52543977,"Wheat/Rye (Bread, pasta, baked goods)"
4,MAYONNAISE XHV,3.0,93.0,158.34,42.18409041,Vegetable oils
24,CAKE POUND IND WRPD,9.0,21.825,157.59,9.89965347525,"Wheat/Rye (Bread, pasta, baked goods)"
6,CORN YEL RSTD,4.0,60.0,157.2,27.2155422,Corn (Maize)
2,CHICKEN POPCORN FRTR ORIG,4.0,40.0,156.68,18.1436948,"Poultry (chicken, turkey)"
1,CHICKEN MEAT PULLED WHT PCK,3.0,30.0,155.73,13.6077711,Lamb/mutton & goat meat
6,BEAN BLACK FRESH READY TO EAT,4.0,96.0,153.52,43.54486752,Beans and pulses (dried)
48,ICE CREAM SANDWICH VAN,6.0,42.63,153.42,19.336642733100003,Ice cream
6,DRESSING RANCH LITE ESSENTIAL,4.0,49.904,153.32,22.63607363248,Vegetable oils
4,PEPPER JALAPENO SLICES,3.0,102.9,153.12,46.674654873,Stimulants & Spices (misc.)
6,DRESSING BLUE CHEESE POUR BTL,3.0,36.45,149.13,16.5334418865,Cheese
4,SAUCE ALFREDO POUCH GLUTFR,2.0,32.0,148.88,14.51495584,Vegetable oils
24,WATER FLAVOR COCONUT CAN,10.0,180.0,148.6,81.6466266,Tree nuts and seeds
1,BEEF ROAST POT SHLDR CLOD FRZ,2.0,23.24,146.78,10.5414866788,Beef & buffalo meat
1,MUSHROOM WILD BLND #1 SLI 3/16,6.0,18.0,144.9,8.164662660000001,Vegetables (misc.)
4,SAUCE HOT HNY WING GLZ,3.0,58.05,143.76,26.3310370785,Vegetable oils
48,APTZR CHICKEN BUFFALO ROLL,2.0,20.1,141.38,9.117206637,"Poultry (chicken, turkey)"
2,WATER SPARKLING BEACH PLUM,9.0,162.0,133.74,73.48196394,Fruits (misc.)
6,CHEESE CREAM WHPD TUB,1.0,24.0,133.44,10.88621688,Cheese
12,POTATO H/BRN PTY 2.25 OZ,2.0,67.5,132.12,30.617484975,Potatoes
2,SAUCE GENERAL TSO,2.0,45.0,130.52,20.41165665,Vegetable oils
120,SNACK BAR GRANOLA CHOC CHIP,2.0,15.0,130.4,6.80388555,Oats (Oatmeal)
4,SAUCE SESAME GARLIC,2.0,39.2,129.14,17.780820904000002,Tree nuts and seeds
1,SEED CHIA BLK ORGANC,2.0,20.0,127.98,9.0718474,Tree nuts and seeds
36,BUTTER SOLID UNSLTD USDA AA,1.0,36.0,126.92,16.329325320000002,Butter
6,FILLING PIE BLUEBERRY,1.0,21.188,126.18,9.61071513556,"Wheat/Rye (Bread, pasta, baked goods)"
6,HASH CORNED BEEF,1.0,43.3,125.55,19.640549621,Beef & buffalo meat
1,BANANA FRESH GREEN TIP,5.0,215.0,125.36,97.52235955,Bananas
24,SAUCE HOT,2.0,16.42,125.2,7.447986715400001,Vegetable oils
8,PORK BUTT BNLS 1/4 6-9#EA,1.0,67.4,123.75,30.572125738000004,Pork (pig meat)
192,BREAD NAAN CARMLZD ONION RND,2.0,25.35,122.42,11.498566579500002,"Wheat/Rye (Bread, pasta, baked goods)"
50,CHICKEN PTY JAMACN UNBKD,2.0,28.12,119.44,12.755017444400002,"Poultry (chicken, turkey)"
2,MILK 2% SHELF STABLE,3.0,72.0,118.92,32.658650640000005,Milk (cow's milk)
50,TURNOVER BEEF JAMAICAN STYLE,2.0,28.12,118.68,12.755017444400002,Beef & buffalo meat
6,MUSHROOM BREADED,2.0,28.2,118.3,12.791304834,"Wheat/Rye (Bread, pasta, baked goods)"
8,CHEESE VEGAN CHED SLI,2.0,24.0,116.34,10.88621688,Soybeans/Tofu
12,TOFU EXTRA FIRM WTR PK NON-GMO,6.0,72.0,115.68,32.658650640000005,Soybeans/Tofu
3,SPICE PEPPER BLK POCH SHKR GRD,1.0,2.65,114.25,1.2020197805,Stimulants & Spices (misc.)
6,ONION PIECES FRENCH FRIED,2.0,16.9,113.3,7.665711053,"Wheat/Rye (Bread, pasta, baked goods)"
1,TOMATO BULK UTILITY FRESH,4.0,100.0,113.16,45.359237,Tomatoes
6,CHIP TORTILLA YEL CORN RND,3.0,36.0,111.15,16.329325320000002,Corn (Maize)
6,CHILI CRISP SPICY 7OZ,2.0,10.2,109.36,4.626642174,Stimulants
24,WATER SPARKLING MANGO,6.0,120.0,107.19,54.4310844,Fruits (misc.)
36,EMPANADA BEEF ARGENTINIAN RAW,2.0,13.6,106.04,6.168856232,Beef & buffalo meat
6,ONION RING TANGLERS FLOUR BRD,2.0,23.0,104.98,10.43262451,Grains/cereals (except rice)
1,SYRUP LIQUID SWEETENER HFCS,4.0,223.24,104.72,101.2599606788,Sugars and sweeteners
6,VEGETABLE BLND RST PEPR ONION,3.0,45.0,104.55,20.41165665,Legumes (misc.)
24,WATER SPARKLING BERRY,7.0,126.0,104.02,57.152638620000005,Berries
36,"POPCORN KIT W/CORN, SALT & OIL",3.0,54.0,103.71,24.49398798,Corn (Maize)
4,OIL CANOLA SAL,3.0,97.5,103.02,44.225256075,Rapeseed/canola (Oil)
120,EGG PATTY BAKED PLANT BASED,1.0,15.0,103.01,6.80388555,Eggs
48,ICE CREAM BAR FUDGE,5.0,48.72,102.9,22.0990202664,Ice cream
8,CHEESE MOZZARELLA L/M WHL MLK,0.0,35.55,102.43,16.1252087535,Cheese
2,CRANBERRY DRIED CRAISINS,5.0,30.0,102.3,13.6077711,Fruits (misc.)
2,TOMATO DICED 3/8IN TRAY,4.0,40.0,101.21,18.1436948,Tomatoes
2,PORK SHOULDER FIRE BRAISED,2.0,20.65,98.6,9.3666824405,Pork (pig meat)
4,CHEESE COTIJA POLVO,0.0,15.0,97.29,6.80388555,Cheese
4,SAUCE WING SPICY GARLIC BUFF,2.0,35.008,97.22,15.87936168896,Vegetable oils
6,MILK ALMOND DARK CHOC,4.0,102.0,95.04,46.266421740000006,Almond milk
100,LINER TRASH 38X58 .95 ML CLR,2.0,28.2,94.14,12.791304834,Uncategorized
6,ARTICHOKE HEART QUARTER,1.0,39.7,93.06,18.007617089000004,Vegetables (misc.)
1,SAUSAGE CHICKEN PTY 1.5 OZ,2.0,20.0,91.74,9.0718474,"Poultry (chicken, turkey)"
4,SAUCE WING SWT TERIYAKI,2.0,41.448,91.68,18.80049655176,Vegetable oils
24,WATER SPARKLING PEACH PEAR,6.0,120.0,89.16,54.4310844,Fruits (misc.)
5,PANCETTA ITAL DICED 1/4 INCH,1.0,10.0,86.92,4.535923700000001,Pork (pig meat)
1,PEPPER SWEET BELL MEDLEY HH,2.0,40.0,83.44,18.1436948,Stimulants & Spices (misc.)
6,FILLING PIE APPLE,1.0,46.1,83.01,20.910608257000003,"Wheat/Rye (Bread, pasta, baked goods)"
2,PASTA CAVATAPPI,2.0,39.2,82.66,17.780820904000002,"Wheat/Rye (Bread, pasta, baked goods)"
10,DOUGH BALL SESAME SEED,3.0,30.0,82.53,13.6077711,"Wheat/Rye (Bread, pasta, baked goods)"
4,COOKIE NUTTER BUTR 1.9 OZ,2.0,5.4,82.32,2.4493987980000003,"Wheat/Rye (Bread, pasta, baked goods)"
1,GINGER ROOT FRESH,4.0,20.0,82.24,9.0718474,Roots and Tubers
6,FRUIT COCKTAIL CH IN PEAR JC,1.0,40.0,82.08,18.1436948,Fruits (misc.)
24,ICE CREAM DRUMSTCK VAN,2.0,10.0,81.14,4.535923700000001,Ice cream
2,ICE CREAM BAR CRUNCH,3.0,24.0,79.62,10.88621688,Ice cream
150,APTZR POTSTICKER CH LEMONGRASS,2.0,15.0,78.58,6.80388555,Citrus Fruit
2,ENTREE VEGETARIAN ALU CHOLE,2.0,16.0,78.16,7.25747792,Legumes (misc.)
6,YOGURT BLUBRY LF PARFAITPRO,2.0,48.0,78.08,21.77243376,Yogurt
4,CELERY DICED 3/8,2.0,40.0,77.48,18.1436948,Other vegetables
1,YOGURT PLAIN WHL MILK DAHI,2.0,64.0,77.36,29.02991168,Yogurt
10,BREAD TEXAS TOAST WHT SLI,2.0,30.0,77.26,13.6077711,"Wheat/Rye (Bread, pasta, baked goods)"
6,BEAN GARBANZO FRESH RTE,2.0,48.0,76.76,21.77243376,Beans and pulses (dried)
5,CREPE PLAIN 6,2.0,8.5,74.96,3.855535145,"Wheat/Rye (Bread, pasta, baked goods)"
48,ICE CREAM CHOC CUP 4 OZ,3.0,20.259,74.76,9.18932782383,Ice cream
48,ICE CREAM VAN CUP 4 OZ,3.0,19.176,74.37,8.69808728712,Ice cream
1,RICE JASMINE,2.0,49.4,73.52,22.407463078,Rice
6,MILK ALMOND UNSWT,3.0,75.51,73.35,34.25075985870001,Almond milk
4,SAUCE BBQ HNY,1.0,40.56,72.2,18.3977065272,Vegetable oils
1,BACON LAYFLAT 22/26 SMOKED,1.0,15.8,72.01,7.166759446,Pork (pig meat)
4,SYRUP CANE 100% PURE,2.0,23.8,71.68,10.795498406,Sugars and sweeteners
1,CUCUMBER ENGLISH LONG,5.0,60.0,71.25,27.2155422,Other vegetables
6,PINEAPPLE TIDBIT JCE,1.0,45.7,69.31,20.729171309,Fruits (misc.)
6,PINEAPPLE SLI JCE,1.0,46.4,69.25,21.046685968,Fruits (misc.)
6,APTZR PICKLE CHIPS BRD,1.0,15.0,68.83,6.80388555,"Wheat/Rye (Bread, pasta, baked goods)"
6,BAR GRANOLA HONEY ALMOND FLAX,1.0,7.01,67.8,3.1796825137,Oats (Oatmeal)
5,CHEESE PROV SLICE,1.0,11.0,67.28,4.9895160700000005,Cheese
1200,SUGAR TURBINADO PACKET CANE,2.0,23.0,66.94,10.43262451,Sugars and sweeteners
12,JUICE PNAPL 100% ASEPTIC,1.0,38.0,66.47,17.23651006,Fruits (misc.)
6,BAR GRANOLA TRAIL MIX,1.0,7.01,65.84,3.1796825137,Oats (Oatmeal)
216,WAFFLE STIX,1.0,11.2,65.4,5.080234544,"Wheat/Rye (Bread, pasta, baked goods)"
2,CHEESE SWISS SNDW CUT GRADE A,1.0,16.26,65.14,7.375411936200001,Cheese
6,MILK COCONUT UNSWEETEND,1.0,36.75,64.57,16.669519597500003,Tree nuts and seeds
8,CROUTON SEASONED HMSTY ZTF,1.0,20.0,63.47,9.0718474,"Wheat/Rye (Bread, pasta, baked goods)"
12,MUSTARD YELLOW SQZ CLS,3.0,27.6,62.94,12.519149412,Tree nuts and seeds
4,CHEESE MOZZARELLA LMPS FTHR SH,0.0,20.0,61.96,9.0718474,Cheese
48,ICE CREAM ORANG NF SHERBET CUP,3.0,27.792,61.86,12.606239147040002,Ice cream
2,RASPBERRY RED WHOLE IQF,1.0,9.95,60.54,4.5132440815,Berries
2,HAM PROSCIUTTO COLOSS DOM TRIM,1.0,8.66,60.39,3.9281099242,Pork (pig meat)
8,CHEESE SWISS SLICE .75 OZ,1.0,12.0,60.25,5.4431084400000005,Cheese
4,SAUCE SOY,1.0,40.0,58.03,18.1436948,Vegetable oils
4,CILANTRO CLEAN WASH FRESH HERB,0.0,11.75,57.77,5.3297103475,Stimulants & Spices (misc.)
24,MILK CONDENSED SWEETENED,1.0,21.0,57.51,9.52543977,Milk (cow's milk)
6,MILK COCONUT ORIG ESL,2.0,51.02,55.74,23.142282717400004,Tree nuts and seeds
4,PEPPERONI SANDWICH XL SL .33OZ,1.0,10.0,55.71,4.535923700000001,Pork (pig meat)
4,SALAMI GENOA SLICED .33OZ,1.0,10.0,55.21,4.535923700000001,Pork (pig meat)
4,CEREAL TRIX BULKPAK,1.0,8.0,55.08,3.62873896,Grains/cereals (except rice)
2,PASTA FETTUCINE FLAT,2.0,40.0,54.92,18.1436948,"Wheat/Rye (Bread, pasta, baked goods)"
2,ARUGULA BABY FRESH,3.0,12.0,54.62,5.4431084400000005,Cabbages and other Brassicas (Broccoli)
6,APPLESAUCE FANCY SWEETENED,1.0,45.6,54.57,20.683812072,Apples
20,DOUGH PUFF PASTRY SLAB 10X15,1.0,15.0,53.67,6.80388555,"Wheat/Rye (Bread, pasta, baked goods)"
6,CHEESE PARM GRTD DRY CARTON US,0.0,10.0,52.88,4.535923700000001,Cheese
6,"VEG BLEND SWT POT,RSTD ROOTVEG",1.0,15.0,52.22,6.80388555,Legumes (misc.)
4,MILK WHL GALLON,2.0,68.8,52.16,31.207155056,Milk (cow's milk)
1,BACON LAYFLAT RANDOM SMKD #2,1.0,15.0,51.78,6.80388555,Pork (pig meat)
6,CABBAGE NAPA KIMCHI,2.0,1.75,51.42,0.7937866475,Cabbages and other Brassicas (Broccoli)
12,PEA GREEN P,1.0,30.0,51.01,13.6077711,Peas
12,PEPPER SWEET VEGGIE FRSH,1.0,12.0,50.87,5.4431084400000005,Legumes (misc.)
1,ONION RED MEDIUM BOX,2.0,50.0,50.42,22.6796185,Onions and Leeks
2,CHEESE VEGAN MOZZ SHRED,1.0,10.0,49.95,4.535923700000001,Soybeans/Tofu
1,BREAKFAST SAUS EGG CHS NUGGET,1.0,10.0,49.64,4.535923700000001,Eggs
1,RICE PARBOILED,2.0,50.0,49.6,22.6796185,Rice
6,PUDDING BANANA ZTF,1.0,42.06,49.48,19.0780950822,Bananas
4,CABBAGE GREEN SHRD FRSH W/BAG,0.0,40.0,49.18,18.1436948,Cabbages and other Brassicas (Broccoli)
6,JUICE LIME PSTRZD ULTRA PREM,2.0,26.0,48.14,11.79340162,Citrus Fruit
160,SAUSAGE PORK LNK A/C RAW MAPLE,1.0,10.0,47.42,4.535923700000001,Pork (pig meat)
4,PARSLEY CLN/WASH FRESH HERB,1.0,8.0,47.16,3.62873896,Grains/cereals (except rice)
12,CREAM WHIPPED ARSL XTRA CREAMY,1.0,12.51,47.03,5.6744405487,Cream
12,GRAVY BROWN,1.0,36.0,46.94,16.329325320000002,Uncategorized
216,VEGETABLE BACON STRIP BREAKFST,1.0,3.938,46.76,1.78624675306,Legumes (misc.)
8,CHEESE CHDR MLD SLI INT.5OZ YL,1.0,12.0,45.54,5.4431084400000005,Cheese
6,TOPPING TAPIOCA PEARLS,1.0,36.0,45.43,16.329325320000002,Fruits (misc.)
2,BROWNIE CHOC CHIP PRCT,1.0,12.0,45.18,5.4431084400000005,"Wheat/Rye (Bread, pasta, baked goods)"
6,CHEESE MUENSTER RED RIND,0.0,12.67,44.94,5.747015327900001,Cheese
24,ICE CREAM BAR NERDS BOMB POP,2.0,10.608,44.76,4.81170786096,Ice cream
12,SYRUP CARAMEL,0.0,19.5,44.4,8.845051215,Sugars and sweeteners
2,SAUCE CHIPOTLE ANCHO SANDWICH,1.0,17.33,44.1,7.860755772099999,Vegetable oils
1,TOMATILLO FRESH DEHUSKED,1.0,20.0,43.76,9.0718474,Other vegetables
2,JAM BACON HABANERO PEPPER,1.0,5.35,43.64,2.4267191795,Pork (pig meat)
6,GLAZE BALSAMIC,2.0,9.8,43.46,4.445205226000001,Stimulants
12,BREAD PITA PLAIN 2 OZ 6 IN,1.0,9.0,43.46,4.082331330000001,"Wheat/Rye (Bread, pasta, baked goods)"
2,BACON TURKEY LAYFLT,1.0,12.0,43.31,5.4431084400000005,"Poultry (chicken, turkey)"
4,ONION GREEN ICELS,1.0,10.761,42.14,4.88110749357,Onions and Leeks
4,SAUCE TZATZIKI SOUR CREAM,1.0,15.0,41.97,6.80388555,Vegetable oils
12,CHEESE CHEDDAR MILD SLICE .5,1.0,12.0,41.5,5.4431084400000005,Cheese
24,CORN STARCH,1.0,24.0,40.35,10.88621688,Corn (Maize)
6,DRESSING BALSAMIC VGR ESSNTIAL,1.0,13.143,40.0,5.96156451891,Vegetable oils
24,SUGAR BROWN LIGHT CANE,1.0,26.85,38.15,12.1789551345,Sugars and sweeteners
24,SUGAR CONFECTIONER 10X CANE,1.0,26.7,38.09,12.110916279,Sugars and sweeteners
4,SYRUP FLVR DRAGON FRUIT,1.0,11.332,36.99,5.14010873684,Sugars and sweeteners
4,SYRUP VANILLA PL BTL NONGMO,1.0,13.09,36.82,5.9375241233,Sugars and sweeteners
2,CHEESE FETA CRUMBLED,1.0,10.0,36.77,4.535923700000001,Cheese
24,MILK COCONUT UNSWEETENED,1.0,23.0,36.07,10.43262451,Tree nuts and seeds
5,COCONUT SHRED MED SWT,1.0,10.0,35.84,4.535923700000001,Tree nuts and seeds
4,BANANA PLANTAIN SLI SWEET,1.0,24.0,34.77,10.88621688,Bananas
1,PEPPER POBLANO FRESH,1.0,10.0,33.9,4.535923700000001,Stimulants & Spices (misc.)
2,BLUEBERRY CULT IQF GR A P,1.0,10.0,32.49,4.535923700000001,Berries
1,EGGPLANT WHL FRESH,2.0,15.0,32.44,6.80388555,Other vegetables
6,SPICE CINNAMON GRND,0.0,2.196,32.4,0.99608884452,Stimulants & Spices (misc.)
4,CHEESE MOZZARELLA SHRD WHL MLK,0.0,10.0,32.28,4.535923700000001,Cheese
1,SQUASH ZUCCHINI SMALL FCY FRSH,1.0,25.0,31.77,11.33980925,Other vegetables
1,RICE JASMINE THAI PR GRADE,1.0,25.0,31.31,11.33980925,Rice
6,STRAWBERRY SLICED 4X1,0.0,13.116,31.06,5.9493175249200005,Berries
2,SAUCE PESTO NO NUT,1.0,4.0,30.77,1.81436948,Vegetable oils
1,PEPPER JALAPENO FRSH,3.0,6.0,30.75,2.72155422,Stimulants & Spices (misc.)
6,BEAN REFRIED DEHY VEGW/WHLBEAN,1.0,11.25,30.52,5.1029141625,Beans and pulses (dried)
4,SPINACH CLIPPED FRESH,1.0,10.0,29.9,4.535923700000001,Cabbages and other Brassicas (Broccoli)
24,WATER SPARKLING GRAPEFRUIT,2.0,35.98,29.72,16.3202534726,Fruits (misc.)
24,WATER SPARKLING TANGERINE CAN,2.0,36.0,29.72,16.329325320000002,Uncategorized
24,WATER SPARKLING PASSIONFRUIT,2.0,40.0,29.72,18.1436948,Fruits (misc.)
4,RELISH PICKLE SWEET,0.0,18.0,29.72,8.164662660000001,Legumes (misc.)
6,KALE CHOPPED,1.0,12.0,28.99,5.4431084400000005,Cabbages and other Brassicas (Broccoli)
1,RADISH DAIKON,1.0,10.0,28.08,4.535923700000001,Root Vegetables
1,COOKIE FORTUNE WRPD,2.0,14.0,27.74,6.35029318,"Wheat/Rye (Bread, pasta, baked goods)"
1,ONION YELLOW JUMBO BOX,1.0,50.0,26.46,22.6796185,Onions and Leeks
12,WAFFLE HOMESTYLE 4,1.0,11.1,26.16,5.034875307,"Wheat/Rye (Bread, pasta, baked goods)"
6,CHEESE MOZZ FRSH SLI THIN,1.0,6.0,25.62,2.72155422,Cheese
6,VINEGAR RED WINE,1.0,12.26,25.61,5.5610424562,Stimulants
1,SALAD SEAWEED FRZN WAKAMI,1.0,4.4,24.93,1.9958064280000003,Vegetables (misc.)
384,CREAMER HALF AND HALF PC ASEP,1.0,7.695,24.61,3.4903932871500003,Milk (cow's milk)
1,PEPPER SUNTAN BELL FRESH,1.0,24.0,24.09,10.88621688,Stimulants & Spices (misc.)
1,BASIL FRESH THAI HERB,2.0,2.0,24.02,0.90718474,Stimulants & Spices (misc.)
1,CORN MEAL YELLOW,1.0,25.0,22.89,11.33980925,Corn (Maize)
1,ONION YELLOW JUMBO BAG,1.0,50.0,22.38,22.6796185,Onions and Leeks
6,SAUCE FISH PREMIUM,1.0,8.873,21.97,4.02472509901,Fish (finfish)
4,VEGETABLE MIX SLAW POWER BLEND,1.0,8.0,21.3,3.62873896,Legumes (misc.)
4,KALE FRESH GRN SHRD 1/8 SEPCLR,1.0,6.0,21.29,2.72155422,Cabbages and other Brassicas (Broccoli)
6,SPICE PAPRIKA SMK,0.0,1.062,20.71,0.48171509694,Stimulants & Spices (misc.)
1,FLOUR ALL PURP H&R BL EN MT,1.0,50.0,20.0,22.6796185,Grains/cereals (except rice)
6,SEASONING CAJUN,0.0,1.158,19.86,0.52525996446,Stimulants & Spices (misc.)
6,SPICE ALLSPICE GROUND,0.0,1.0,19.75,0.45359237,Stimulants & Spices (misc.)
1,PEPPER RED BELL FRESH,1.0,5.0,18.86,2.2679618500000003,Stimulants & Spices (misc.)
4,SYRUP HAZELNUT ROASTED,0.0,5.674,18.84,2.5736831073800004,Tree nuts and seeds
1,BASIL FRESH,1.0,2.0,18.51,0.90718474,Stimulants & Spices (misc.)
6,SAUCE OYSTER MSG PANDA,0.0,10.0,18.5,4.535923700000001,Vegetable oils
6,SEASONING CARIBBEAN JERK,0.0,1.158,18.08,0.52525996446,Beans and pulses (dried)
200,JUICE LEMON PAC,1.0,1.76,17.61,0.7983225712,Citrus Fruit
180,CREAMER COFFEE NONDAIRY FR VAN,1.0,4.85,17.05,2.1999229945,Cream
6,SPICE TURMERIC GROUND,0.0,1.066,16.36,0.48352946642,Stimulants & Spices (misc.)
6,OIL TRUFFLE WHT FULL BDY,0.0,0.533,16.33,0.24176473321,Olives (Oil)
1,PEA & CARROT,1.0,20.0,16.32,9.0718474,Peas
12,PASTE TAHINI,0.0,2.0,15.02,0.90718474,Stimulants
6,EXTRACT VANILLA IMIT,0.0,4.0,14.5,1.81436948,Stimulants & Spices (misc.)
6,WINE COOKING MIRIN SWEET,0.0,4.166,13.07,1.88966581342,Stimulants
6,SPICE THYME LEAVES WHL,0.0,0.366,12.4,0.16601480742,Vegetables (misc.)
6,SPICE GARLIC GRANULATED,0.0,1.583,12.31,0.71803672171,Stimulants & Spices (misc.)
6,SPICE CHILI POWDER LT,0.0,1.141,12.14,0.51754889417,Stimulants
6,OIL TRUFFLE BLK,0.0,0.833,12.08,0.37784244421,Vegetable oils
1,LEMON GRASS FRESH HERB,1.0,1.0,12.07,0.45359237,Citrus Fruit
1,CARROT MATCHSTICK PREMIUM,1.0,5.0,11.95,2.2679618500000003,Root Vegetables
1,PASTE CHILI KOREAN GOCHUJANG,1.0,2.5,11.85,1.133980925,Stimulants
12,SAUCE BROWNING,0.0,2.8,7.23,1.270058636,Vegetable oils
12,SEASONING FRUIT ORIG,0.0,0.875,6.75,0.39689332375,Fruits (misc.)
1,BASIL FRESH HERB,1.0,0.05,6.15,0.0226796185,Stimulants & Spices (misc.)
1,DILL BABY FRESH HERB,1.0,0.25,6.03,0.1133980925,Stimulants & Spices (misc.)
1,MINT FRESH HERB,1.0,0.25,5.63,0.1133980925,Stimulants & Spices (misc.)
2,ONION RED DICED 3/8,0.0,0.0,0.0,0.0,Onions and Leeks
2,PORK BUTT BURNT ENDS SEASONED,0.0,0.0,0.0,0.0,Pork (pig meat)
2,SPICE ACHOTE BRCK FORM,0.0,0.0,0.0,0.0,Stimulants & Spices (misc.)
6,STARCH TAPIOCA PEARL,0.0,0.0,0.0,0.0,Fruits (misc.)
4,CHICKEN CVP THIGH B/S HALAL,64.0,2560.0,5172.2,1161.1964672,"Poultry (chicken, turkey)"
4,CHICKEN CVP WING 1&2JT JMB RND,23.0,920.0,2572.78,417.3049804,"Poultry (chicken, turkey)"
4,CHICKEN CVP THIGHMEAT HALAL,25.0,1000.0,2488.75,453.59237,Lamb/mutton & goat meat
2,MEATBALL BEEF CHICKN HALAL 1OZ,50.0,500.0,2019.0,226.796185,Beef & buffalo meat
107,DOUGH COOKIE CHOC CHIP GOURMT,28.0,588.0,1846.04,266.71231356000004,"Wheat/Rye (Bread, pasta, baked goods)"
60,COOKIE CHOC CHIP IW,48.0,450.24,1704.48,204.2254286688,"Wheat/Rye (Bread, pasta, baked goods)"
40,WATER BOTTLED SPRING,115.0,5244.0,1681.3,2378.63838828,Uncategorized
4,CHEESE CHDR MILD FTHR SHRD YEL,24.0,480.0,1453.2,217.7243376,Cheese
4,POTATO CKD MASHED RSST TRDTNL,35.0,840.0,1394.05,381.0175908,Potatoes
1,RICE BASMATI,24.0,960.0,1384.56,435.4486752,Rice
107,DOUGH COOKIE OATMEAL RSN GOURM,22.0,462.0,1336.72,209.55967494,"Wheat/Rye (Bread, pasta, baked goods)"
4,CHICKEN CVP THIGH B/S HAL FRZ,15.0,600.0,1103.85,272.155422,"Poultry (chicken, turkey)"
2,BROWNIE CHOC CHIP PRCT,23.0,276.0,1039.14,125.19149412,"Wheat/Rye (Bread, pasta, baked goods)"
192,BREAD NAAN CARMLZD ONION RND,14.0,177.45,856.85,80.4899660565,"Wheat/Rye (Bread, pasta, baked goods)"
4,CHICKEN CVP LEG QRTR SM HAL,20.0,800.0,801.2,362.873896,"Poultry (chicken, turkey)"
2,BEAN GREEN TRIMMED FRSH,32.0,334.4,781.49,151.681288528,Beans and pulses (dried)
2,PASTA ELBOW,24.0,480.0,666.0,217.7243376,"Wheat/Rye (Bread, pasta, baked goods)"
7,BEEF FLANK STEAK SKND 193,1.0,76.6,572.43,34.745175542,Beef & buffalo meat
4,SOUP BASE CHICKEN LIQ CONC,8.0,92.0,539.2,41.73049804,"Poultry (chicken, turkey)"
12,SPINACH LEAF BAG,6.0,216.0,520.08,97.97595192,Cabbages and other Brassicas (Broccoli)
24,COOKIE CHOC CHIP GLTN FR I/W,17.0,93.5,516.8,42.410886595,"Wheat/Rye (Bread, pasta, baked goods)"
4,SOUP BASE VEGETABLE LIQ CONC,8.0,92.0,499.44,41.73049804,Legumes (misc.)
8,TOFU FIRM SUPER ORGANIC,14.0,224.0,488.04,101.60469088,Soybeans/Tofu
6,SAUCE TERIYAKI GLAZE,8.0,254.0,482.8,115.21246198,Vegetable oils
1,RICE JASMINE,13.0,321.1,477.88,145.64851000700003,Rice
1,COUSCOUS INTL,9.0,90.0,429.75,40.8233133,"Wheat/Rye (Bread, pasta, baked goods)"
12,CREAM HEAVY WHIPPING 36% ESL,6.0,153.96,421.5,69.8350812852,Cream
4,GARLIC PEELED FRESH,4.0,80.0,420.08,36.2873896,Stimulants & Spices (misc.)
1,GLACE DEMI DE VEAL CLASSIC,3.0,48.0,387.09,21.77243376,Lamb/mutton & goat meat
6,SAUCE PASTA TOMATO & HERB,5.0,196.85,354.35,89.28965803450001,Tomatoes
1,BEAN LENTIL RED CHIEF,10.0,100.0,345.1,45.359237,Beans and pulses (dried)
4,OIL CANOLA SAL,10.0,325.0,343.4,147.41752025,Rapeseed/canola (Oil)
2,PASTA LINGUINE,12.0,240.0,333.6,108.8621688,"Wheat/Rye (Bread, pasta, baked goods)"
6,BEAN KIDNEY DARK RED,8.0,324.4,326.0,147.145364828,Beans and pulses (dried)
2,POTATO DICED CKD RED SKON,10.0,200.0,316.6,90.718474,Potatoes
4,SAUCE BBQ ORIGINAL,5.0,202.8,289.3,91.98853263600002,Vegetable oils
4,CHUTNEY TAMARIND,7.0,56.0,281.61,25.40117272,Stimulants
4,BANANA PLANTAIN FRZN SWEET SLI,8.0,192.0,269.92,87.08973504000001,Bananas
6,QUINOA GRAIN RED FULLY COOKED,4.0,96.0,259.08,43.54486752,Grains/cereals (except rice)
1,ONION YELLOW JUMBO BAG,11.0,550.0,246.18,249.4758035,Onions and Leeks
6,PEPPER RED RSTD PIECES,2.0,82.0,241.38,37.19457434,"Wheat/Rye (Bread, pasta, baked goods)"
4,OIL OLIVE EXTRA VIRGIN ROBUSTO,2.0,48.38,239.54,21.9447988606,Olives (Oil)
4,GRAIN SPECIALTY FARRO SEMIPRLD,5.0,60.0,215.6,27.2155422,Grains/cereals (except rice)
6,GRAIN SPECIALTY BULGUR WHEAT,5.0,60.0,205.2,27.2155422,Grains/cereals (except rice)
4,SOUP BASE BEEF LIQ CONC,3.0,34.5,203.07,15.648936765,Beef & buffalo meat
6,SPICE GARLIC SALT,0.0,35.56,202.44,16.1297446772,Stimulants & Spices (misc.)
12,PEA & CARROT GR A P,4.0,120.0,193.92,54.4310844,Peas
4,SAUCE TERIYAKI,3.0,120.0,189.72,54.4310844,Vegetable oils
3,SEASONING CAJUN,0.0,13.0,178.12,5.8967008100000005,Stimulants & Spices (misc.)
6,BEAN GREAT NORTH LOW SODIUM,4.0,165.0,169.72,74.84274105,Beans and pulses (dried)
1,CABBAGE WHITE FRESH,7.0,357.0,148.47,161.93247609,Cabbages and other Brassicas (Broccoli)
6,TOMATO DICED IN JUICE MW,4.0,180.0,146.84,81.6466266,Tomatoes
12,SALT KOSHER FLAKE,3.0,108.0,135.93,48.98797596,Stimulants & Spices (misc.)
36,BUTTER SOLID UNSLTD USDA AA,1.0,36.0,129.87,16.329325320000002,Butter
6,TOMATO PASTE FANCY,2.0,91.64,128.32,41.567204786800005,Tomatoes
6,SPICE CUMIN SEED WH,0.0,6.0,126.0,2.72155422,Tree nuts and seeds
1,RICE PARBOILED PERFECT,3.0,152.25,118.62,69.05943833250001,Rice
6,TOMATO PLUM ITAL,3.0,132.0,116.19,59.874192840000006,Fruits (misc.)
6,SEASONING CARIBBEAN JERK,0.0,6.95,108.48,3.1524669715000004,Beans and pulses (dried)
6,SPICE GINGER GRND,1.0,4.686,106.19,2.12553384582,Stimulants & Spices (misc.)
4,MILK WHL GALLON,4.0,137.6,105.48,62.414310112,Milk (cow's milk)
1,SHORTENING FRY CANOLA CLR ZTF,3.0,105.0,105.39,47.62719885,Rapeseed/canola (Oil)
6,SPICE FENNEL SEED WHL,0.0,5.15,100.26,2.3360007055000005,Tree nuts and seeds
1,GINGER ROOT FRESH,5.0,25.0,99.43,11.33980925,Roots and Tubers
4,ONION GREEN ICELS,4.0,24.6,96.84,11.158372302000002,Onions and Leeks
6,SPICE CURRY POWDER,1.0,6.05,96.44,2.7442338385,Stimulants & Spices (misc.)
4,SAUCE WING SWT TERIYAKI,2.0,41.448,91.68,18.80049655176,Vegetable oils
6,TOMATO PUREE,2.0,84.0,90.4,38.10175908,Tomatoes
6,SPICE CORIANDER SEED IN PLAS,0.0,4.128,87.54,1.87242930336,Tree nuts and seeds
6,SAUCE SOY GLUTEN FREE,1.0,31.0,83.58,14.06136347,Vegetable oils
4,DRESSING BALSAMIC VINGRT,1.0,34.08,83.47,15.4584279696,Vegetable oils
6,SPICE CORIANDER GRND,0.0,5.4,82.14,2.4493987980000003,Stimulants & Spices (misc.)
4,DRESSING RANCH BUTTERMILK,1.0,32.7,81.91,14.832470499,Yogurt
3,SPICE PAPRIKA DOM GRND,0.0,13.5,81.81,6.123496995,Stimulants & Spices (misc.)
4,DRESSING CAESAR CREAMY LIBERTY,1.0,32.6,81.27,14.787111262000002,Vegetable oils
1,CARROT FRESH JUMBO,3.0,150.0,81.21,68.0388555,Root Vegetables
3,SPICE PAPRIKA SPANISH FCY,0.0,4.916,77.13,2.2298600909200004,Stimulants & Spices (misc.)
12,SAUCE CHILI SWEET THAI,2.0,48.0,76.18,21.77243376,Vegetable oils
1,ONION RED JUMBO BOX,3.0,75.0,75.6,34.01942775,Onions and Leeks
6,PAN COATING BUTR SPRAY,2.0,12.74,70.96,5.7787667938,Vegetable oils
1,CILANTRO FRESH ICELESS,2.0,32.0,70.8,14.51495584,Stimulants & Spices (misc.)
1,EGGPLANT FRESH,2.0,54.0,61.84,24.49398798,Other vegetables
8,CROUTON PLAIN CUBE ZTF,1.0,20.0,59.77,9.0718474,"Wheat/Rye (Bread, pasta, baked goods)"
4,DRESSING ITALIAN GOLDEN,1.0,34.92,57.98,15.839445560400002,Vegetable oils
3,SPICE PEPPER BLK GRND,0.0,4.9,52.0,2.2226026130000003,Stimulants & Spices (misc.)
4,PARSLEY CLN/WASH FRESH HERB,2.0,8.0,46.86,3.62873896,Grains/cereals (except rice)
4,CILANTRO CLEAN WASH FRESH HERB,2.0,9.4,46.18,4.263768278000001,Stimulants & Spices (misc.)
24,STARCH TAPIOCA FLOUR,1.0,24.0,42.37,10.88621688,Grains/cereals (except rice)
24,CORN STARCH,1.0,24.0,40.35,10.88621688,Corn (Maize)
6,SPICE CUMIN GRND,0.0,5.25,39.24,2.3813599425,Stimulants & Spices (misc.)
1,RICE JASMINE THAI PR GRADE,1.0,25.0,31.31,11.33980925,Rice
6,SPICE MUSTARD SEED WHL,0.0,2.75,24.74,1.2473790175,Tree nuts and seeds
1,PEPPER RED BELL FRESH,1.0,5.0,18.86,2.2679618500000003,Stimulants & Spices (misc.)
12,COLORING FOOD RED,0.0,4.0,3.74,1.81436948,Stimulants
12,COLORING FOOD EGG YELLOW,0.0,4.0,3.56,1.81436948,Eggs
1,EGG DRIED ANGEL WHT,0.0,0.0,0.0,0.0,Eggs
18,BEEF FLANK STKS PLD CH 3PK 6EA,0.0,0.0,0.0,0.0,Beef & buffalo meat
6,SPICE GARAM MASALA,0.0,0.0,0.0,0.0,Stimulants & Spices (misc.)
1,SPICE TURMERIC GRND,0.0,0.0,0.0,0.0,Stimulants & Spices (misc.)
1,SALAD FRUIT NO ORANGES,199.0,4776.0,15557.82,2166.35715912,Fruits (misc.)
4,CHICKEN CVP THIGH B/S HALAL,156.0,6240.0,12372.6,2830.4163888000003,"Poultry (chicken, turkey)"
32,BEEF STEAK STRIPS WM FC FRZN,70.0,2800.0,10266.9,1270.058636,Beef & buffalo meat
15,EGG WHL LIQ CRTN,84.0,2520.0,9915.36,1143.0527724,Eggs
4,CHICKEN CVP BRST RAND HALAL,61.0,2440.0,5731.86,1106.7653828,"Poultry (chicken, turkey)"
12,CREAM HEAVY WHIPPING 36% ESL,76.0,1950.16,5363.75,884.5776962792,Cream
4,BEEF GRND BLK 80/20 GRFD HALAL,61.0,1236.72,5241.99,560.9667558264,Beef & buffalo meat
1,CHICKEN CVP DRM & THGH MXD HAL,116.0,4640.0,4904.48,2104.6685968,"Poultry (chicken, turkey)"
2,SQUASH BUTTERNUT PLD FRSH,157.0,1570.0,4651.29,712.1400209000001,Fruits (misc.)
1,COFFEE COLD BREW BIB,33.0,1386.0,4520.67,628.67902482,Coffee
6,SAUCE MARINARA NO SALT ADD CA,67.0,2613.0,4408.46,1185.23686281,Vegetable oils
1,CHEESE CREAM ORIG CRTN,20.0,1000.0,4161.6,453.59237,Cheese
1,COD ATL LOIN IQF 6 OZ ASIA,45.0,450.0,4082.4,204.1165665,Fish (finfish)
1,TOMATO GRAPE FRSH,208.0,2080.0,3969.87,943.4721296,Tomatoes
1,BROCCOLI CROWN ASIAN ICELS,118.0,2360.0,3734.22,1070.4779932,Cabbages and other Brassicas (Broccoli)
4,BEEF BARBACOA CAFE H MEX/SHRED,26.0,512.55,3623.6,232.4887692435,Beef & buffalo meat
2,PORK DICED 1 IN FRZN,129.0,1290.0,3526.88,585.1341573000001,Pork (pig meat)
2,POLLOCK ALSK BTRD PUB STY 3-4Z,71.0,710.0,3343.76,322.0505827,Fish (finfish)
16,CHICKEN CVP 8PC CUT TR HAL,31.0,1535.08,3201.94,696.3005753396,"Poultry (chicken, turkey)"
4,GARLIC PEELED FRESH,30.0,600.0,3156.63,272.155422,Stimulants & Spices (misc.)
8,PORK BUTT BNLS 1/4 6-9#EA,24.0,1684.4,3055.57,764.030988028,Pork (pig meat)
4,CARROT BABY CUT PLD,108.0,1868.4,3009.29,847.4919841080001,Root Vegetables
3,OIL OLIVE POMACE,26.0,598.0,2989.22,271.24823726,Olives (Oil)
2,POTATO CKD RED SKON WDG 8 CUT,74.0,1480.0,2946.68,671.3167076000001,Potatoes
1,EGG HARDBOILED WHL PEEL SEL,32.0,800.0,2875.76,362.873896,Eggs
1,RICE PARBOILED PERFECT,71.0,3603.25,2807.34,1634.4067072025,Rice
8,TOFU FIRM SUPER ORGANIC,78.0,1248.0,2719.08,566.08327776,Soybeans/Tofu
4,SHRIMP WHT P&D TLOF 26/30,44.0,440.0,2543.53,199.5806428,Crustaceans (shrimp/prawns)
1,CATFISH FIL IQF 7-9OZ,35.0,525.0,2479.05,238.13599425,Fish (finfish)
2,BEEF FOR STEW FRZN,34.0,357.4,2437.84,162.113913038,Beef & buffalo meat
1,OIL SALAD CANOLA ZTF,74.0,2590.0,2435.31,1174.8042383,Rapeseed/canola (Oil)
10,PORK RIB ST LOUIS 2.75-3#,30.0,852.6,2350.62,386.732854662,Pork (pig meat)
10,MUSSEL WHL VP 23/29 CHL,90.0,900.0,2328.3,408.233133,Mollusks
4,OIL CANOLA SAL,63.0,2047.5,2311.05,928.730377575,Rapeseed/canola (Oil)
4,SOUP BASE VEGETABLE LIQ CONC,37.0,425.5,2308.95,193.003553435,Legumes (misc.)
4,BURGER VEG IMPOSSIBLE BULK,13.0,260.0,2301.13,117.9340162,"Wheat/Rye (Bread, pasta, baked goods)"
12,CAULIFLOWER CELLO WRPD FRSH,64.0,1699.2,2248.02,770.744155104,Cabbages and other Brassicas (Broccoli)
1,ASPARAGUS FRESH STANDARD,55.0,605.0,2212.85,274.42338385,Other vegetables
4,CHICKEN CVP THIGH BNLS SKLS,28.0,1120.0,2184.0,508.0234544000001,"Poultry (chicken, turkey)"
4,GUACAMOLE FRESH ORIG BLEND HPP,55.0,440.0,2169.75,199.5806428,Fruits (misc.)
6,PLANTBASED PRTN PULLED MSHRM,23.0,294.04,1973.89,133.3743004748,Legumes (misc.)
1,MUSHROOM SLCD FRESH,84.0,840.0,1939.46,381.0175908,Vegetables (misc.)
6,SAUCE SOY GLUTEN FREE,22.0,682.0,1838.76,309.34999634,Vegetable oils
6,QUINOA GRAIN RED FULLY COOKED,27.0,648.0,1795.23,293.92785576,Grains/cereals (except rice)
1,CORN WHL KERNEL GR A,36.0,1051.2,1794.68,476.8162993440001,Corn (Maize)
10,MANDARIN FRESH EASY PEEL,39.0,1170.0,1787.4,530.7030729,Citrus Fruit
4,COFFEE FRZDRY ALEGRIA DELICATE,15.0,33.0,1775.25,14.968548210000002,Coffee
1,BANANA FRESH GREEN TIP,70.0,3010.0,1764.9,1365.3130337,Bananas
2,BACON BIT REAL CKD 3/8 GF,24.0,240.0,1763.38,108.8621688,Pork (pig meat)
2,BRUSSEL SPROUT HALVES MACH CUT,42.0,420.0,1758.2,190.5087954,Beans and pulses (dried)
4,DIP HUMMUS TRADITIONAL,38.0,570.0,1748.38,258.5476509,Vegetable oils
2,YOGURT PLAIN WHL MILK DAHI,73.0,1460.0,1746.89,662.2448602000001,Yogurt
15,EGG LIQ CHOL/FF FRSH CF,12.0,360.0,1737.96,163.2932532,Eggs
6,TOMATO CRUSHED ALL PURP FCY CA,40.0,1530.0,1734.9,693.9963261,Tomatoes
1,LETTUCE SPRING MIX CONV PLLW,138.0,414.0,1731.2,187.78724118,Cabbages and other Brassicas (Broccoli)
12,EGG WHITE LIQ W/TEC OPT CHOICE,23.0,552.0,1721.4,250.38298824,Eggs
1,EGG SHELL XL WHT USDA AA,6.0,300.0,1706.04,136.077711,Eggs
4,CORNBREAD BKD CUT 12X16,30.0,480.0,1647.3,217.7243376,Corn (Maize)
16,CHICKEN CVP 8PC CUT TR HAL,15.0,850.01,1635.09,385.5580504237,"Poultry (chicken, turkey)"
1,PEAR FRESH,27.0,1026.0,1627.64,465.38577162,Fruits (misc.)
64,COOKIE CHOC CHIP GLUT FREE,20.0,120.0,1587.2,54.4310844,"Wheat/Rye (Bread, pasta, baked goods)"
50,VEGETARIAN VEG CHCKN BRST,20.0,240.0,1481.4,108.8621688,Legumes (misc.)
4,SHRIMP BRD POPCRN 60/80,30.0,300.0,1469.1,136.077711,Crustaceans (shrimp/prawns)
1,CUCUMBER ENGLISH LONG,100.0,1200.0,1459.5,544.310844,Other vegetables
6,CHEESE PARM GRTD DRY CARTON US,9.0,270.0,1427.59,122.4699399,Cheese
4,CHEESE CHDR MILD FCY SHRD YEL,23.0,460.0,1391.76,208.6524902,Cheese
2,HAM DELI BNLS CKD 4X6 95% H&W,13.0,338.0,1381.51,153.31422106,Pork (pig meat)
4,JUICE ORANGE CONC 5X1 ORIG,7.0,224.0,1328.04,101.60469088,Citrus Fruit
12,BEAN GREEN WHL HARICOT VERT,23.0,552.0,1308.41,250.38298824,Beans and pulses (dried)
10,TUNA AHI CUBE POKI,20.0,200.0,1303.6,90.718474,Fish (finfish)
38,CHICKEN BRST VEGTRN BREADED RW,16.0,190.0,1267.2,86.1825503,Legumes (misc.)
1,GOAT MEAT BI SL CUBE 1.5-1.75,20.0,300.0,1247.2,136.077711,Lamb/mutton & goat meat
2,EGG LIQ WHL CAGE FREE W/CITRIC,7.0,280.0,1226.96,127.0058636,Eggs
2,SALMON ATL SMK SLI FIL USA,16.0,84.5,1208.5,38.328555265,Fish (finfish)
6,MILK ORIGINAL OAT XTRA CREAMY,60.0,1317.6,1194.6,597.653306712,Oat milk
6,BEAN BLACK FRESH READY TO EAT,31.0,744.0,1193.47,337.47272328,Beans and pulses (dried)
2,TOFU FIRM BTRD NUGGET,11.0,220.0,1135.42,99.7903214,Soybeans/Tofu
4,DRESSING MAYONNAISE VEGAN,10.0,310.4,1126.9,140.795071648,Soybeans/Tofu
4,CARROT SHRD FRSH MATCH STK,31.0,620.0,1120.46,281.2272694,Root Vegetables
1,APPLE RED DEL FANCY FRESH,30.0,1200.0,1097.16,544.310844,Apples
6,"VEG BLEND SWT POT,RSTD ROOTVEG",21.0,315.0,1095.57,142.88159655,Legumes (misc.)
6,YOGURT STRAWBERRY PARFAIT POUC,28.0,672.0,1093.12,304.81407264,Yogurt
144,BREAD GARLIC TOAST SLI 4.5IN,26.0,398.58,1079.78,180.7928468346,"Wheat/Rye (Bread, pasta, baked goods)"
114,SAUSAGE CHICKEN FOUR PPR VEG/C,23.0,230.0,1079.42,104.3262451,Legumes (misc.)
16,PORK RIB BK PRECOOKED BBQ,6.0,168.0,1072.68,76.20351816,Pork (pig meat)
8,VEGETARIAN SOY FISHLESS FIL,32.0,163.2,1066.56,74.026274784,Legumes (misc.)
6,BEEF GRND BULK 81/19 CHUB FRS,4.0,242.3,1066.36,109.905431251,Beef & buffalo meat
4,SPINACH CLIPPED FRESH,34.0,340.0,1028.76,154.2214058,Cabbages and other Brassicas (Broccoli)
1,POTATO FINGERLING MIX,11.0,550.0,1014.58,249.4758035,Potatoes
2,MEAT GYRO BEEF LAMB SLI,15.0,150.0,1008.9,68.0388555,Beef & buffalo meat
1,OAT REGULAR GLUTEN FREE,18.0,450.0,1001.88,204.1165665,Oats (Oatmeal)
6,WATER SPRING,75.0,4038.75,1001.25,1831.9461843375,Uncategorized
12,SALT KOSHER FLAKE COARSE,15.0,556.5,977.85,252.42415390500005,Stimulants & Spices (misc.)
1,PEPPER SWEET BELL MEDLEY HH,23.0,460.0,964.16,208.6524902,Stimulants & Spices (misc.)
6,HONEY PURE CLOVER GR A TSC JUG,7.0,217.0,946.4,98.42954429,Sugars and sweeteners
2,ARUGULA BABY FRESH,55.0,220.0,938.86,99.7903214,Cabbages and other Brassicas (Broccoli)
6,ARTICHOKE HEART QUARTER,10.0,397.0,930.6,180.07617089,Vegetables (misc.)
8,APPLE GRANNY X-FANCY FRESH,0.0,600.0,917.52,272.155422,Apples
1,SYRUP LIQUID SWTNR NON NUTRITV,8.0,174.88,916.64,79.3242336656,Sugars and sweeteners
2,POTATO DICED CKD RSST SKLS SMA,35.0,700.0,906.85,317.514659,Potatoes
1,CREAM SOUR CULTRD GRD A,14.0,448.0,904.79,203.20938176,Cream
6,BEAN KIDNEY LIGHT RED,22.0,831.6,899.39,377.207414892,Beans and pulses (dried)
4,JUICE APPLE CONC DISP 6X1,5.0,160.0,898.85,72.57477920000001,Apples
4,CILANTRO CLEAN WASH FRESH HERB,38.0,178.6,886.22,81.011597282,Stimulants & Spices (misc.)
4,APTZR VEG FALAFEL BALL,18.0,288.0,883.8,130.63460256000002,Legumes (misc.)
1,TOMATO ROMA UTILITY FRESH,29.0,725.0,878.98,328.85446825,Tomatoes
4,MUSTARD DIJON SMOOTH,0.0,190.05,878.22,86.20522991850001,Tree nuts and seeds
6,POTATO SWEET CENTER CUT,12.0,360.0,878.04,163.2932532,Cassava and Other Roots
1,PASTRY SHELL SWT TART RND 3 IN,13.0,51.61,875.42,23.4099022157,"Wheat/Rye (Bread, pasta, baked goods)"
6,TOMATO DICED FIRE ROASTED,15.0,573.75,873.27,260.24862228750004,Tomatoes
36,SANDWICH CRN W/CHEESE AREPA,12.0,156.0,857.88,70.76040972,Cheese
2,PORK LOIN BNLS CC STR/OFF 1/8I,23.0,381.12,855.62,172.87312405440002,Pork (pig meat)
6,OIL OLIVE EXTRA VIRGIN,11.0,57.09,848.21,25.895588403300003,Olives (Oil)
6,COFFEE CAPP FRCH VAN,11.0,132.0,842.49,59.874192840000006,Coffee
10,BEET RED PLD & COOKED,32.0,352.0,838.72,159.66451424000002,Root Vegetables
90,SAUSAGE BREAKFAST PATTY VEGAN,10.0,91.9,827.6,41.68513880300001,Legumes (misc.)
4,PEPPER JALAPENO SLICES,16.0,548.8,816.64,248.931492656,Stimulants & Spices (misc.)
48,EMPANADA EGG & CHORIZO,12.0,135.0,779.4,61.23496995,Eggs
8,BEVERAGE MIX FROTHY ALEGRIA,4.0,64.0,778.64,29.02991168,Uncategorized
2,PASTA ROTINI/SPIRAL GARDEN,14.0,267.4,765.52,121.290599738,"Wheat/Rye (Bread, pasta, baked goods)"
45,CROISSANT HAM STFD,8.0,67.2,763.92,30.481407264,Pork (pig meat)
4,CHEESE GRUYERE SHRED,4.0,90.0,746.11,40.8233133,Cheese
6,STRAWBERRY SLICED 4X1,8.0,314.8,745.2,142.790878076,Berries
2,BEAN GREEN TRIMMED FRSH,30.0,313.5,738.0,142.201207995,Beans and pulses (dried)
15,EGG LIQUID WHL CITACID CGFREE,7.0,210.0,736.96,95.2543977,Eggs
2,PASTA RAVIOLI CHEESE SQUARE,25.0,250.0,726.25,113.3980925,"Wheat/Rye (Bread, pasta, baked goods)"
6,MILK COCONUT UNSWEETEND,9.0,330.75,723.36,150.02567637750002,Tree nuts and seeds
5,MEAT ALTERNATE JACKFRUIT NKD,16.0,152.48,702.88,69.1637645776,Fruits (misc.)
2,SAUSAGE MEXICAN CHORIZO BULK,23.0,230.0,702.04,104.3262451,Pork (pig meat)
6,SPICE GARLIC GRANULATED,0.0,156.0,696.0,70.76040972,Stimulants & Spices (misc.)
6,CABBAGE NAPA KIMCHI,27.0,23.625,694.17,10.71611974125,Cabbages and other Brassicas (Broccoli)
4,ONION DICED 3/8 YEL,16.0,320.0,691.44,145.14955840000002,Onions and Leeks
6,BEAN GARBANZO FRESH RTE,18.0,432.0,690.66,195.95190384,Beans and pulses (dried)
4,DRINK ORG GUAVA PASSN,5.0,112.5,686.35,51.029141625,Fruits (misc.)
4,SALSA CHUNKY MED AUTHENTIC,9.0,303.75,685.62,137.7786823875,Stimulants
2,TURKEY BRST SMOKED SKON,8.0,149.1,680.49,67.630622367,"Poultry (chicken, turkey)"
6,MILK ORIGINAL OAT,34.0,746.64,676.94,338.6702071368,Oat milk
12,GUACAMOLE SOUTHWESTERN HPP FRZ,11.0,132.0,673.42,59.874192840000006,Fruits (misc.)
4,OLIVE GREEN MANZ SALAD STYLE,0.0,159.375,664.7,72.29128396875001,Vegetables (misc.)
1,SYRUP LIQUID SWEETENER HFCS,25.0,1395.25,654.5,632.8747542425,Sugars and sweeteners
6,BREAD PANINI RUSTIC SLI,14.0,252.0,646.8,114.30527724,"Wheat/Rye (Bread, pasta, baked goods)"
4,SWEETENER AGAVE LIGHT 176,4.0,200.0,642.56,90.718474,Sugars and sweeteners
1,BREAD NAAN DIPPERS MINI,34.0,68.0,640.22,30.84428116,"Wheat/Rye (Bread, pasta, baked goods)"
2,MANGO CUBED,16.0,160.0,616.96,72.57477920000001,Fruits (misc.)
6,BEAN PINTO FRESH READY TO EAT,16.0,384.0,615.12,174.17947008000002,Beans and pulses (dried)
6,CHEESE MOZZ FRSH SLI THIN,24.0,144.0,614.88,65.31730128000001,Cheese
1,CORN COB PETITE NW GR A,11.0,353.1,605.82,160.16346584700003,Corn (Maize)
2,MEATBALL BEEF CHICKN HALAL 1OZ,15.0,150.0,605.7,68.0388555,Beef & buffalo meat
4,CHUTNEY TAMARIND,15.0,120.0,603.45,54.4310844,Stimulants
6,SPICE PAPRIKA SMK,0.0,30.811,600.59,13.97563451207,Stimulants & Spices (misc.)
4,SYRUP PANCAKE AND WAFFLE,12.0,552.0,599.28,250.38298824,Sugars and sweeteners
4,CHEESECAKE NEW YORK STY 16 SLC,6.0,102.0,597.54,46.266421740000006,Cheese
6,TOMATO PASTE FANCY CA,10.0,416.25,589.84,188.8078240125,Tomatoes
2,CREAMER HALF & HALF SHELF STAB,10.0,240.0,589.8,108.8621688,Milk (cow's milk)
2,CHEESE QUESO FRYING,12.0,123.05,583.87,55.8145411285,Cheese
1,CUCUMBER SELECT FRESH,20.0,1000.0,580.94,453.59237,Other vegetables
15,EGG WHL LIQ FRSH W/CITRIC TFF,8.0,240.0,579.6,108.8621688,Eggs
6,MIX PANCAKE BTRMLK COMPLT,14.0,420.0,575.4,190.5087954,"Wheat/Rye (Bread, pasta, baked goods)"
12,GUACAMOLE PLAIN BLEND HPP FRZN,10.0,120.0,569.7,54.4310844,Fruits (misc.)
1,SAUSAGE TURKEY PTY CKD 1.6OZ,12.0,120.0,568.35,54.4310844,"Poultry (chicken, turkey)"
24,BEEF PATTY CHUCK HOMESTYLE,8.0,96.0,568.13,43.54486752,Beef & buffalo meat
15,EGG LIQUID WHITES CGFREE,5.0,150.0,566.79,68.0388555,Eggs
168,DOUGH BISCUIT SOTHRN E-Z SPLIT,8.0,266.28,564.48,120.7825762836,"Wheat/Rye (Bread, pasta, baked goods)"
2,TILAPIA FILET BLSL IQF 3-5 OZ,9.0,90.0,561.6,40.8233133,Fish (finfish)
20,APTZR YUCCA FRIES PRCKD,14.0,280.0,554.54,127.0058636,Cassava and Other Roots
1,GRAPEFRUIT RUBY RED FRESH,11.0,377.85,552.48,171.38987700450002,Fruits (misc.)
1,SEED CHIA BLK,13.0,130.0,552.37,58.9670081,Tree nuts and seeds
6,SALAMI CKD CAMPESINO,10.0,168.0,549.4,76.20351816,Pork (pig meat)
4,CELERY DICED 3/8,13.0,260.0,544.92,117.9340162,Other vegetables
4,COOKIE CRUMB OREO MED CRUNCH,10.0,100.0,540.5,45.359237,"Wheat/Rye (Bread, pasta, baked goods)"
6,VEGETABLE BLEND CHFCUT KEY LAR,13.0,312.0,538.8,141.52081944,Legumes (misc.)
2,PASTA NOODLE EGG XWIDE,17.0,170.0,538.56,77.1107029,"Wheat/Rye (Bread, pasta, baked goods)"
1,EGGPLANT FRESH,17.0,459.0,537.64,208.19889783,Other vegetables
1,SAUSAGE KIELBASA ROPE,13.0,130.0,536.38,58.9670081,Pork (pig meat)
1,CHICKEN TNDR BRD 2-3 OZ,18.0,180.0,535.86,81.6466266,"Poultry (chicken, turkey)"
6,PAN COATING BUTR SPRAY,15.0,95.55,532.2,43.3407509535,Vegetable oils
1,RICE BROWN PARBOILED WHLGRN QC,23.0,586.5,531.76,266.031925005,Rice
6,POTATO TATER BARREL,10.0,300.0,530.8,136.077711,Potatoes
1,BOK CHOY BABY FRESH,20.0,200.0,526.2,90.718474,Cabbages and other Brassicas (Broccoli)
2,PASTA PENNE WHL GRAIN 100%,16.0,320.0,525.44,145.14955840000002,"Wheat/Rye (Bread, pasta, baked goods)"
4,JUICE ORANGE NO PULP,11.0,383.9,513.26,174.134110843,Citrus Fruit
8,CHEESE CHDR MLD SLI INT .75 YL,11.0,132.0,512.17,59.874192840000006,Cheese
2,CHICKEN FAJ BRST STRIP CKD,10.0,100.0,512.0,45.359237,"Poultry (chicken, turkey)"
4,CARROT DICED 3/8,13.0,260.0,508.22,117.9340162,Root Vegetables
36,BUTTER SOLID UNSLTD USDA AA,4.0,144.0,502.36,65.31730128000001,Butter
48,BROWNIE CHOC CHIP GLUTEN FREE,9.0,94.5,499.95,42.864478965,"Wheat/Rye (Bread, pasta, baked goods)"
6,COCOA MIX ALEGRIA,5.0,52.5,494.05,23.813599425,Tree nuts and seeds
4,ONION GREEN ICELS,20.0,123.0,493.1,55.79186151,Onions and Leeks
4,BANANA PLANTAIN SLI SWEET,14.0,336.0,486.78,152.40703632,Bananas
1,ICE CREAM VAN,21.0,287.28,482.79,130.3080160536,Ice cream
10,SUSHI WRAP SEAWD RSTD NORI GRE,3.0,9.0,481.14,4.082331330000001,Rice
1,GRAIN SPCLTY KASHA,6.0,60.0,476.52,27.2155422,Grains/cereals (except rice)
4,JUICE ORANGE PSTRZD ULTRA PREM,10.0,350.0,466.8,158.7573295,Citrus Fruit
12,BREAD PITA 6,13.0,253.5,462.15,114.985665795,"Wheat/Rye (Bread, pasta, baked goods)"
4,APTZR APPLE CARMEL EMPANADA,9.0,42.12,462.06,19.1053106244,Apples
213,DOUGH COOKIE CHOC CHIP,7.0,147.0,461.51,66.67807839000001,"Wheat/Rye (Bread, pasta, baked goods)"
1,SOYBEAN WHOLE SHELLED EDAMAME,8.0,192.0,452.88,87.08973504000001,Soybeans/Tofu
3,SPICE ONION POWDER,0.0,55.0,448.45,24.947580350000003,Stimulants & Spices (misc.)
6,PEAR HVS CH EXTRA LS 30/35,6.0,238.5,448.44,108.181780245,Fruits (misc.)
8,CHEESE SWISS SLICE .75 OZ,8.0,96.0,442.88,43.54486752,Cheese
2,CHEESE FETA CRUMBLED,12.0,120.0,440.25,54.4310844,Cheese
4,OLIVE KALAMATA PTD PLAS KEG,4.0,68.0,437.44,30.84428116,Other vegetables
1,ONION YELLOW JUMBO BOX,17.0,850.0,436.34,385.5535145,Onions and Leeks
4,SHALLOT PEELED FRESH,4.0,80.0,432.88,36.2873896,Onions and Leeks
6,BREAD CRUMB PANKO GLUTEN FREE,6.0,90.0,430.74,40.8233133,"Wheat/Rye (Bread, pasta, baked goods)"
4,CHICKEN CVP BRST RDM HALAL,5.0,200.0,429.55,90.718474,"Poultry (chicken, turkey)"
48,DESSERT BAR BROOKIE GF,8.0,84.0,429.12,38.10175908,Sugars and sweeteners
2,SAUSAGE ANDOUILLE ROPE SMKD FZ,8.0,80.0,429.04,36.2873896,Pork (pig meat)
12,SUGAR BROWN LIGHT CANE,11.0,264.0,425.37,119.74838568,Sugars and sweeteners
6,APPLESAUCE FANCY UNSWEETENED,7.0,278.25,422.8,126.2120769525,Apples
1,MEATBALL BEEF WEDDIN SOUP 1/8Z,8.0,80.0,422.48,36.2873896,Beef & buffalo meat
48,AVOCADO HASS FRSH HLV INDW HPP,14.0,63.0,422.38,28.57631931,Fruits (misc.)
4,CAKE RED VELVET LYR 9,6.0,79.5,421.32,36.060593415,"Wheat/Rye (Bread, pasta, baked goods)"
2,PASTA NOODLE EGG WIDE,12.0,118.8,416.88,53.886773556,"Wheat/Rye (Bread, pasta, baked goods)"
160,SAUSAGE PORK PTY CKD MILD 1 OZ,9.0,90.0,414.39,40.8233133,Pork (pig meat)
2,MEAT ALTERNATE SEITAN STRIP,9.0,90.0,413.82,40.8233133,Soybeans/Tofu
6,POTATO SWEET TATER PUFF,9.0,135.0,412.02,61.23496995,Cassava and Other Roots
30,BEEF PATTY RR HALAL 75/25 FRZ,8.0,80.0,411.92,36.2873896,Beef & buffalo meat
6,VEGETABLE BLND FIESTA,12.0,180.0,410.4,81.6466266,Legumes (misc.)
6,PEPPER RED STRIPS FIRE RSTD,6.0,225.0,404.4,102.05828325,Stimulants & Spices (misc.)
6,PORK CARNITAS MEAT PRCK CAFE H,5.0,90.0,400.41,40.8233133,Pork (pig meat)
6,POTATO FRY 5/16,10.0,300.0,399.4,136.077711,Potatoes
213,DOUGH COOKIE CHOC CHIP M&M,6.0,125.4,395.58,56.88048319800001,"Wheat/Rye (Bread, pasta, baked goods)"
4,JUICE CRNBRY DRINK MINI PAC,2.0,64.0,392.96,29.02991168,Citrus Fruit
3,WATER FLAVOR MANGO 5+1,4.0,106.2,392.04,48.171509694,Fruits (misc.)
1,OKRA CUT GR A IQF,7.0,210.0,391.58,95.2543977,Vegetables (misc.)
6,FILLING PIE CHERRY,3.0,126.0,391.38,57.152638620000005,"Wheat/Rye (Bread, pasta, baked goods)"
6,TEA ASST REG BLEND 6 FLAVORS,19.0,21.28,388.55,9.6524456336,Stimulants
2,BERRY PERFECT IQF,7.0,70.0,385.98,31.751465900000003,Berries
2,BEEF SLICED PEPPERONI HALAL,6.0,60.0,384.66,27.2155422,Beef & buffalo meat
2,PASTA RIGATONI DRM WT SEM EN,14.0,280.0,381.92,127.0058636,"Wheat/Rye (Bread, pasta, baked goods)"
6,PINEAPPLE TIDBIT JCE FCY,6.0,234.3,379.69,106.276692291,Fruits (misc.)
4,PARSLEY CLN/WASH FRESH HERB,16.0,64.0,377.64,29.02991168,Grains/cereals (except rice)
24,SAUCE HOT,6.0,49.26,375.6,22.3439601462,Vegetable oils
24,PEPPER CHIPOTLE IN ADOBO SAUCE,7.0,70.0,369.04,31.751465900000003,Vegetable oils
6,TEA ASST HERB 6 FLAVORS,18.0,20.34,368.1,9.2260688058,Stimulants
1,POTATO FRESH FINGERLING MIXED,10.0,100.0,366.3,45.359237,Potatoes
2,MILK 2% SHELF STABLE,9.0,216.0,365.76,97.97595192,Milk (cow's milk)
24,COOKIE CHOC CHIP GLTN FR I/W,12.0,66.0,364.8,29.937096420000003,"Wheat/Rye (Bread, pasta, baked goods)"
4,BROWNIE CHOC BITES,4.0,54.0,361.76,24.49398798,"Wheat/Rye (Bread, pasta, baked goods)"
36,SALT SEA GRINDER,4.0,19.08,360.56,8.6545424196,Stimulants & Spices (misc.)
1,PLANTBASED MEATBALL VEGAN,6.0,60.0,358.56,27.2155422,Legumes (misc.)
12,JUICE CONC HIBISCUS JAMAICA,2.0,64.068,356.82,29.06075596116,Sugars and sweeteners
2,MANGO FRESH DICED,4.0,40.0,355.4,18.1436948,Fruits (misc.)
8,BUN HAMBURGER WHT S/TP 4IN SLI,8.0,144.0,354.72,65.31730128000001,Pork (pig meat)
2,PASTA CAVATAPPI DRM WT SEM ITL,13.0,260.0,354.64,117.9340162,"Wheat/Rye (Bread, pasta, baked goods)"
6,BEAN BUTTER,6.0,202.5,354.12,91.852454925,Butter
4,POTATO SWEET DICED 1 SK/OFF,10.0,200.0,352.68,90.718474,Cassava and Other Roots
6,LOBSTER MEAT SENSATIONS,3.0,36.0,352.11,16.329325320000002,Lamb/mutton & goat meat
4,SAUCE BBQ ORIGINAL,6.0,243.36,347.16,110.38623916320002,Vegetable oils
120,SPREAD CHOCOLATE HZLNT PC,12.0,49.2,346.8,22.316744604000004,Sugars and sweeteners
2,CHEESE MOZZ FRSH CILIENGINI,10.0,60.0,345.8,27.2155422,Cheese
1,STRAWBERRY WHOLE IQF,4.0,120.0,344.64,54.4310844,Berries
12,VEGETABLE BLEND CAPRI,8.0,192.0,342.64,87.08973504000001,Legumes (misc.)
3,CHEESE CUBE CHDR/SWISS/PEP JCK,6.0,90.0,341.82,40.8233133,Cheese
60,DOUGH ROLL CINNAMON CLASSIC,5.0,125.0,337.15,56.69904625,"Wheat/Rye (Bread, pasta, baked goods)"
4,CHEESE MOZZARELLA SHRD WHL MLK,5.0,105.0,336.28,47.62719885,Cheese
4,NOODLE SOBA,7.0,140.0,335.23,63.502931800000006,"Wheat/Rye (Bread, pasta, baked goods)"
12,JUICE PNAPL 100% ASEPTIC,5.0,190.0,332.35,86.1825503,Fruits (misc.)
1,PEA SNOW FRESH,10.0,100.0,331.6,45.359237,Peas
6,CANDY GUMMY GOLD BEARS,3.0,90.0,331.05,40.8233133,Sugars and sweeteners
30,KETCHUP SQUEEZE UPSIDE DOWN,5.0,187.5,328.6,85.048569375,Tomatoes
2,PASTA ZITI ENR DRM WHT SEM ITL,12.0,240.0,328.08,108.8621688,"Wheat/Rye (Bread, pasta, baked goods)"
6,BEAN CANNELLINI,7.0,288.75,327.74,130.9747968375,Beans and pulses (dried)
2,PASTA ORECCHIETTE E DRM WT SEM,12.0,240.0,327.36,108.8621688,"Wheat/Rye (Bread, pasta, baked goods)"
1,SQUASH ZUCCHINI MEDIUM FRESH,12.0,240.0,324.84,108.8621688,Other vegetables
1,FLOUR ALL PURP GLUTEN FREE,6.0,150.0,322.56,68.0388555,Grains/cereals (except rice)
4,CHICKEN CVP LEG QRTR SM HAL,8.0,320.0,320.48,145.14955840000002,"Poultry (chicken, turkey)"
8,PASTA PENNE RIGATE GLUTEN FREE,13.0,78.0,317.85,35.38020486,"Wheat/Rye (Bread, pasta, baked goods)"
2,CHEESE COTTAGE SMALL CURD 1%,12.0,120.0,316.54,54.4310844,Cheese
6,BEAN WHITE SM,6.0,240.0,316.32,108.8621688,Beans and pulses (dried)
72,WAFFLE BELGIAN 4 IN,7.0,73.15,313.25,33.18028186550001,"Wheat/Rye (Bread, pasta, baked goods)"
1,PASTA ORZO BRONZE,10.0,100.0,312.7,45.359237,"Wheat/Rye (Bread, pasta, baked goods)"
1,SNAPPER RED FRZN 8-10,3.0,30.0,311.7,13.6077711,Fish (finfish)
1,CABBAGE GREEN FRSH LARGE,10.0,500.0,308.2,226.796185,Cabbages and other Brassicas (Broccoli)
2,CHEESE SPREAD GARLIC HERB ORIG,6.0,26.4,307.2,11.974838568,Cheese
1,BANANA SLICE IQF,13.0,260.0,304.72,117.9340162,Bananas
4,BANANA PLANTAIN FRZN SWEET SLI,9.0,216.0,303.66,97.97595192,Bananas
18,CAKE CHOC GANACHE BRWN & CHSCK,4.0,29.24,299.08,13.2630408988,"Wheat/Rye (Bread, pasta, baked goods)"
3,WATER FLAVOR STRWBRY KIWI 5+1,3.0,79.65,298.98,36.128632270500006,Uncategorized
12,SUCCOTASH GR A P,5.0,141.75,297.15,64.2967184475,Grains/cereals (except rice)
2,BATTER MUFFIN CORN,6.0,96.0,294.9,43.54486752,"Wheat/Rye (Bread, pasta, baked goods)"
6,TORTILLA CORN WHITE 4.5 IN,14.0,175.0,294.68,79.37866475,Corn (Maize)
1,RICE JASMINE,8.0,197.6,294.08,89.629852312,Rice
4,MILK WHL GALLON,11.0,378.4,293.04,171.639352808,Milk (cow's milk)
4,CHEESE COTIJA POLVO,1.0,45.0,291.86,20.41165665,Cheese
6,EGG WHITE SUPER WHIP,3.0,90.0,290.64,40.8233133,Eggs
8,CHEESE PEPPER JACK SLI .75OZ,6.0,72.0,288.78,32.658650640000005,Cheese
1,FENNEL ANISE BUNCH FRSH,12.0,132.0,288.65,59.874192840000006,"Wheat/Rye (Bread, pasta, baked goods)"
1,RICE BASMATI,5.0,200.0,288.45,90.718474,Rice
6,GRAIN SPECIALTY BULGUR WHEAT,7.0,84.0,287.28,38.10175908,Grains/cereals (except rice)
4,CABBAGE GREEN SHRD FRSH W/BAG,11.0,230.0,286.46,104.3262451,Cabbages and other Brassicas (Broccoli)
4,CEREAL SPECIAL K W/RED BERRIES,3.0,33.0,283.35,14.968548210000002,Grains/cereals (except rice)
2,MEAT ALTERNATE SEITAN BULK FRZ,6.0,60.0,282.78,27.2155422,Soybeans/Tofu
24,CORN STARCH,7.0,168.0,282.45,76.20351816,Corn (Maize)
2,PASTA PENNE RIGATE MINI,6.0,118.2,281.28,53.614618134,"Wheat/Rye (Bread, pasta, baked goods)"
1,BASIL FRESH,15.0,30.0,280.03,13.6077711,Stimulants & Spices (misc.)
2,DESSERT TIRAMISU TRAY,3.0,28.125,279.6,12.75728540625,Sugars and sweeteners
8,STRAWBERRY FRESH DRISCOLL,7.0,56.0,277.67,25.40117272,Berries
2,SAUCE PESTO NO NUT,9.0,36.0,276.93,16.329325320000002,Vegetable oils
24,SYRUP CHOCOLATE SQUEEZE BOTTLE,3.0,111.0,276.93,50.34875307,Sugars and sweeteners
3,SPICE CHILI PWDR LIGHT,0.0,48.0,276.67,21.77243376,Stimulants
6,TOMATO STEWED FANCY CA,5.0,193.125,276.3,87.60002645625,Tomatoes
1,ICE CREAM STWBRY,12.0,164.16,275.88,74.4617234592,Ice cream
1,ICE CREAM CHOC,12.0,166.2,275.88,75.387051894,Ice cream
1,RICE BASMATI WHITE,7.0,172.9,275.52,78.42612077300001,Rice
160,SAUSAGE PORK LNK A/C RAW MAPLE,6.0,60.0,274.44,27.2155422,Pork (pig meat)
120,COOKIE SANDWICH OREO 1.59 OZ,5.0,59.4,274.3,26.943386778,"Wheat/Rye (Bread, pasta, baked goods)"
12,JUICE LEMON,14.0,375.2,273.56,170.187857224,Citrus Fruit
6,HASH CORNED BEEF,2.0,84.0,272.42,38.10175908,Beef & buffalo meat
2,PASTA ROTINI PLAIN ITA,8.0,160.0,270.08,72.57477920000001,"Wheat/Rye (Bread, pasta, baked goods)"
30,TURKEY BURGER ALL AM  GRL 5.33,8.0,80.0,267.2,36.2873896,"Poultry (chicken, turkey)"
2,BATTER MUFFIN CHOC CHIP,6.0,96.0,266.28,43.54486752,"Wheat/Rye (Bread, pasta, baked goods)"
6,PEPPER RED DICED FCY,3.0,126.9,265.61,57.56087175300001,Stimulants & Spices (misc.)
6,KALE CHOPPED,9.0,108.0,263.97,48.98797596,Cabbages and other Brassicas (Broccoli)
2,TURKEY GROUND 85/15,7.0,140.0,263.85,63.502931800000006,"Poultry (chicken, turkey)"
12,TORTILLA FLOUR PRESS 10 IN,10.0,225.0,263.3,102.05828325,Grains/cereals (except rice)
4,NOODLE LO MEIN,6.0,120.0,263.16,54.4310844,"Wheat/Rye (Bread, pasta, baked goods)"
6,SPICE CUMIN GRND,0.0,35.0,261.6,15.875732950000002,Stimulants & Spices (misc.)
12,JUICE LIME,12.0,288.0,261.22,130.63460256000002,Citrus Fruit
3,MANGO DICED,6.0,90.0,260.88,40.8233133,Fruits (misc.)
120,POTATO HASH BRN GLDN PTY,6.0,101.25,260.34,45.9262274625,Potatoes
3,SPICE PEPPER BLK GRND,1.0,24.5,259.88,11.113013065,Stimulants & Spices (misc.)
2,POTATO DICED CKD RSST SKLS MED,10.0,200.0,259.1,90.718474,Potatoes
4,GRAIN SPECIALTY FARRO SEMIPRLD,6.0,72.0,258.72,32.658650640000005,Grains/cereals (except rice)
4,CEREAL COCOA PUFFS BULKPAK,4.0,42.2,255.68,19.141598014000003,Grains/cereals (except rice)
2,TILAPIA FILET BLSL IQF 3-5 OZ,6.0,60.0,253.98,27.2155422,Fish (finfish)
32,CHEESECAKE UBE IND,3.0,24.18,253.14,10.9678635066,Cheese
2,SAUSAGE CHORIZO VEGAN BULK,4.0,40.0,252.88,18.1436948,Legumes (misc.)
6,MILK SOY UNSWTND ORGANIC,9.0,234.0,250.47,106.14061458,Soy milk
1,POTATO YELLOW FINGERLING FRESH,5.0,105.0,246.85,47.62719885,Potatoes
6,TOPPING PINEAPPLE CRUSHED,3.0,69.0,245.55,31.29787353,Fruits (misc.)
1,PINEAPPLE CHUNK IQF,7.0,140.0,244.82,63.502931800000006,Fruits (misc.)
4,SWEETENER AGAVE NECTAR LT ORG,4.0,46.0,243.68,20.86524902,Sugars and sweeteners
12,TORTILLA FLOUR PRESSED 10 IN,5.0,112.5,243.35,51.029141625,Grains/cereals (except rice)
1,RAISIN SEEDLESS GOLDEN,7.0,70.0,243.11,31.751465900000003,Fruits (misc.)
213,DOUGH COOKIE SUGAR GOURM,4.0,82.0,243.04,37.19457434,"Wheat/Rye (Bread, pasta, baked goods)"
2,DOUGH TURNOVER APPLE 3 OZ,4.0,60.0,242.46,27.2155422,"Wheat/Rye (Bread, pasta, baked goods)"
1,TOMATO SUNDRIED JULENNE,11.0,55.0,242.22,24.947580350000003,Tomatoes
12,MIX COCKTAIL CREAM OF COCONUT,2.0,71.8,241.1,32.567932166,Cream
200,SUNFLOWER SEED SUNBUTTER,3.0,61.5,240.0,27.895930755,Butter
1,COUSCOUS INTL,5.0,50.0,238.75,22.6796185,"Wheat/Rye (Bread, pasta, baked goods)"
4,NOODLE YAKISOBA JAPNSE FZ,7.0,140.0,238.35,63.502931800000006,"Wheat/Rye (Bread, pasta, baked goods)"
4,VINEGAR RICE WINE SEAS 4.5%,3.0,96.0,238.08,43.54486752,Rice
1,BANANA PLANTAIN GREEN,7.0,350.0,235.62,158.7573295,Bananas
1,POTATO YELLOW YUKON GOLD B SZ,15.0,750.0,235.35,340.1942775,Potatoes
32,BURGER VEG BEYOND PATTY,2.0,24.0,233.02,10.88621688,"Wheat/Rye (Bread, pasta, baked goods)"
1,ONION RED MEDIUM BOX,10.0,250.0,229.62,113.3980925,Onions and Leeks
50,SAUSAGE VEGETARIAN ITAL SWT,2.0,22.0,229.48,9.97903214,Legumes (misc.)
50,SAUSAGE VEGETARIAN ORIG BRAT,2.0,20.0,229.22,9.0718474,Legumes (misc.)
6,PEA BLACKEYE,6.0,249.78,228.9,113.2983021786,Peas
6,CHEESE CUBE SWISS/CHED/PPR JCK,5.0,60.0,226.8,27.2155422,Cheese
2,HUSHPUPPY BUTTERMILK HOMESTYLE,11.0,110.0,226.71,49.895160700000005,Yogurt
12,BLUEBERRY FRESH,4.0,51.0,226.41,23.133210870000003,Berries
1,ASPARAGUS FRESH LARGE,5.0,55.0,226.15,24.947580350000003,Other vegetables
1,CABBAGE NAPA CHINESE FRESH,5.0,150.0,226.05,68.0388555,Cabbages and other Brassicas (Broccoli)
4,DRESSING CAESAR CLS,3.0,96.24,224.91,43.6537296888,Vegetable oils
2,PASTA MACARONI ELBOW LRG RIDGD,5.0,100.0,224.55,45.359237,"Wheat/Rye (Bread, pasta, baked goods)"
6,SAUCE HOISIN,4.0,141.8,222.44,64.319398066,Vegetable oils
4,CEREAL CAP N CRUNCH,5.0,45.3,222.43,20.547734361,Grains/cereals (except rice)
4,CEREAL TRIX BULKPAK,4.0,32.0,220.32,14.51495584,Grains/cereals (except rice)
1,ORANGE FANCY FRESH,6.0,240.0,220.08,108.8621688,Citrus Fruit
216,DOUGH COOKIE SMORES,3.0,60.75,218.55,27.5557364775,"Wheat/Rye (Bread, pasta, baked goods)"
1,CHICKEN CVP MIXED DRM&THGH FZ,6.0,240.0,218.16,108.8621688,"Poultry (chicken, turkey)"
1,ICE CREAM BUTR CRUN,9.0,126.0,217.35,57.152638620000005,Ice cream
4,LETTUCE ROMAINE ITAL BLEND,6.0,60.0,215.64,27.2155422,Cabbages and other Brassicas (Broccoli)
4,GIARDINIERA MILD TNGY FNE CUT,3.0,99.0,211.56,44.905644630000005,Other vegetables
4,MAYONNAISE XHV,4.0,124.0,211.12,56.24545388,Vegetable oils
12,CANDY MINT CREME DE MENTHE,2.0,33.2,210.98,15.059266684000002,Sugars and sweeteners
6,CAPER NONPAREIL IMPORTED,5.0,92.5,210.7,41.957294225000005,Sugars and sweeteners
6,LETTUCE ROMAINE CHOP,6.0,72.0,210.12,32.658650640000005,Cabbages and other Brassicas (Broccoli)
4,SYRUP MAPLE 55% BLEND,0.0,42.549,209.48,19.29990175113,Sugars and sweeteners
6,BEAN GREAT NORTHERN,5.0,230.0,209.25,104.3262451,Beans and pulses (dried)
200,PEANUT BUTTER CREAMY CUP,4.0,37.5,207.51,17.009713875,Cream
2,PASTA RADIATORE,5.0,100.0,206.95,45.359237,"Wheat/Rye (Bread, pasta, baked goods)"
4,ONION RED FRSH SLICED 1/8,3.0,60.0,206.49,27.2155422,Onions and Leeks
4,CAKE LYR COCONT RND 9,3.0,41.25,206.04,18.7106852625,"Wheat/Rye (Bread, pasta, baked goods)"
120,EGG PATTY BAKED PLANT BASED,2.0,30.0,206.02,13.6077711,Eggs
216,DOUGH COOKIE RED VELVET,3.0,60.75,205.62,27.5557364775,"Wheat/Rye (Bread, pasta, baked goods)"
3,WATER FLAVOR WTRMLN 5+1,2.0,39.82,205.46,18.0620481734,Uncategorized
72,TOAST FRENCH HT&SRV THICK 3/4,4.0,46.8,204.96,21.228122916,"Wheat/Rye (Bread, pasta, baked goods)"
6,BEAN KIDNEY WHITE,5.0,202.5,204.35,91.852454925,Beans and pulses (dried)
20,BROCCOLI RABE ICELESS,4.0,80.0,203.96,36.2873896,Cabbages and other Brassicas (Broccoli)
8,BREAD TEXAS TOAST YELLOW 3/4SL,7.0,84.0,202.81,38.10175908,"Wheat/Rye (Bread, pasta, baked goods)"
1,HONEY PURE HOT JUG,2.0,16.68,198.5,7.5659207316,Sugars and sweeteners
1,PEPPER RED LONG DUTCH CHILI,3.0,21.0,194.88,9.52543977,Stimulants
6,PEPPER CHILI GREEN DICED,2.0,75.0,194.46,34.01942775,Stimulants
6,POTATO FRY STEAK,5.0,150.0,193.05,68.0388555,Potatoes
6,JUICE POMEGRANATE 100% FRSH,6.0,54.0,190.74,24.49398798,Fruits (misc.)
4,SAUCE ENCHILADA AUTHENTIC,3.0,101.25,190.23,45.9262274625,Vegetable oils
6,TUNA LIGHT SKIPJACK POUCH PACK,2.0,33.4,188.9,15.149985158,Fish (finfish)
6,KETCHUP FANCY,4.0,169.12,188.68,76.7115416144,Tomatoes
4,GIARDINIERA GREEK,6.0,192.0,187.74,87.08973504000001,Other vegetables
6,MILK EVAPORATED,3.0,135.6,186.42,61.507125372,Milk (cow's milk)
6,CHESTNUT WATER SLICED,2.0,76.0,184.16,34.47302012,Peanuts/groundnuts
2,PASTA ROTINI/SPIRAL,4.0,75.8,182.88,34.382301646,"Wheat/Rye (Bread, pasta, baked goods)"
213,DOUGH COOKIE OATMEAL RAISIN,3.0,60.0,182.28,27.2155422,"Wheat/Rye (Bread, pasta, baked goods)"
1,SPROUT BEAN FRESH,7.0,70.0,181.44,31.751465900000003,Beans and pulses (dried)
24,PEA PIGEON GREEN (GANDULES),5.0,119.85,180.65,54.3630455445,Peas
6,SPICE TURMERIC GROUND,0.0,11.729,179.96,5.32018490773,Stimulants & Spices (misc.)
6,BREAD LOAF MGRN GFR SLC,3.0,27.0,179.85,12.24699399,"Wheat/Rye (Bread, pasta, baked goods)"
1,CHEESE CREAM NON DAIRY,2.0,60.0,179.2,27.2155422,Soybeans/Tofu
6,SPICE CORIANDER GRND,0.0,11.7,177.97,5.307030729,Stimulants & Spices (misc.)
1,PINEAPPLE FRESH GOLDEN RIPE,7.0,84.0,177.03,38.10175908,Fruits (misc.)
4,SOFT SERVE MIX WATERMELON,2.0,36.0,175.96,16.329325320000002,Ice cream
4,SOFT SERVE MIX LMN,2.0,35.2,175.84,15.966451424000002,Ice cream
4,SOFT SERVE MIX LIME,2.0,36.8,175.5,16.692199216,Ice cream
3,SPICE THYME LEAVES WHL,0.0,6.0,175.24,2.72155422,Vegetables (misc.)
5,TOAST FRENCH STICK HT&SRV,5.0,50.0,174.85,22.6796185,"Wheat/Rye (Bread, pasta, baked goods)"
8,CHEESE VEGAN CHED SLI,3.0,36.0,174.48,16.329325320000002,Soybeans/Tofu
4,SOFT SERVE MIX RASP,2.0,37.0,172.62,16.78291769,Ice cream
4,SOFT SERVE MIX MANGO,2.0,36.0,172.4,16.329325320000002,Ice cream
4,MIX SOFTSERVE STWBRY,2.0,36.0,172.1,16.329325320000002,Ice cream
6,CEREAL TOASTED CINN TWIST,3.0,36.0,171.69,16.329325320000002,Grains/cereals (except rice)
6,MILK ALMOND UNSWT,7.0,176.19,171.15,79.9184396703,Almond milk
6,CHEESE PIZZA BLND MOZZ/PROV WM,2.0,60.0,169.94,27.2155422,Cheese
1,VEGETABLE MIX 4WAY,4.0,120.0,169.76,54.4310844,Legumes (misc.)
6,PIE BOSTON CRM 10 T&S,3.0,37.125,169.62,16.83961673625,"Wheat/Rye (Bread, pasta, baked goods)"
12,RASPBERRY RED FRESH,3.0,21.6,168.54,9.797595192,Berries
4,SAUCE TZATZIKI SOUR CREAM,4.0,60.0,167.88,27.2155422,Vegetable oils
6,FILLING PIE APPLE,2.0,92.2,166.02,41.82121651400001,"Wheat/Rye (Bread, pasta, baked goods)"
1,TOPPING WHPD BASE,2.0,60.0,165.64,27.2155422,Vegetable oils
4,SALAMI GENOA SLICED .33OZ,3.0,30.0,165.61,13.6077711,Pork (pig meat)
6,OLIVE BLACK RIPE SLICED,2.0,41.2,165.32,18.688005644000004,Other vegetables
6,BREAD CRUMB SEASONED MED,3.0,87.0,165.27,39.46253619,"Wheat/Rye (Bread, pasta, baked goods)"
4,PIE BANANA WHIP CRM T&S 10,3.0,33.75,164.7,15.3087424875,"Wheat/Rye (Bread, pasta, baked goods)"
1,SQUASH YELLOW S/N MEDIUM FRESH,6.0,144.0,163.03,65.31730128000001,Fruits (misc.)
2,CAKE TRES LECHE,2.0,22.16,162.82,10.0516069192,"Wheat/Rye (Bread, pasta, baked goods)"
4,CEREAL FROSTED FLAKES,3.0,34.5,160.92,15.648936765,Grains/cereals (except rice)
1,ICE CREAM CHOC CHP CKIE DOUGH,5.0,69.0,158.15,31.29787353,Ice cream
3,MILK SWEETENED CONDENSED POUCH,2.0,50.0,157.58,22.6796185,Milk (cow's milk)
1,LIME FRESH,3.0,120.0,156.03,54.4310844,Citrus Fruit
720,BUTTER CUP USDA AA,4.0,32.0,155.36,14.51495584,Butter
60,DRESSING RANCH PACKET,7.0,39.34,152.04,17.8443238358,Vegetable oils
6,OIL TRUFFLE BLK,2.0,10.0,144.4,4.535923700000001,Vegetable oils
5,COCONUT SHRED MED SWT,4.0,40.0,143.36,18.1436948,Tree nuts and seeds
1,BEAN LENTIL DRIED,5.0,100.0,143.05,45.359237,Beans and pulses (dried)
6,PIE CHERRY LATTC T&S 10,2.0,28.5,142.94,12.927382545,"Wheat/Rye (Bread, pasta, baked goods)"
1,ICE CREAM MINT CHOC CHIP,5.0,68.4,141.75,31.025718108000003,Ice cream
12,PASTE CHILI GOCHUJANG,2.0,26.0,141.28,11.79340162,Stimulants
6,LETTUCE ROMAINE SHREDDED 3/8,4.0,48.0,140.08,21.77243376,Cabbages and other Brassicas (Broccoli)
6,SEASONING CAJUN,0.0,8.108,139.02,3.67772693596,Stimulants & Spices (misc.)
12,PUDDING MIX VANILLA INST,2.0,42.0,137.8,19.05087954,Sugars and sweeteners
6,PIE STRAWBERRY CRM T&S 10,3.0,30.375,137.28,13.77786823875,"Wheat/Rye (Bread, pasta, baked goods)"
12,SAUCE PEPPER HARISSA HOT,2.0,30.0,137.0,13.6077711,Vegetable oils
2,BACON TURKEY SLI SMK BULK,3.0,30.0,133.68,13.6077711,"Poultry (chicken, turkey)"
1,TOMATILLO FRESH DEHUSKED,3.0,60.0,132.66,27.2155422,Other vegetables
1,SPRINKLE RAINBOW,5.0,50.0,132.61,22.6796185,Sugars and sweeteners
2,BATTER MUFFIN CRANBERRY-ORANGE,3.0,48.0,132.12,21.77243376,"Wheat/Rye (Bread, pasta, baked goods)"
12,POTATO H/BRN PTY 2.25 OZ,2.0,67.5,132.12,30.617484975,Potatoes
1,GRAIN SPCLTY WHEATBERRIES,4.0,40.0,131.32,18.1436948,Grains/cereals (except rice)
216,WAFFLE STIX,2.0,22.4,130.78,10.160469088,"Wheat/Rye (Bread, pasta, baked goods)"
6,CAKE ANGEL FOOD,3.0,24.75,130.62,11.2264111575,"Wheat/Rye (Bread, pasta, baked goods)"
150,CRACKER OYSTER NEW ENGLAND,7.0,32.83,130.27,14.8914375071,"Wheat/Rye (Bread, pasta, baked goods)"
4,CHERRY MARA STEM LG PLAS,1.0,37.5,129.6,17.009713875,Fruits (misc.)
4,DRESSING BUTTERMILK RANCH,2.0,64.8,128.1,29.392785576,Yogurt
6,PIE APPLE LATTC PRE-SLICED,2.0,25.5,127.94,11.566605435,"Wheat/Rye (Bread, pasta, baked goods)"
1,COCOA PWDR NAT 10-13%FAT,1.0,25.0,127.75,11.33980925,Tree nuts and seeds
600,MARGARINE SOFT BUTRY SPREAD,4.0,26.8,126.04,12.156275516,Butter
1,CRANBERRY DRIED CRAISINS,4.0,40.0,125.8,18.1436948,Fruits (misc.)
24,SAUCE HOT GREEN PPR,2.0,16.5,125.32,7.484274105000001,Vegetable oils
6,SPICE GINGER GRND,0.0,5.467,124.25,2.47978948679,Stimulants & Spices (misc.)
24,TORTILLA FLOUR PRESSED 6 IN,3.0,56.25,123.99,25.5145708125,Grains/cereals (except rice)
2,PASTA PENNE RIGATE HVY WALL,3.0,60.0,123.99,27.2155422,"Wheat/Rye (Bread, pasta, baked goods)"
1,APRICOT DRIED MEDITERRANEAN,2.0,10.0,121.28,4.535923700000001,Fruits (misc.)
4,SAUCE THAI CHILI,2.0,40.0,121.16,18.1436948,Vegetable oils
6,BEAN REFRIED VEGETARIAN,2.0,84.0,120.58,38.10175908,Beans and pulses (dried)
1,LEMON CHOICE FRESH,3.0,120.0,119.06,54.4310844,Citrus Fruit
6,GRAIN BLEND 5 WAY,2.0,30.0,118.82,13.6077711,Grains/cereals (except rice)
12,SAUCE CHILI SWEET THAI,3.0,72.0,116.37,32.658650640000005,Vegetable oils
4,DRESSING ITALIAN GOLDEN,2.0,69.84,115.96,31.678891120800003,Vegetable oils
6,PIE APPLE LATTC T&S 10,2.0,28.5,113.52,12.927382545,"Wheat/Rye (Bread, pasta, baked goods)"
4,HAM HONEY SMK SLI .67OZ,2.0,20.0,112.14,9.0718474,Pork (pig meat)
2,VINEGAR BALSAMIC ITALY,3.0,66.0,110.76,29.937096420000003,Stimulants
1,CHEESE MANCHEGO 3 MONTHS AGED,1.0,7.16,109.68,3.2477213692,Cheese
5,CHEESE CHEDDAR SHRD VEGAN,2.0,20.0,109.36,9.0718474,Soybeans/Tofu
320,CREAM PUFF VAN BULK PAC,2.0,16.0,108.58,7.25747792,Cream
2,PEPPERONI SLICED CUPPING GF,1.0,25.0,108.08,11.33980925,Pork (pig meat)
6,BEAN BAKED VEGETARIAN,2.0,89.74,107.98,40.7053792838,Beans and pulses (dried)
1,ICE CREAM COFFEE,4.0,54.72,106.4,24.8205744864,Ice cream
5,PASTA GNOCCHI,3.0,33.0,105.87,14.968548210000002,"Wheat/Rye (Bread, pasta, baked goods)"
2,BATTER MUFFIN BLUEBERRY,2.0,32.0,105.4,14.51495584,"Wheat/Rye (Bread, pasta, baked goods)"
6,PIE LEMON MERNGE T&S 10,2.0,27.0,105.38,12.24699399,"Wheat/Rye (Bread, pasta, baked goods)"
24,TORTILLA FLOUR PRSSD 6 IN,4.0,78.0,105.32,35.38020486,Grains/cereals (except rice)
12,MUSTARD YELLOW SQZ CLS,5.0,46.0,104.9,20.86524902,Tree nuts and seeds
1,CELERY FRESH,3.0,166.05,104.44,75.3190130385,Other vegetables
6,PIE PUMPKIN T&S 10,2.0,32.25,103.82,14.6283539325,"Wheat/Rye (Bread, pasta, baked goods)"
6,MILK ALMOND VANILLA,5.0,120.0,103.35,54.4310844,Almond milk
1,BLUEBERRY CULT IQF,2.0,60.0,102.3,27.2155422,Berries
12,VINEGAR BALSAMIC ITALY,3.0,37.8,102.14,17.145791585999998,Stimulants
12,PEA GREEN P,2.0,60.0,102.04,27.2155422,Peas
6,BAMBOO SHOOT STRIP,2.0,78.0,101.38,35.38020486,Other vegetables
12,SPINACH CHOPPED IQF,2.0,48.3,101.34,21.908511471,Cabbages and other Brassicas (Broccoli)
1,BARLEY PEARLED DRIED,4.0,80.0,100.74,36.2873896,"Wheat/Rye (Bread, pasta, baked goods)"
6,SAUCE CHEESE ULT YEL POUCH,1.0,39.75,100.64,18.0302967075,Cheese
2,PASTA SPAGHETTI 10 IN,3.0,62.7,100.41,28.440241599000004,"Wheat/Rye (Bread, pasta, baked goods)"
2,CHEESE VEGAN MOZZ SHRED,2.0,20.0,99.88,9.0718474,Soybeans/Tofu
6,SPICE OREGANO LEAF,0.0,18.0,99.56,8.164662660000001,Stimulants & Spices (misc.)
60,DRESSING HONEY MUSTARD PKT,5.0,28.15,99.53,12.7686252155,Tree nuts and seeds
30,NOODLE RICE STICK PAD THAI,1.0,26.0,99.36,11.79340162,"Wheat/Rye (Bread, pasta, baked goods)"
2,CHERRY RED TART PTD IQF GRA,4.0,40.0,99.0,18.1436948,Fruits (misc.)
4,PEPPER BANANA SLI/VINGR,2.0,64.0,98.62,29.02991168,Bananas
4,CEREAL CHEERIOS GLTN FR BLKPK,2.0,18.2,98.24,8.255381134,Grains/cereals (except rice)
4,POLENTA CORN MEAL YELLOW MED,2.0,40.0,96.42,18.1436948,Corn (Maize)
2,SOUP VEGETARIAN 3 BEAN W/CHILI,2.0,32.0,95.8,14.51495584,Beans and pulses (dried)
1,EGG SHELL LRG BRN A CAGE FREE,2.0,45.0,95.4,20.41165665,Eggs
4,LETTUCE SHREDDED 1/8 IN FRESH,3.0,75.0,94.85,34.01942775,Cabbages and other Brassicas (Broccoli)
1,CANDY MINT STARLIGHT POUCH PPM,1.0,30.0,94.62,13.6077711,Sugars and sweeteners
4,CABBAGE RED SHRED 1/8,3.0,60.45,94.47,27.419658766500003,Cabbages and other Brassicas (Broccoli)
1,GINGER ROOT FRESH,2.0,60.0,93.24,27.2155422,Roots and Tubers
12,CHEESE BOURSIN HERB FRENCH,2.0,7.8,93.16,3.538020486,Cheese
6,SEASONING ITALIAN,0.0,4.5,92.52,2.0411656650000003,Stimulants & Spices (misc.)
4,FILLING PIE STRAWBERRY,1.0,30.5,92.31,13.834567285,"Wheat/Rye (Bread, pasta, baked goods)"
4,SYRUP VANILLA PL BTL NONGMO,2.0,32.725,92.14,14.84381030825,Sugars and sweeteners
1000,CANDY MINT BUTR USA FLAG,2.0,16.0,92.02,7.25747792,Sugars and sweeteners
4,SAUCE WING SWT TERIYAKI,2.0,41.448,91.68,18.80049655176,Vegetable oils
1,BROCCOLI RABE RAPINI FRSH,2.0,40.0,91.26,18.1436948,Cabbages and other Brassicas (Broccoli)
6,SPICE PEPPER WHT GRND,0.0,5.625,91.0,2.55145708125,Stimulants & Spices (misc.)
4,SYRUP COFFEE CARAMEL US,2.0,22.434,90.86,10.17589122858,Sugars and sweeteners
4,BEEF ROAST TOP RND SLI C/O,1.0,10.0,90.83,4.535923700000001,Beef & buffalo meat
12,COOKIE VANILLA WAFR,3.0,24.75,90.18,11.2264111575,"Wheat/Rye (Bread, pasta, baked goods)"
6,NECTAR GUAVA,2.0,38.8,89.48,17.599383956,Fruits (misc.)
3,SEASONING CAJUN,0.0,6.5,89.06,2.948350405,Stimulants & Spices (misc.)
2,SAUCE CHIPOTLE ANCHO SANDWICH,2.0,34.66,88.2,15.721511544199998,Vegetable oils
4,SYRUP TEA CHAI,2.0,14.678,88.06,6.65782880686,Sugars and sweeteners
1,SUPPLY SOTF JANSAN,1.0,6.0,87.92,2.72155422,Uncategorized
1,PICKLE CHIP DILL KO RE KK 5/16,2.0,91.2,87.28,41.367624144,"Wheat/Rye (Bread, pasta, baked goods)"
6,PEA BLACKEYE,2.0,81.0,87.16,36.74098197,Peas
1,MUSHROOM SHIITAKE LRG SLI 3/16,3.0,9.0,86.7,4.082331330000001,Vegetables (misc.)
1,ICE CREAM COOKIES & CRM,3.0,49.608,85.05,22.50181029096,Ice cream
6,CORN BABY WHL CUT,3.0,126.0,84.81,57.152638620000005,Corn (Maize)
6,SPICE CUMIN SEED WH,0.0,4.0,84.0,1.81436948,Tree nuts and seeds
60,DRESSING ITALIAN CREAMY PACKET,5.0,28.15,83.8,12.7686252155,Vegetable oils
6,MILK COCONUT ORIG ESL,3.0,76.53,83.58,34.713424076100004,Tree nuts and seeds
2,PASTA PENNE RIGAT D/W SEM,3.0,60.0,81.84,27.2155422,"Wheat/Rye (Bread, pasta, baked goods)"
3,SPICE PAPRIKA DOM GRND,0.0,13.5,81.81,6.123496995,Stimulants & Spices (misc.)
8,CONE CAKE #22 CUP DSPNSR,1.0,11.29,81.68,5.1210578573,"Wheat/Rye (Bread, pasta, baked goods)"
2,PASTA MACARONI ELBOW SMOOTH,2.0,40.0,81.04,18.1436948,"Wheat/Rye (Bread, pasta, baked goods)"
10,TORTILLA STRIP TRICOLOR FRIED,2.0,20.0,80.8,9.0718474,"Wheat/Rye (Bread, pasta, baked goods)"
8,CREAM WHIPPING NON DAIRY,2.0,35.62,79.9,16.1569602194,Cream
4,VINEGAR DISTILLED WHITE 4%,4.0,148.0,79.32,67.13167076,Stimulants
1,SPICE PEPPER RED CRUSHED,0.0,2.665,79.0,1.20882366605,Stimulants & Spices (misc.)
15,SEASONING SAZON CORNDR ANNATTO,1.0,5.94,77.69,2.6943386778,Corn (Maize)
128,DOUGH COOKIE WHT CHOC CRNBRY,1.0,20.0,77.01,9.0718474,"Wheat/Rye (Bread, pasta, baked goods)"
6,VINEGAR RED WINE,3.0,36.78,76.83,16.6831273686,Stimulants
12,MARSHMALLOW MINI WHITE,2.0,26.1,76.3,11.838760857,Sugars and sweeteners
6,PEACH YC DICED CH PEAR JUICE,1.0,38.7,76.18,17.554024719,Fruits (misc.)
24,SUGAR CONFECTIONER 10X CANE,2.0,53.4,76.18,24.221832558,Sugars and sweeteners
4,POTATO SWEET DICED 3/8 SK/OFF,2.0,40.0,74.36,18.1436948,Cassava and Other Roots
1,CARROT FRESH JUMBO,3.0,150.0,74.31,68.0388555,Root Vegetables
6,WINE COOKING MIRIN AJI MANJO,1.0,22.5,73.87,10.205828325,Stimulants
6,TOPPING CARAMEL,1.0,21.0,72.72,9.52543977,Vegetable oils
4,DRESSING CAESAR CRMY,1.0,33.5,72.72,15.195344395,Vegetable oils
6,MILK ALMOND DARK CHOC,3.0,76.5,72.7,34.699816305,Almond milk
1,LEEK FRESH HOLLAND,2.0,22.0,72.64,9.97903214,Onions and Leeks
6,PINEAPPLE TIDBIT JCE,1.0,45.7,72.31,20.729171309,Fruits (misc.)
1,BASIL FRESH THAI HERB,6.0,6.0,72.06,2.72155422,Stimulants & Spices (misc.)
3,FRUIT LEMON ZEST GRANULATED,1.0,6.6,71.78,2.993709642,Fruits (misc.)
6,COOKIE GINGER SNAP,2.0,12.0,71.32,5.4431084400000005,"Wheat/Rye (Bread, pasta, baked goods)"
2,ICING RTU VAN FUDGE,1.0,22.0,70.4,9.97903214,Sugars and sweeteners
1,ONION RED JUMBO BOX,3.0,75.0,70.09,34.01942775,Onions and Leeks
6,MARSHMALLOW FLUFFY,1.0,29.0,69.36,13.15417873,Sugars and sweeteners
8,CORN MEAL YEL,2.0,80.0,69.36,36.2873896,Corn (Maize)
4,SPREAD FRUIT FIG,1.0,14.12,67.86,6.4047242643999995,Fruits (misc.)
1,PICKLE DILL CHIP KK 1/4IN,2.0,91.0,67.74,41.276905670000005,"Wheat/Rye (Bread, pasta, baked goods)"
24,CRACKER TABLE WATER BULK PACK,1.0,6.3,67.69,2.857631931,"Wheat/Rye (Bread, pasta, baked goods)"
4,SOUP BASE CHICKEN LIQ CONC,1.0,11.5,67.4,5.216312255,"Poultry (chicken, turkey)"
1,RADISH RED FRSH,4.0,20.0,67.04,9.0718474,Root Vegetables
1200,SUGAR TURBINADO PACKET CANE,2.0,23.0,66.94,10.43262451,Sugars and sweeteners
4,CEREAL LUCKY CHARM GLTN FR BLK,1.0,9.0,66.87,4.082331330000001,Grains/cereals (except rice)
12,SEASONING ALL PURP ADOBO W/PPR,1.0,21.0,66.69,9.52543977,Stimulants & Spices (misc.)
3,SPICE BASIL LEAVES,0.0,5.25,64.74,2.3813599425,Stimulants & Spices (misc.)
1,PEPPER POBLANO FRESH,2.0,20.0,64.26,9.0718474,Stimulants & Spices (misc.)
4,CHEESE AMER 160 SLI YEL,0.0,20.0,63.54,9.0718474,Cheese
4,PUREE WATERMELON,1.0,11.37,62.14,5.1573452469,Fruits (misc.)
2,RASPBERRY RED WHOLE IQF,1.0,9.95,60.54,4.5132440815,Berries
1,DATE DRIED PITTED CALIFORNIA,2.0,10.0,60.34,4.535923700000001,Fruits (misc.)
1,DILL BABY FRESH HERB,10.0,2.5,60.3,1.133980925,Stimulants & Spices (misc.)
1,CHIP TORTILLA YEL 4 IN CUT,2.0,61.0,59.76,27.66913457,"Wheat/Rye (Bread, pasta, baked goods)"
200,JUICE LEMON PACKET,5.0,8.8,59.6,3.9916128560000006,Citrus Fruit
4,CEREAL APPLE JACKS,1.0,9.55,59.48,4.331807133500001,Grains/cereals (except rice)
8,JUICE TOMATO 100% PET,3.0,93.0,59.13,42.18409041,Tomatoes
1,MINT FRESH,3.0,6.0,58.8,2.72155422,Stimulants & Spices (misc.)
12,SAUCE HOT SRIRACHA 28OZ,1.0,21.0,58.03,9.52543977,Vegetable oils
216,DOUGH COOKIE VEGAN CHOC CHIP,1.0,20.25,57.89,9.1852454925,Legumes (misc.)
12,MOLASSES PURE POMEGRANATE,1.0,11.333,57.51,5.140562329210001,Fruits (misc.)
1,SPRINKLE CHOCOLATE,2.0,20.0,57.46,9.0718474,Sugars and sweeteners
200,JELLY ASST CUP  GRAP SB MIXFRT,3.0,20.1,57.39,9.117206637,Sugars and sweeteners
4,SAUCE CHILI SWEET RED HOT,1.0,21.5,56.76,9.752235955,Vegetable oils
48,COOKIE SNICKERDOODLE BKD,2.0,12.0,56.5,5.4431084400000005,"Wheat/Rye (Bread, pasta, baked goods)"
4,PEPPERONI SANDWICH XL SL .33OZ,1.0,10.0,55.7,4.535923700000001,Pork (pig meat)
4,PUREE STRAWBERRY,1.0,12.7,55.09,5.760623099,Berries
6,SAUERKRAUT SHREDDED FCY,1.0,44.0,53.93,19.95806428,Vegetables (misc.)
1,BROCCOLI SLAW,3.0,15.0,53.61,6.80388555,Cabbages and other Brassicas (Broccoli)
1,SPICE CARDAMOM GRND,1.0,0.94,52.69,0.4263768278,Stimulants & Spices (misc.)
6,MARMALADE ORANGE,1.0,32.4,50.69,14.696392788,Citrus Fruit
6,CHEESE RICOTTA WHL MLK CLS,1.0,18.0,50.67,8.164662660000001,Cheese
6,SPICE DILL WEED WH,0.0,0.924,50.04,0.41911934988,Stimulants & Spices (misc.)
6,SPICE CINNAMON GRND,0.0,6.75,49.98,3.0617484975,Stimulants & Spices (misc.)
6,VEGETABLE BLEND CHFCUT ASIAN,1.0,24.02,49.64,10.8952887274,Legumes (misc.)
1,APPLE SLICE IQF,1.0,30.0,49.28,13.6077711,Apples
6,SPICE PEPPER CAYENNE GRND,0.0,3.532,49.16,1.60208825084,Stimulants & Spices (misc.)
24,GINGER PICKLED PINK SUSHI,1.0,10.0,48.94,4.535923700000001,Rice
6,PUDDING CHOCOLATE ZTF,1.0,41.7,48.79,18.914801829,Sugars and sweeteners
12,TOPPING RASPBERRY PLATESCAPER,1.0,15.0,48.67,6.80388555,Sugars and sweeteners
6,SPICE CURRY POWDER,0.0,3.025,48.39,1.37211691925,Stimulants & Spices (misc.)
60,DRESSING BLUE CHEESE PACKET,2.0,11.26,48.32,5.1074500862,Cheese
6,ONION FRENCH CRISPY TOPPING,1.0,9.0,47.92,4.082331330000001,Onions and Leeks
10,CHIP PLANTAIN,1.0,6.25,47.51,2.8349523125,"Wheat/Rye (Bread, pasta, baked goods)"
1,ICE CREAM COTTN CNDY BLU/PINK,2.0,28.0,46.82,12.70058636,Ice cream
12,CREAM WHIPPED ARSL XTRA CREAMY,1.0,12.51,46.52,5.6744405487,Cream
1,COOKIE FORTUNE IND WRPD SUPERK,3.0,21.0,46.47,9.52543977,"Wheat/Rye (Bread, pasta, baked goods)"
1,PICKLE SPR KO 275/325 CT REF,1.0,45.475,46.47,20.627113025750003,Stimulants
1,KIWI FRUIT FCY FRESH,2.0,15.6,46.32,7.076040972,Fruits (misc.)
1,CORN MEAL YELLOW,2.0,50.0,46.24,22.6796185,Corn (Maize)
1,TOMATO BULK UTILITY FRESH,2.0,50.0,45.88,22.6796185,Tomatoes
1,POTATO BAKING IDAHO 80CT FRSH,2.0,100.0,45.8,45.359237,Potatoes
3,CURRY PASTE GREEN,1.0,7.65,45.61,3.4699816305000004,Stimulants
4,SYRUP COFFEE VANILLA US,1.0,10.91,45.43,4.948692756700001,Sugars and sweeteners
1,AVOCADO HASS BRKNG #2 GUAC PAK,1.0,23.5,45.24,10.659420695,Fruits (misc.)
1,ONION YELLOW JUMBO BAG,2.0,100.0,44.76,45.359237,Onions and Leeks
2,PASTA DITALINI/SALAD MACARONI,1.0,19.7,44.74,8.935769689,"Wheat/Rye (Bread, pasta, baked goods)"
1,MUSHROOM PORT SLCD FRESH,2.0,10.0,44.6,4.535923700000001,Vegetables (misc.)
4,ESCAROLE FRESH CHOPPED 1 1/2,1.0,10.0,44.44,4.535923700000001,Vegetables (misc.)
6,GLAZE BALSAMIC,2.0,9.8,43.46,4.445205226000001,Stimulants
4,KALE FRESH GRN SHRD 1/8 SEPCLR,2.0,12.0,43.04,5.4431084400000005,Cabbages and other Brassicas (Broccoli)
4,CEREAL RICE KRISPIES,1.0,6.75,43.01,3.0617484975,Grains/cereals (except rice)
4,VEGETABLE MIX SLAW POWER BLEND,2.0,16.0,42.74,7.25747792,Legumes (misc.)
4,EXTRACT VANILLA IMIT,0.0,16.68,42.22,7.5659207316,Stimulants & Spices (misc.)
1,PEPPER BELL RED HOT HSE,1.0,25.0,42.18,11.33980925,Stimulants & Spices (misc.)
4,MUSTARD BROWN SPCY,1.0,35.29,41.33,16.0072747373,Tree nuts and seeds
12,MUSTARD DRY PWDR TIN,0.0,3.0,41.31,1.36077711,Tree nuts and seeds
4,VINEGAR CIDER APPLE 5% 50 GRN,1.0,33.6,41.27,15.240703632,Stimulants
4,DRESSING RANCH BUTTERMILK,0.0,16.35,41.04,7.416235249500001,Yogurt
1,CRACKER GRAHAM HONEY,1.0,10.0,40.75,4.535923700000001,Pork (pig meat)
6,SPICE ALLSPICE GROUND,0.0,2.0,39.5,0.90718474,Stimulants & Spices (misc.)
1,ROSEMARY FRESH,2.0,4.0,38.91,1.81436948,Vegetables (misc.)
1,THYME FRESH,2.0,4.0,38.74,1.81436948,Vegetables (misc.)
3,SPICE PARSLEY FLAKE,0.0,0.633,37.92,0.28712397021,Grains/cereals (except rice)
1,CHIP TORTILLA PCUF YEL 4CUT,1.0,30.0,37.77,13.6077711,"Wheat/Rye (Bread, pasta, baked goods)"
4,MUSTARD YELLOW PRPD,1.0,34.68,37.34,15.730583391600002,Tree nuts and seeds
1,PEPPER POBLANO FRESH,1.0,40.0,37.29,18.1436948,Stimulants & Spices (misc.)
4,SOUR CREAM VEGAN DF,1.0,8.0,36.01,3.62873896,Cream
3,SPICE CINNAMON GRND,0.0,5.0,36.0,2.2679618500000003,Stimulants & Spices (misc.)
6,SPICE LEMON PEPPER,0.0,3.473,35.84,1.57532630101,Citrus Fruit
4,SYRUP CANE 100% PURE,1.0,11.9,35.84,5.397749203,Sugars and sweeteners
1,PRUNE DRIED SUN PITTED 50/60CT,1.0,5.0,35.26,2.2679618500000003,Uncategorized
1,SQUASH YEL S/N SMALL FCY FRESH,1.0,19.0,35.17,8.61825503,Fruits (misc.)
1,CRACKER CRUMB GRAHAM,1.0,10.0,35.14,4.535923700000001,Pork (pig meat)
6,MIX SEASONING TACO,2.0,6.1,35.0,2.766913457,Corn (Maize)
1,MUSHROOM OYSTER WHT #1 FRSH,1.0,5.0,32.13,2.2679618500000003,Vegetables (misc.)
1,RICE JASMINE THAI PR GRADE,1.0,25.0,31.31,11.33980925,Rice
6,VEGETABLE YUCCA CUT,1.0,30.0,30.95,13.6077711,Legumes (misc.)
2,PEACH SLICED IQF,1.0,10.0,30.29,4.535923700000001,Fruits (misc.)
4,RELISH PICKLE SWEET,0.0,18.0,29.72,8.164662660000001,Legumes (misc.)
2,CHEESE GOUDA SMOKED,0.0,6.17,29.54,2.7986649229,Cheese
16,PASTA DITALINI,1.0,16.0,28.96,7.25747792,"Wheat/Rye (Bread, pasta, baked goods)"
1,PEPPER BELL RED HOTHOUSE #1,1.0,11.0,28.68,4.9895160700000005,Stimulants & Spices (misc.)
1,CHIVE FRESH HERB,2.0,0.7,27.36,0.317514659,Other vegetables
6,SPICE ROSEMARY WH,0.0,0.733,27.14,0.33248320721,Vegetables (misc.)
12,CEREAL HOT GRITS QUICK,1.0,18.0,27.05,8.164662660000001,Grains/cereals (except rice)
1,BANANA FRESH RIPE/READY,1.0,41.067,27.03,18.62767785879,Bananas
6,SPICE NUTMEG GROUND,0.0,1.05,24.72,0.4762719885,Stimulants & Spices (misc.)
6,JUICE LEMON PSTRZD ULTRA PREM,1.0,13.0,24.61,5.8967008100000005,Citrus Fruit
1,LEMON GRASS FRESH HERB,2.0,2.0,24.14,0.90718474,Citrus Fruit
6,SPICE FIVE CHINESE,0.0,1.05,24.04,0.4762719885,Stimulants & Spices (misc.)
6,SPICE PARSLEY FLAKE,0.0,1.623,23.1,0.73618041651,Grains/cereals (except rice)
6,POWDER BAKING,0.0,10.0,23.0,4.535923700000001,Stimulants
4,CUP BAKING PAPR FLTD 4.5 IN,1.0,2.5,22.13,1.133980925,Uncategorized
4,MAYONNAISE HEAVY DUTY,0.0,14.5,22.08,6.577089365,Vegetable oils
1,GREEN MICRO SAKURA MIX,1.0,0.5,21.86,0.226796185,Vegetables (misc.)
6,SPICE CINNAMON STICK,0.0,0.483,21.7,0.21908511471,Stimulants & Spices (misc.)
2,FLOUR ALL PURP H&R BL EN MLT,1.0,50.0,21.39,22.6796185,Grains/cereals (except rice)
1,BREAD FLAT EVERYTHING,1.0,5.0,21.39,2.2679618500000003,"Wheat/Rye (Bread, pasta, baked goods)"
6,MILK ALMOND ORIGINAL,1.0,24.0,20.67,10.88621688,Almond milk
1,PEPPER JALAPENO FRESH,1.0,10.0,19.85,4.535923700000001,Stimulants & Spices (misc.)
2,CHEESE BLUE CRUMBLES,0.0,5.0,19.14,2.2679618500000003,Cheese
6,COOKIE VANILLA WAFER BULK PACK,1.0,5.0,17.8,2.2679618500000003,"Wheat/Rye (Bread, pasta, baked goods)"
3,KALE BABY GREEN,1.0,3.0,17.05,1.36077711,Cabbages and other Brassicas (Broccoli)
6,SPICE MUSTARD SEED WHL,0.0,1.375,12.37,0.6236895087500001,Tree nuts and seeds
4,SAUCE WORCESTERSHIRE,0.0,18.1,11.34,8.210021897,Vegetable oils
1,CHARGE FREIGHT,1.0,1.0,10.33,0.45359237,Uncategorized
6,EXTRACT VANILLA IMIT,0.0,2.0,7.25,0.90718474,Stimulants & Spices (misc.)
4,VINEGAR RED WINE FLAVORED,0.0,8.0,6.59,3.62873896,Stimulants
3,SEASONING SEAFOOD,0.0,0.0,0.0,0.0,Animal fats
6,SEASON FILE GUMBO,0.0,0.0,0.0,0.0,Uncategorized
1,SPICE ZAHTAR,0.0,0.0,0.0,0.0,Stimulants & Spices (misc.)
2,EGG WHL LIQUID FRSH W/CITRC,0.0,0.0,0.0,0.0,Eggs
1,FLOWER EDIBLE ORCHIDS,0.0,0.0,0.0,0.0,Other vegetables
1,COOKIE FORTUNE WRPD,0.0,0.0,0.0,0.0,"Wheat/Rye (Bread, pasta, baked goods)"
1,SUPPLY SOTF TABLEWARE BIDS,2.0,12.0,10899.0,5.4431084400000005,Uncategorized
1,SUPPLY EQUIPMENT BID ITEM,6.0,6.0,8492.85,2.72155422,Uncategorized
3,DETERGENT POT/PAN HAND SMARTPW,37.0,222.0,4708.62,100.69750614,Uncategorized
1,SUPPLY SOTF KITCHEN BIDS,6.0,36.0,2626.06,16.329325320000002,Uncategorized
1,CHARGE FOR DEL/INSTAL/REMOV,1.0,1.0,1743.0,0.45359237,Uncategorized
1,DETERGENT POT/PAN PANTASTIC,13.0,598.0,1454.31,271.24823726,Uncategorized
1,CLEANER FLOOR SANI WSH N WALK,6.0,129.6,1004.34,58.785571152,Uncategorized
1,SANITIZER OASIS 146 MULTI QUAT,6.0,124.8,708.06,56.608327776,Uncategorized
1,CHARGE FREIGHT,15.0,15.0,670.45,6.80388555,Uncategorized
2,RINSE AID ADDITIVE SMRTPWR,2.0,10.0,652.68,4.535923700000001,Uncategorized
6,TOWEL ROLL NON-PERF 7.75 NAT,9.0,112.68,570.69,51.110788251600006,Rice
1,SUPPLY EQUIPMENT ON THE FLY,3.0,18.0,524.45,8.164662660000001,Uncategorized
6,SOAP ANTIBACTERIAL ADV NEXA,4.0,39.64,453.64,17.9804015468,Uncategorized
1,CLEANER DRAIN GREASE DIGESTANT,1.0,20.83,428.45,9.4483290671,Uncategorized
1,CLEANER DEGRSR ORGFRC OASIS137,4.0,84.8,420.76,38.464632976,Uncategorized
6,CLEANER OVEN GREASESTRIP+ NP,4.0,52.16,335.68,23.6593780192,Uncategorized
1,SUPPLY SOTF STORAGE BIDS,1.0,6.0,315.24,2.72155422,Uncategorized
2,PRESOAK FLATWARE SILVER POWER,2.0,32.0,253.12,14.51495584,Uncategorized
1,APRON BIB DISHWASHER VINYL CLR,4.0,8.0,237.32,3.62873896,Uncategorized
4,DELIMER LIME A-WAY,2.0,72.0,184.1,32.658650640000005,Citrus Fruit
8,TISSUE TOILET 3.5 JMBO 2P WHT,4.0,58.08,165.12,26.3446448496,Uncategorized
4,CLEANER ALL PURPOSE PINE RTU,4.0,134.8,151.28,61.14425147600001,Uncategorized
6,BLEACH LIQ GRMCDL ULTRA 6%,5.0,292.5,138.8,132.675768225,Uncategorized
50,COVER PLAS BUN PAN RACK 15MC,3.0,21.9,123.69,9.933672903,"Wheat/Rye (Bread, pasta, baked goods)"
1,SUPPLY SOTF JANSAN,2.0,12.0,118.33,5.4431084400000005,Uncategorized
1,TWINE POLY TYING,5.0,55.0,118.15,24.947580350000003,Stimulants
4,CLEANER DEGRSR GRS CTTR PLS NP,1.0,34.0,68.6,15.42214058,Uncategorized
1,SUPPLY SOTF KITCHEN,1.0,6.0,64.34,2.72155422,Uncategorized
6,PAD SCRUB S-S 35 GRAM 1.25 OZ,0.0,5.832,59.5,2.64535070184,Uncategorized
1,PAD SCOUR 6X9 HVYDTY ANTIMICRO,3.0,5.7,43.61,2.5854765090000003,Uncategorized
1,PAD SCOUR XHV NYLON 3.5X6 BLUE,2.0,1.4,40.24,0.635029318,Uncategorized
1,CLEANER FLOOR SANI WSH N WALK,3.0,64.8,502.17,29.392785576,Uncategorized
3,DETERGENT POT/PAN HAND SMARTPW,3.0,18.0,381.78,8.164662660000001,Uncategorized
6,DETERGENT MACHINE SMRTPWR,2.0,81.0,352.46,36.74098197,Uncategorized
4,CLEANER GREASE SUMA DRAIN,1.0,33.378,121.71,15.14000612586,Uncategorized
1,MOP HEAD CTN CUT END VALUE #24,6.0,18.0,98.76,8.164662660000001,Uncategorized
6,BLEACH CHLORINE LIQ 5.25 %,2.0,117.0,40.0,53.07030729,Uncategorized
4,CHICKEN CVP BRST 6OZ HAL,34.0,680.0,3135.8,308.4428116,"Poultry (chicken, turkey)"
4,CHICKEN CVP THIGH B/S HALAL,36.0,1440.0,2844.78,653.1730128,"Poultry (chicken, turkey)"
6,MILK HOMO ORGANIC,30.0,720.0,878.1,326.5865064,Milk (cow's milk)
24,WATER BTLD SMARTWATER,16.0,672.0,726.08,304.81407264,Uncategorized
1,RICE PARBOILED PERFECT,30.0,765.0,660.6,346.99816305,Rice
12,CREAMER HALF & HALF ESL,15.0,384.75,654.81,174.5196643575,Milk (cow's milk)
4,SHRIMP WHT P&D TLOF 31/40,12.0,120.0,650.88,54.4310844,Crustaceans (shrimp/prawns)
4,PORK BELLY SOUS VIDE FC,12.0,101.86,601.48,46.2029188082,Pork (pig meat)
6,MILK ORIGINAL OAT XTRA CREAMY,30.0,658.8,597.3,298.826653356,Oat milk
1,CUCUMBER ENGLISH LONG,39.0,468.0,565.41,212.28122916,Other vegetables
1,TOMATO GRAPE FRSH,26.0,260.0,488.2,117.9340162,Tomatoes
12,GUACAMOLE CALIFORNIA HPP FRZ,7.0,84.0,428.74,38.10175908,Fruits (misc.)
2,SOUP CHICKEN NDLE,10.0,160.0,408.2,72.57477920000001,"Poultry (chicken, turkey)"
4,BEEF GRND BULK 81/19 CHUB FRS,4.0,80.0,382.98,36.2873896,Beef & buffalo meat
4,BEEF BARBACOA CAFE H MEX/SHRED,3.0,54.3,381.47,24.630065691,Beef & buffalo meat
4,NOODLE LO MEIN,8.0,160.0,350.88,72.57477920000001,"Wheat/Rye (Bread, pasta, baked goods)"
6,TUNA TONGOL CHUNK IN WTR,3.0,83.85,315.6,38.0337202245,Fish (finfish)
4,CHICKEN CVP THIGHMEAT HALAL,4.0,160.0,307.28,72.57477920000001,Lamb/mutton & goat meat
1,MUSHROOM MEDIUM FRESH,13.0,130.0,304.22,58.9670081,Vegetables (misc.)
1,PEPPER SWEET BELL MEDLEY HH,7.0,140.0,293.88,63.502931800000006,Stimulants & Spices (misc.)
4,LETTUCE FRESH TENDER GREENS,7.0,84.0,272.4,38.10175908,Cabbages and other Brassicas (Broccoli)
2,SALSA PICO DE GALLO,10.0,100.0,271.82,45.359237,Stimulants
1,SYRUP LIQUID SWTNR NON NUTRITV,2.0,43.72,263.86,19.8310584164,Sugars and sweeteners
1,CHICKEN CVP DRM & THGH MXD HAL,6.0,240.0,253.68,108.8621688,"Poultry (chicken, turkey)"
12,CAULIFLOWER CELLO WRPD FRSH,7.0,185.85,240.93,84.3001419645,Cabbages and other Brassicas (Broccoli)
6,MILK SKIM UHT,16.0,403.2,240.66,182.888443584,Milk (cow's milk)
1,PLANTBASED MEATBALL VEGAN,4.0,40.0,239.04,18.1436948,Legumes (misc.)
1,RICE BROWN PARBOILED WHLGRN QC,10.0,255.0,231.2,115.66605435,Rice
2,HAM APLWD ULTIMATE CARVING,3.0,44.7,218.45,20.275578939000003,Pork (pig meat)
1,CATFISH FIL IQF 5-7 OZ,3.0,45.0,212.49,20.41165665,Fish (finfish)
2,PASTA SPAGHETTI 10 IN,6.0,125.4,200.82,56.88048319800001,"Wheat/Rye (Bread, pasta, baked goods)"
107,DOUGH COOKIE CHOC CHIP GOURMT,3.0,63.0,197.79,28.57631931,"Wheat/Rye (Bread, pasta, baked goods)"
1,CARROT BABY PLD 1 TOP,10.0,50.0,196.6,22.6796185,Root Vegetables
2,BEAN GREEN TRIMMED FRSH,8.0,83.6,195.42,37.920322132,Beans and pulses (dried)
2,CHICKEN WING STEAMED PCK LGE,4.0,40.0,195.12,18.1436948,"Poultry (chicken, turkey)"
1,EGGPLANT FRESH,6.0,162.0,190.32,73.48196394,Other vegetables
4,CILANTRO CLEAN WASH FRESH HERB,8.0,37.6,186.58,17.055073112000002,Stimulants & Spices (misc.)
1,BROCCOLI CROWN ASIAN ICELS,6.0,120.0,184.76,54.4310844,Cabbages and other Brassicas (Broccoli)
1,MUSHROOM SLCD FRESH,8.0,80.0,184.59,36.2873896,Vegetables (misc.)
107,DOUGH COOKIE OATMEAL RSN GOURM,3.0,63.0,182.28,28.57631931,"Wheat/Rye (Bread, pasta, baked goods)"
12,YOGURT STRW OIKOS TRIPLE ZERO,9.0,35.748,181.08,16.21502004276,Yogurt
6,BUN PLAIN BAO FLD BTRFLY SHPD,3.0,24.0,169.89,10.88621688,"Wheat/Rye (Bread, pasta, baked goods)"
2,YOGURT PLAIN WHL MILK DAHI,7.0,140.0,167.51,63.502931800000006,Yogurt
10,SALAMI GENOA FONTINA SNCK PK,4.0,5.0,160.0,2.2679618500000003,Pork (pig meat)
6,OIL OLIVE EXTRA VIRGIN,2.0,10.38,154.22,4.708288800600001,Olives (Oil)
2,ARUGULA BABY FRESH,9.0,36.0,153.57,16.329325320000002,Cabbages and other Brassicas (Broccoli)
6,VEGETABLE BLEND CHFCUT ASIAN,3.0,72.06,148.92,32.6858661822,Legumes (misc.)
2,MEATBALL BEEF ITAL STYLE 1 OZ,3.0,30.0,142.62,13.6077711,Beef & buffalo meat
30,BEEF PATTY 75/25 WIDE FRSH,2.0,30.0,134.08,13.6077711,Beef & buffalo meat
4,SHRIMP BRD HMSTY TENDERS 40/60,2.0,20.0,132.94,9.0718474,Crustaceans (shrimp/prawns)
64,CHIP POTATO BKD BIG GRAB,3.0,13.5,132.27,6.123496995,"Wheat/Rye (Bread, pasta, baked goods)"
1,TOMATILLO FRESH DEHUSKED,3.0,60.0,132.2,27.2155422,Other vegetables
24,WATER SPRING PET,5.0,132.3,130.35,60.010270551000005,Uncategorized
1,OIL SOYBEAN VEGETABLE PURE,4.0,140.0,126.32,63.502931800000006,Soybeans/Tofu
6,TEA ASST 6 FLVR,4.0,8.0,119.76,3.62873896,Stimulants
8,PORK BUTT BNLS 1/4 6-9#EA,1.0,65.4,117.59,29.664940998,Pork (pig meat)
2,CREAM SOUR CREMA MEXICANA,5.0,50.0,116.3,22.6796185,Cream
50,SAUSAGE VEGETARIAN ITAL HOT,1.0,11.0,114.74,4.9895160700000005,Legumes (misc.)
50,SAUSAGE VEGETARIAN ITAL SWT,1.0,11.0,114.74,4.9895160700000005,Legumes (misc.)
1,SQUASH ZUCCHINI SMALL FCY FRSH,5.0,125.0,113.54,56.69904625,Other vegetables
4,OIL CANOLA SAL,3.0,97.5,112.6,44.225256075,Rapeseed/canola (Oil)
1,OKRA CUT GR A IQF,2.0,60.0,111.88,27.2155422,Vegetables (misc.)
4,POTATO SWEET DICED 3/8 SK/OFF,3.0,60.0,111.14,27.2155422,Cassava and Other Roots
1,APPLE RED DEL FANCY FRESH,3.0,120.0,110.1,54.4310844,Apples
1,SQUASH YELLOW S/N MEDIUM FRESH,4.0,96.0,105.03,43.54486752,Fruits (misc.)
10,CLAM WHL SHEL CKD VP 17-22ASIA,2.0,20.0,97.5,9.0718474,Mollusks
1,COFFEE COLD BREW BIB,2.0,23.88,95.34,10.8317857956,Coffee
1,BEET FRESH GOLD,4.0,100.0,94.73,45.359237,Root Vegetables
4,PARSLEY CLN/WASH FRESH HERB,4.0,16.0,94.4,7.25747792,Grains/cereals (except rice)
40,BURGER VEG BEYOND PATTY,1.0,10.0,91.98,4.535923700000001,"Wheat/Rye (Bread, pasta, baked goods)"
20,CLAM WHL BABY CKD VP 40-60 CHN,2.0,20.0,89.78,9.0718474,Mollusks
10,GINGER PICKLED WHT SUSHI SHOGA,1.0,22.0,86.13,9.97903214,Rice
12,YOGURT COCONUT ALMND LOCO FLIP,4.0,15.92,82.4,7.2211905304,Yogurt
12,YOGURT KEY LIME CRUMBLE FLIP,4.0,20.0,82.4,9.0718474,Yogurt
1,BEET RED WITHOUT TOP FRESH,5.0,125.0,81.76,56.69904625,Root Vegetables
6,VEGETABLE BLND RSTD CORN PEPR,2.0,30.0,80.78,13.6077711,Legumes (misc.)
2,SOUP MINESTRONE RTU REFRI,2.0,32.0,79.8,14.51495584,"Wheat/Rye (Bread, pasta, baked goods)"
8,STRAWBERRY FRESH DRISCOLL,2.0,16.0,78.98,7.25747792,Berries
24,TORTILLA FLOUR PRSSD 8 IN,2.0,57.0,78.3,25.85476509,Grains/cereals (except rice)
6,SNACK BAR CARAMEL ALMD SEA SLT,0.0,4.2,77.44,1.905087954,Tree nuts and seeds
6,SNACK BAR CRAN ALMOND PLUS,0.0,4.664,77.0,2.11555481368,Tree nuts and seeds
1,SEED CHIA BLK ORGANC,1.0,10.0,76.53,4.535923700000001,Tree nuts and seeds
6,SNACK BAR ALMOND AND COCONT,0.0,5.132,75.6,2.32783604284,Tree nuts and seeds
1,BANANA FRESH GREEN TIP,3.0,129.0,75.6,58.513415730000006,Bananas
6,SNACK BAR BLUBRY VAN & CASHEW,0.0,4.2,75.16,1.905087954,Tree nuts and seeds
12,TORTILLA CORN WHT 6 FRSH,2.0,45.0,73.86,20.41165665,Corn (Maize)
24,WATER BOTTLED PLAS,3.0,86.4,73.53,39.190380768,Uncategorized
6,POTATO SWEET CENTER CUT,1.0,30.0,73.11,13.6077711,Cassava and Other Roots
4,ONION RED FRSH SLICED 1/8,1.0,20.0,69.29,9.0718474,Onions and Leeks
2,CHEESE MOZZ FRSH CILIEGN 1/3OZ,2.0,12.0,65.4,5.4431084400000005,Cheese
6,RICE BLK CHINA FORBIDDEN ORG,2.0,12.0,65.32,5.4431084400000005,Rice
2,SAUCE ORANGE GNGR,1.0,20.0,64.05,9.0718474,Citrus Fruit
1000,KETCHUP PACKET,1.0,19.842,63.58,9.00017980554,Tomatoes
4,CABBAGE RED SHRED 1/8,2.0,40.3,62.98,18.279772511,Cabbages and other Brassicas (Broccoli)
1,SYRUP LIQUID SWEETENER HFCS,2.0,111.62,62.96,50.62998033940001,Sugars and sweeteners
12,VEGETABLE MIX 5 WAY GR A P,1.0,30.0,58.69,13.6077711,Legumes (misc.)
24,MILK CONDENSED SWEETENED,1.0,21.0,57.51,9.52543977,Milk (cow's milk)
40,BEEF PHILLY SAND STK HALAL,1.0,10.0,56.48,4.535923700000001,Beef & buffalo meat
8,CHEESE SWISS SLICE .75 OZ,1.0,12.0,55.36,5.4431084400000005,Cheese
12,YOGURT PLAIN NONFAT GREEK,3.0,11.925,54.09,5.409089012250001,Yogurt
6,MUSHROOM PIECES & STEM,1.0,46.0,52.49,20.86524902,"Wheat/Rye (Bread, pasta, baked goods)"
1,MANGO CHUNK IQF,1.0,20.0,51.15,9.0718474,Fruits (misc.)
288,CREAMER COFFEE HAZLENUT ND,2.0,15.826,50.84,7.178552847620001,Cream
288,CREAMER COFFEE FRCH VAN ND,2.0,18.0,50.8,8.164662660000001,Cream
4,SHRIMP WHT P&D TLOF 41/50,1.0,10.0,50.71,4.535923700000001,Crustaceans (shrimp/prawns)
1,STRAWBERRY WHOLE IQF,2.0,16.7,49.88,7.574992579,Berries
4,CABBAGE GREEN SHRD FRSH W/BAG,2.0,40.0,49.8,18.1436948,Cabbages and other Brassicas (Broccoli)
4,ONION GREEN ICELS,2.0,12.3,49.2,5.579186151000001,Onions and Leeks
6,MILK ALMOND UNSWT,2.0,50.34,48.9,22.8338399058,Almond milk
6,CORN WHL KERNEL GOLDEN FCY,1.0,44.85,48.15,20.3436177945,Corn (Maize)
40,TURKEY BURGER WOODFIRE RAW,1.0,13.33,47.18,6.0463862921,"Poultry (chicken, turkey)"
1,CABBAGE WHITE FRESH,2.0,102.0,47.02,46.266421740000006,Cabbages and other Brassicas (Broccoli)
1,CHICKEN TENDER VEGAN,1.0,10.0,47.01,4.535923700000001,Legumes (misc.)
12,CREAM WHIPPED ARSL XTRA CREAMY,1.0,12.51,46.52,5.6744405487,Cream
40,CHICKEN BRST BRD PCK NAE,1.0,10.0,45.32,4.535923700000001,"Poultry (chicken, turkey)"
6,SAUCE MARINARA PREMIUM MW,1.0,39.375,44.8,17.86019956875,Vegetable oils
12,SAUCE CARAMEL DESIGNER DESSERT,1.0,12.75,44.16,5.783302717500001,Vegetable oils
1,POTATO BAKING IDAHO 60CT FRSH,2.0,100.0,44.16,45.359237,Potatoes
200,HONEY PURE CUP,1.0,7.0,43.7,3.17514659,Sugars and sweeteners
4,VINEGAR DISTILLED WHITE 5%,2.0,64.0,43.46,29.02991168,Stimulants
20,PLANTAIN FROZEN TOSTONES,1.0,20.0,43.44,9.0718474,Bananas
4,GRAIN SPECIALTY FARRO SEMIPRLD,1.0,12.0,43.12,5.4431084400000005,Grains/cereals (except rice)
200,SHELL TACO 5.25 YEL PREFRY,2.0,10.0,42.78,4.535923700000001,Corn (Maize)
200,MAYONNAISE PACKET,1.0,5.29,42.72,2.3995036373,Vegetable oils
6,SAUCE SPAGHETTI MW,1.0,44.2,42.02,20.048782754,Vegetable oils
6,VEGETABLE BLEND CHFCUT GERMANY,1.0,23.92,41.49,10.8499294904,Legumes (misc.)
6,BEAN KIDNEY WHITE,1.0,40.5,40.87,18.370490985,Beans and pulses (dried)
1,APPLE GALA X-FANCY FRESH,1.0,41.0,40.86,18.59728717,Apples
6,BEAN KIDNEY DARK RED,1.0,40.55,40.69,18.3931706035,Beans and pulses (dried)
12,VEGETABLE BLEND CALIF GR A,1.0,24.0,39.53,10.88621688,Legumes (misc.)
1,BRUSSEL SPROUT ICELS,1.0,25.0,39.31,11.33980925,Beans and pulses (dried)
4,CARROT DICED 3/8,1.0,20.0,38.74,9.0718474,Root Vegetables
1,PEPPER JALAPENO FRESH,2.0,20.0,37.49,9.0718474,Stimulants & Spices (misc.)
150,CRACKER OYSTER NEW ENGLAND,2.0,9.38,37.22,4.2546964306,"Wheat/Rye (Bread, pasta, baked goods)"
10,TOMATO CHERRY MIX HEIRLOOM,1.0,6.75,37.14,3.0617484975,Fruits (misc.)
1,LEMON CHOICE FRESH,1.0,40.0,36.97,18.1436948,Citrus Fruit
12,YOGURT PEACH GREEK NONFAT,2.0,8.0,36.06,3.62873896,Yogurt
12,YOGURT PINEAPPLE GREEK 2%,2.0,9.0,36.06,4.082331330000001,Yogurt
12,YOGURT BLACK CHERRY GREEK NF,2.0,9.0,36.06,4.082331330000001,Yogurt
12,YOGURT BLUEBERRY GREEK NON FAT,2.0,8.0,36.06,3.62873896,Yogurt
12,YOGURT POMEGRANATE GREEK NF,2.0,9.0,36.06,4.082331330000001,Yogurt
12,YOGURT RASPBERRY GREEK NF,2.0,9.0,36.06,4.082331330000001,Yogurt
12,YOGURT STWBRY GREEK NON FAT,2.0,8.0,36.06,3.62873896,Yogurt
4,NOODLE YAKISOBA JAPNSE FZ,1.0,20.0,34.05,9.0718474,"Wheat/Rye (Bread, pasta, baked goods)"
5,BUN HAMBURGER BRIOCHE 4IN,1.0,10.5,33.98,4.762719885,Pork (pig meat)
12,VINEGAR BALSAMIC ITALY,1.0,12.6,33.93,5.7152638620000005,Stimulants
2,FRUIT DRAGON DICED PINK IQF,1.0,10.0,32.41,4.535923700000001,Fruits (misc.)
12,BREAD PITA GYRO PRE-OILED 7,1.0,21.0,31.64,9.52543977,"Wheat/Rye (Bread, pasta, baked goods)"
6,VEGETABLE YUCCA CUT,1.0,30.0,30.95,13.6077711,Legumes (misc.)
4,SPINACH CLIPPED FRESH,1.0,10.0,30.38,4.535923700000001,Cabbages and other Brassicas (Broccoli)
6,KALE CHOPPED,1.0,12.0,29.33,5.4431084400000005,Cabbages and other Brassicas (Broccoli)
1,POTATO SWEET #1 STANDARD,1.0,40.0,29.14,18.1436948,Cassava and Other Roots
6,BAMBOO SHOOT SLICED,1.0,44.0,27.92,19.95806428,Other vegetables
1,PARSNIP FRESH,1.0,20.0,27.36,9.0718474,Uncategorized
60,DRESSING CAESAR CREAMY PKT,1.0,5.63,26.25,2.5537250431,Vegetable oils
60,DRESSING BLUE CHEESE PACKET,1.0,5.63,24.16,2.5537250431,Cheese
12,PEPPER CHIPOTLE IN ADOBO SAUCE,1.0,6.2,23.41,2.812272694,Vegetable oils
60,DRESSING RANCH PACKET,1.0,5.62,21.72,2.5491891194000003,Vegetable oils
60,DRESSING HONEY MUSTARD PKT,1.0,5.63,19.91,2.5537250431,Tree nuts and seeds
1,GINGER ROOT FRESH,1.0,5.0,18.37,2.2679618500000003,Roots and Tubers
60,DRESSING 1000 ISLAND PACKET,1.0,5.63,18.36,2.5537250431,Vegetable oils
60,DRESSING ITALIAN GOLDEN PACKET,1.0,5.63,18.12,2.5537250431,Vegetable oils
60,DRESSING FRENCH CREAMY PACKET,1.0,5.63,17.11,2.5537250431,Vegetable oils
60,DRESSING BALSAMIC VINGT PKT,1.0,5.63,15.76,2.5537250431,Vegetable oils
24,WATER FLAVOR COCONUT CAN,1.0,18.0,14.86,8.164662660000001,Tree nuts and seeds
24,WATER SPARKLING,1.0,20.0,14.86,9.0718474,Uncategorized
24,WATER SPARKLING APRCT,1.0,20.0,14.86,9.0718474,Uncategorized
24,WATER SPARKLING BERRY,1.0,18.0,14.86,8.164662660000001,Berries
24,WATER SPARKLING GRAPEFRUIT,1.0,17.99,14.86,8.1601267363,Fruits (misc.)
24,WATER SPARKLING KEY LIME CAN,1.0,18.0,14.86,8.164662660000001,Citrus Fruit
24,WATER SPARKLING LIME,1.0,18.0,14.86,8.164662660000001,Citrus Fruit
24,WATER SPARKLING LMN,1.0,18.0,14.86,8.164662660000001,Citrus Fruit
24,WATER SPARKLING MANGO,1.0,20.0,14.86,9.0718474,Fruits (misc.)
24,WATER SPARKLING PASSIONFRUIT,1.0,20.0,14.86,9.0718474,Fruits (misc.)
24,WATER SPARKLING PEACH PEAR,1.0,20.0,14.86,9.0718474,Fruits (misc.)
24,WATER SPARKLING TANGERINE CAN,1.0,18.0,14.86,8.164662660000001,Uncategorized
2,CAKE TRES LECHE,4.0,44.32,325.64,20.1032138384,"Wheat/Rye (Bread, pasta, baked goods)"
2,EGG LIQ WHL CAGE FREE W/CITRIC,16.0,640.0,2900.96,290.29911680000004,Eggs
4,JUICE ORANGE,38.0,1444.0,2280.1,654.98738228,Citrus Fruit
48,COOKIE CHOC CHUNK IW SANDY S,27.0,244.62,1827.09,110.9577655494,"Wheat/Rye (Bread, pasta, baked goods)"
12,WATER COCONUT JUICE 100%,85.0,765.0,1641.35,346.99816305,Tree nuts and seeds
1,MELON HONEYDEW FRSH,31.0,744.0,1189.09,337.47272328,Fruits (misc.)
24,SODA COKE DIET,50.0,888.125,1110.0,402.84672360625,Stimulants
4,CHICKEN CVP BRST 6OZ HAL,12.0,240.0,1094.6,108.8621688,"Poultry (chicken, turkey)"
5,BEEF STRIP LOIN 0X1 FRSH,2.0,138.1,1074.9,62.641106297,Beef & buffalo meat
42,CHICKEN CUTLET CLS VEGAN 3.7,12.0,116.4,936.6,52.798151868000005,Legumes (misc.)
160,ROLL DINNER ASST THAW AND SERV,19.0,281.2,922.44,127.550174444,Rice
8,STRAWBERRY FRESH DRISCOLL,23.0,184.0,915.35,83.46099608,Berries
24,SODA COKE ZERO CANS SUITECASE,40.0,758.4,888.0,344.004453408,Stimulants
24,SODA COCA COLA CLS,40.0,800.0,888.0,362.873896,Stimulants
1,PINEAPPLE FRESH GOLDEN RIPE,34.0,408.0,858.02,185.06568696,Fruits (misc.)
1,BACON LAYFLAT 18/22 SMOKED,11.0,165.0,840.66,74.84274105,Pork (pig meat)
2,POTATO CKD RED SKON WDG 8 CUT,21.0,420.0,836.22,190.5087954,Potatoes
24,DRINK ENERGY RED BULL,17.0,211.65,825.35,96.0028251105,Stimulants
24,DRINK ENERGY REDBULL SF,17.0,244.8,824.5,111.039412176,Stimulants
5,BEEF BRISKET PR,2.0,145.6,815.94,66.043049072,Beef & buffalo meat
1,MELON CANTALOUPE FRESH,20.0,690.0,815.53,312.97873530000004,Fruits (misc.)
3,SPRINGROLL VEGETABLE,10.0,90.0,801.3,40.8233133,Legumes (misc.)
4,CHICKEN CVP THIGH B/S HALAL,10.0,400.0,801.3,181.436948,"Poultry (chicken, turkey)"
8,TOFU FIRM SUPER ORGANIC,22.0,352.0,766.92,159.66451424000002,Soybeans/Tofu
24,WATER SPARKLING,50.0,1000.0,743.0,453.59237,Uncategorized
1,EGG HARDBOILED WHL PEEL SEL,8.0,200.0,707.51,90.718474,Eggs
1,APPLE GLDN DEL X-FANCY FRESH,14.0,560.0,690.02,254.0117272,Apples
16,BACON TURKEY SLI,10.0,120.0,586.7,54.4310844,"Poultry (chicken, turkey)"
6,MILK HOMO ORGANIC,20.0,480.0,585.4,217.7243376,Milk (cow's milk)
24,SODA SPRITE CANS,26.0,468.0,571.22,212.28122916,Stimulants
1,BROCCOLI FCY FRSH ICELS,19.0,380.0,539.95,172.3651006,Cabbages and other Brassicas (Broccoli)
6,OIL OLIVE BLEND 90/10,8.0,388.8,533.37,176.35671345600002,Olives (Oil)
1,OIL SALAD CANOLA ZTF,16.0,560.0,526.14,254.0117272,Rapeseed/canola (Oil)
24,WATER STILL BLUE BTL GLASS,20.0,700.0,520.2,317.514659,Uncategorized
1,BRUSSEL SPROUT ICELS,13.0,325.0,517.98,147.41752025,Beans and pulses (dried)
2,BATTER MUFFIN CAPPUC CHOC CHNK,9.0,144.0,512.86,65.31730128000001,"Wheat/Rye (Bread, pasta, baked goods)"
1,SALMON FIL BAY OF FUNDY SKLS,3.0,37.0,482.6,16.78291769,Fish (finfish)
1,PLANTBASED MEATBALL VEGAN,8.0,80.0,478.08,36.2873896,Legumes (misc.)
2,BATTER MUFFIN BLUEBERRY,9.0,144.0,474.23,65.31730128000001,"Wheat/Rye (Bread, pasta, baked goods)"
8,JUICE APPLE 100% PET,13.0,494.0,450.06,224.07463078,Apples
2,BATTER MUFFIN LEMON POPPYSEED,9.0,144.0,450.02,65.31730128000001,"Wheat/Rye (Bread, pasta, baked goods)"
1,APTZR MUSHROOM ARANCINI,3.0,25.68,446.94,11.6482520616,Vegetables (misc.)
2,BATTER MUFFIN PISTCH,6.0,108.0,444.6,48.98797596,"Wheat/Rye (Bread, pasta, baked goods)"
4,SHRIMP WHT P&D TLOF 31/40,8.0,80.0,433.92,36.2873896,Crustaceans (shrimp/prawns)
4,GARLIC PEELED FRESH,4.0,80.0,421.01,36.2873896,Stimulants & Spices (misc.)
5,APTZR SPANAKOPITA,5.0,18.75,418.9,8.5048569375,"Wheat/Rye (Bread, pasta, baked goods)"
1,BANANA FRESH GREEN TIP,16.0,688.0,403.02,312.07155056,Bananas
40,WATER BOTTLED DRINKING,30.0,1368.0,397.2,620.51436216,Uncategorized
12,BLUEBERRY FRESH,7.0,89.25,395.76,40.4831190225,Berries
2,BATTER MUFFIN CORN,8.0,128.0,393.2,58.05982336,"Wheat/Rye (Bread, pasta, baked goods)"
6,QUINOA GRAIN TRI COLORED,7.0,84.0,389.62,38.10175908,Grains/cereals (except rice)
114,SAUSAGE CHICKEN FOUR PPR VEG/C,8.0,80.0,382.28,36.2873896,Legumes (misc.)
2,BATTER MUFFIN BANANA NUT,7.0,112.0,376.21,50.80234544,"Wheat/Rye (Bread, pasta, baked goods)"
104,CHIP POTATO REG SNG SRV,8.0,52.0,373.76,23.58680324,"Wheat/Rye (Bread, pasta, baked goods)"
6,POTATO SWEET CENTER CUT,5.0,150.0,365.79,68.0388555,Cassava and Other Roots
6,BEAN BLACK FRESH READY TO EAT,9.0,216.0,346.53,97.97595192,Beans and pulses (dried)
2,BATTER MUFFIN CRNBRY ORNG NUT,6.0,96.0,342.72,43.54486752,"Wheat/Rye (Bread, pasta, baked goods)"
2,BATTER MUFFIN SUNRISE,6.0,96.0,342.12,43.54486752,"Wheat/Rye (Bread, pasta, baked goods)"
24,SODA GINGER ALE CUBE,22.0,458.7,339.68,208.062820119,Stimulants
1,PEPPER SWEET BELL MEDLEY HH,8.0,160.0,336.06,72.57477920000001,Stimulants & Spices (misc.)
6,MILK SOY PLAIN 64OZ,12.0,288.0,334.56,130.63460256000002,Soy milk
6,SAUCE SOY GLUTEN FREE,4.0,124.0,334.32,56.24545388,Vegetable oils
12,POTATO H/BRN PTY 2.25 OZ,5.0,168.75,330.3,76.5437124375,Potatoes
2,SALMON ATL SMK SLI FIL USA,4.0,22.66,324.08,10.2784031042,Fish (finfish)
1,CARROT BABY PLD 1 TOP,16.0,80.0,317.28,36.2873896,Root Vegetables
2,BEEF TENDERLOIN PSMO IMP,2.0,23.6,309.52,10.704779932,Beef & buffalo meat
12,CREAMER HALF & HALF ESL,7.0,179.55,305.41,81.44251003350001,Milk (cow's milk)
4,SPINACH CLIPPED FRESH,10.0,100.0,302.52,45.359237,Cabbages and other Brassicas (Broccoli)
4,ONION DICED 3/8 YEL,7.0,140.0,302.39,63.502931800000006,Onions and Leeks
6,SAUCE TERIYAKI GLAZE,5.0,158.75,301.75,72.00778873750001,Vegetable oils
1,BROCCOLI CROWN ASIAN ICELS,10.0,200.0,300.1,90.718474,Cabbages and other Brassicas (Broccoli)
1,EGG SHELL XLRG GRD AA USDA WHT,2.0,50.5,298.46,22.906414685,Eggs
12,EGG WHITE LIQ W/TEC OPT CHOICE,4.0,96.0,297.68,43.54486752,Eggs
2,MEATBALL BEEF ITAL STYLE 1 OZ,6.0,60.0,289.98,27.2155422,Beef & buffalo meat
4,BEEF GRND BULK 81/19 CHUB FRS,3.0,60.0,285.48,27.2155422,Beef & buffalo meat
216,PRESERVE ASSORTED,4.0,26.24,276.76,11.9022637888,Uncategorized
1,POTATO FINGERLING MIX,3.0,150.0,276.62,68.0388555,Potatoes
6,APTZR FRANK IN BLNKT,3.0,24.0,273.84,10.88621688,Beef & buffalo meat
4,CHEESE CHDR SHRP FTHR SHRD YEL,4.0,80.0,261.37,36.2873896,Cheese
1,EGGPLANT FRESH,8.0,216.0,254.56,97.97595192,Other vegetables
2,POTATO SLI CKD RST SKLS 1/8 FZ,11.0,220.0,253.0,99.7903214,Potatoes
100,CHEESE CREAM ORIG SPREAD CUP,7.0,32.816,252.49,14.885087213920002,Cheese
120,SNACK BAR GRANOLA VARIETY PAK,4.0,30.0,247.88,13.6077711,Oats (Oatmeal)
48,BURGER BLACK BEAN VEGGIE G/F,3.0,37.8,245.16,17.145791585999998,Beans and pulses (dried)
168,CHEESE MOZZ STRING,5.0,52.5,237.7,23.813599425,Cheese
60,COOKIE MILANO,5.0,18.825,235.55,8.53887636525,"Wheat/Rye (Bread, pasta, baked goods)"
104,CHIP POTATO SRCRM & ONION SS,5.0,32.5,233.6,14.741752025,"Wheat/Rye (Bread, pasta, baked goods)"
1,SQUASH YELLOW S/N MEDIUM FRESH,8.0,192.0,226.93,87.08973504000001,Fruits (misc.)
6,SNACK BAR ALMOND AND COCONT,2.0,15.4,226.48,6.985322498,Tree nuts and seeds
6,SNACK BAR BLUBRY VAN & CASHEW,2.0,12.6,225.32,5.7152638620000005,Tree nuts and seeds
2,APTZR VEGETABLE SAMOSA SMALL,4.0,32.0,225.28,14.51495584,"Wheat/Rye (Bread, pasta, baked goods)"
4,DIP HUMMUS CHEF PCH CLS RECIPE,6.0,52.8,221.28,23.949677136,Vegetable oils
2,BACON BIT REAL CKD 3/8 GF,3.0,30.0,220.44,13.6077711,Pork (pig meat)
6,SAUCE MARINARA PREMIUM CA,4.0,157.5,215.04,71.440798275,Vegetable oils
100,CHEESE CREAM GARDEN VEGETABLE,5.0,31.25,214.7,14.1747615625,Cheese
6,PAN COATING BUTR SPRAY,6.0,38.22,212.88,17.3363003814,Vegetable oils
12,CREAM HEAVY WHIPPING 36% ESL,3.0,76.98,210.66,34.9175406426,Cream
8,JUICE CRNBRY RTS PET,7.0,242.298,207.83,109.90452406626,Citrus Fruit
2,CHEESE PARM WHEEL CRYO USA,1.0,42.94,206.84,19.4772563678,Cheese
1,SQUASH ZUCCHINI MEDIUM FRESH,8.0,160.0,203.82,72.57477920000001,Other vegetables
6,VEGETABLE BLND RSTD CORN PEPR,5.0,75.0,201.95,34.01942775,Legumes (misc.)
107,DOUGH COOKIE CHOC CHIP GOURMT,3.0,63.0,197.79,28.57631931,"Wheat/Rye (Bread, pasta, baked goods)"
1,APPLE SLICE IQF,4.0,120.0,197.12,54.4310844,Apples
1,RICE BASMATI WHITE,5.0,123.5,196.8,56.018657695,Rice
4,CHEESE MOZZARELLA SHRD WHL MLK,3.0,60.0,192.56,27.2155422,Cheese
3,SOUP CHOWDER CLAM NEW ENG CONC,4.0,48.4,192.32,21.953870708,Mollusks
2,CHICKEN BRST BRD PCK HMSTY,6.0,60.0,187.8,27.2155422,"Poultry (chicken, turkey)"
104,POPCORN CHEDDAR WHT ORIG,4.0,16.24,186.88,7.3663400888,Corn (Maize)
1,GRAPE RED SEEDLS LG,4.0,72.0,186.19,32.658650640000005,Citrus Fruit
1,CARROT BABY PLD TRI COLOR,7.0,45.29,181.44,20.5431984373,Root Vegetables
2,LAMB GROUND DOM 296 FINE,2.0,20.0,180.32,9.0718474,Lamb/mutton & goat meat
12,YOGURT BLACK CHERRY GREEK NF,10.0,45.0,180.3,20.41165665,Yogurt
12,YOGURT BLUEBERRY GREEK NON FAT,10.0,40.0,180.3,18.1436948,Yogurt
12,YOGURT COCONUT GREEK BLNDED,10.0,39.75,180.3,18.0302967075,Yogurt
12,YOGURT MANGO GREEK 2%,10.0,40.0,180.3,18.1436948,Yogurt
12,YOGURT PEACH GREEK NONFAT,10.0,40.0,180.3,18.1436948,Yogurt
12,YOGURT PINEAPPLE GREEK 2%,10.0,45.0,180.3,20.41165665,Yogurt
12,YOGURT PLAIN NONFAT GREEK,10.0,39.75,180.3,18.0302967075,Yogurt
12,YOGURT RASPBERRY GREEK NF,10.0,45.0,180.3,20.41165665,Yogurt
12,YOGURT STRAW/BAN GREEK 2%,10.0,45.0,180.3,20.41165665,Yogurt
12,YOGURT STWBRY GREEK NON FAT,10.0,40.0,180.3,18.1436948,Yogurt
12,YOGURT VANILLA GREEK NON FAT,10.0,45.0,180.3,20.41165665,Yogurt
24,WATER SPARKLING LMN,11.0,198.0,180.26,89.81128926000001,Citrus Fruit
1,PEAR FRESH,3.0,114.0,178.68,51.70953018,Fruits (misc.)
100,CHEESE CREAM LIGHT,5.0,23.4,178.15,10.614061458,Cheese
200,HONEY PURE CUP,4.0,28.0,174.8,12.70058636,Sugars and sweeteners
6,TOMATO DICED FIRE ROASTED,3.0,114.75,174.63,52.049724457500005,Tomatoes
4,LETTUCE ROMAINE HEART OF FRSH,5.0,107.0,174.27,48.53438359,Cabbages and other Brassicas (Broccoli)
24,BUN HAMBURGER GLUTEN FREE IW,5.0,24.0,173.0,10.88621688,Pork (pig meat)
1,STRAWBERRY WHOLE IQF,2.0,60.0,172.32,27.2155422,Berries
3,LETTUCE MIX TUSCAN BABY KALE,10.0,30.0,164.76,13.6077711,Cabbages and other Brassicas (Broccoli)
2,PASTA ROTINI/SPIRAL GARDEN,3.0,57.3,164.04,25.990842801,"Wheat/Rye (Bread, pasta, baked goods)"
2,CHEESE MOZZ FRSH CILIEGN 1/3OZ,5.0,30.0,163.5,13.6077711,Cheese
24,WATER SPARKLING MANGO,11.0,220.0,163.46,99.7903214,Fruits (misc.)
24,WATER FLAVOR COCONUT CAN,11.0,198.0,163.46,89.81128926000001,Tree nuts and seeds
24,WATER SPARKLING PEACH PEAR,11.0,220.0,163.46,99.7903214,Fruits (misc.)
24,WATER SPARKLING TANGERINE CAN,11.0,198.0,163.46,89.81128926000001,Uncategorized
24,WATER SPARKLING APRCT,11.0,220.0,163.46,99.7903214,Uncategorized
2,WATER SPARKLING BEACH PLUM,11.0,198.0,163.46,89.81128926000001,Fruits (misc.)
24,WATER SPARKLING BERRY,11.0,198.0,163.46,89.81128926000001,Berries
24,WATER SPARKLING CRAN RASP,11.0,220.0,163.46,99.7903214,Berries
24,WATER SPARKLING GRAPEFRUIT,11.0,197.89,163.46,89.76139409929999,Fruits (misc.)
24,WATER SPARKLING KEY LIME CAN,11.0,198.0,163.46,89.81128926000001,Citrus Fruit
24,WATER SPARKLING LIME,11.0,198.0,163.46,89.81128926000001,Citrus Fruit
72,TOAST FRENCH CINN SWIRL 3/4TH,3.0,33.45,160.34,15.1726647765,"Wheat/Rye (Bread, pasta, baked goods)"
6,MILK ORIGINAL OAT XTRA CREAMY,8.0,175.68,159.28,79.6871075616,Oat milk
1,LEMON CHOICE FRESH,4.0,160.0,158.32,72.57477920000001,Citrus Fruit
6,CORN YEL RSTD,4.0,60.0,157.0,27.2155422,Corn (Maize)
6,BEAN GARBANZO FRESH RTE,4.0,96.0,153.88,43.54486752,Beans and pulses (dried)
3,NUT MIXED ULTRA MIX,2.0,12.0,153.18,5.4431084400000005,Uncategorized
8,JUICE LEMON,4.0,102.76,151.68,46.611151941200006,Citrus Fruit
20,BROCCOLI RABE ICELESS,3.0,60.0,151.31,27.2155422,Cabbages and other Brassicas (Broccoli)
6,MILK SKIM UHT,10.0,252.0,149.86,114.30527724,Milk (cow's milk)
4,APTZR VEG FALAFEL BALL,3.0,48.0,147.3,21.77243376,Legumes (misc.)
6,VEG BLEND RSTD WHT CORN PEPERS,3.0,45.0,147.05,20.41165665,Legumes (misc.)
1,RICE JASMINE,4.0,98.8,147.04,44.814926156,Rice
6,VEGETABLE BLND RST PEPR ONION,4.0,60.0,146.16,27.2155422,Legumes (misc.)
104,CHIP POTATO BBQ SS,3.0,19.5,140.16,8.845051215,"Wheat/Rye (Bread, pasta, baked goods)"
6,SPICE CORIANDER GRND,0.0,9.0,136.9,4.082331330000001,Stimulants & Spices (misc.)
12,CEREAL HOT OAT OLD FASHIONED,2.0,64.4,132.14,29.211348628000003,Grains/cereals (except rice)
12,CRACKER ASSORTMENT FOR CHEESE,2.0,14.2,130.76,6.441011654,Cheese
12,SALT KOSHER FLAKE COARSE,2.0,74.2,130.38,33.656553854,Stimulants & Spices (misc.)
36,BUTTER SOLID UNSLTD USDA AA,1.0,36.0,128.8,16.329325320000002,Butter
2,BATTER MUFFIN RED VELVET,3.0,48.0,127.77,21.77243376,"Wheat/Rye (Bread, pasta, baked goods)"
12,DRINK ICE TEA LMN CAN,17.0,171.7,127.67,77.881809929,Citrus Fruit
12,YOGURT POMEGRANATE GREEK NF,7.0,31.5,126.21,14.288159655,Yogurt
100,CHURRO PRFRD MEXICAN PASTRY,2.0,15.86,125.88,7.1939749882,"Wheat/Rye (Bread, pasta, baked goods)"
2,TOMATO DICED 3/8IN TRAY,6.0,60.0,125.29,27.2155422,Tomatoes
5,LAMB LEG BNLS HALAL FRZ,1.0,23.69,124.85,10.745603245300002,Lamb/mutton & goat meat
72,SNACK TRAIL MIX FRUIT & NUT,2.0,18.0,124.04,8.164662660000001,Tree nuts and seeds
2,SOUP MINESTRONE RTU REFRI,3.0,48.0,123.7,21.77243376,"Wheat/Rye (Bread, pasta, baked goods)"
2,PASTA MACARONI ELBOW SMOOTH,3.0,60.0,121.56,27.2155422,"Wheat/Rye (Bread, pasta, baked goods)"
4,OIL OLIVE EXTRA VIRGIN ROBUSTO,1.0,24.19,119.94,10.9723994303,Olives (Oil)
6,TEA HOT BAG GREEN,4.0,7.6,119.52,3.447302012,Stimulants
88,PRETZEL TINY TWIST CLS SS,3.0,16.5,118.59,7.484274105000001,"Wheat/Rye (Bread, pasta, baked goods)"
6,TEA EARLGREY,4.0,6.4,117.68,2.902991168,Stimulants
1,CHEESE MANCHEGO 3 MONTHS AGED,1.0,7.58,116.11,3.4382301646,Cheese
6,SNACK BAR CARAMEL ALMD SEA SLT,1.0,6.3,116.01,2.857631931,Tree nuts and seeds
4,SAUCE BBQ ORIGINAL,2.0,81.12,115.72,36.7954130544,Vegetable oils
6,LOBSTER MEAT SENSATIONS,1.0,12.0,112.79,5.4431084400000005,Lamb/mutton & goat meat
12,STARCH POTATO,3.0,36.0,112.38,16.329325320000002,Potatoes
6,SNACK BAR CHOC DARK CHRY CASHW,1.0,7.0,111.27,3.17514659,Tree nuts and seeds
2,MEATBALL TURKEY COOKED,3.0,30.0,110.22,13.6077711,"Poultry (chicken, turkey)"
120,COOKIE SANDWICH OREO 1.59 OZ,2.0,23.76,109.72,10.7773547112,"Wheat/Rye (Bread, pasta, baked goods)"
6,CHILI CRISP SPICY 7OZ,2.0,10.2,109.36,4.626642174,Stimulants
4,OLIVE KALAMATA PTD PLAS KEG,1.0,17.0,109.36,7.71107029,Other vegetables
8,JUICE CRANBERRY CKTL27% PET,2.0,64.0,108.44,29.02991168,Berries
4,DIP HUMMUS CHF PCH FRRST RD PR,3.0,26.64,108.39,12.0837007368,Vegetable oils
1,EGG SHELL LG PASTEURIZED CF,1.0,22.5,107.02,10.205828325,Eggs
1,CELERY FRESH,3.0,166.05,104.44,75.3190130385,Other vegetables
60,COOKIE MINI CHIPS AHOY,3.0,22.5,104.04,10.205828325,"Wheat/Rye (Bread, pasta, baked goods)"
24,WATER SPARKLING ORG,7.0,140.0,104.02,63.502931800000006,Uncategorized
6,HAM PROSCIUTTO SLICE,1.0,6.0,103.01,2.72155422,Pork (pig meat)
120,COOKIE LORNA DOONE,2.0,16.9,102.2,7.665711053,"Wheat/Rye (Bread, pasta, baked goods)"
1,GRAPE GREEN SEEDLS LG,2.0,36.0,102.1,16.329325320000002,Citrus Fruit
1,CHOCOLATE CHIP SEMI REAL 4000,1.0,24.0,101.91,10.88621688,"Wheat/Rye (Bread, pasta, baked goods)"
1200,SUGAR TURBINADO PACKET CANE,3.0,34.5,100.41,15.648936765,Sugars and sweeteners
2,CHEESE VEGAN MOZZ SHRED,2.0,20.0,99.89,9.0718474,Soybeans/Tofu
36,BEEF GRND PTY 75\25 T\G FRZ,2.0,31.5,99.84,14.288159655,Beef & buffalo meat
12,CAULIFLOWER CELLO WRPD FRSH,3.0,79.65,99.05,36.128632270500006,Cabbages and other Brassicas (Broccoli)
1,AVOCADO HASS BRKNG #2 GUAC PAK,2.0,47.0,98.36,21.31884139,Fruits (misc.)
1,TOMATO GRAPE FRSH,5.0,50.0,97.23,22.6796185,Tomatoes
45,CROISSANT HAM STFD,1.0,8.4,95.49,3.810175908,Pork (pig meat)
2,PASTA PENNE RIGATE MINI,2.0,39.4,93.76,17.871539378,"Wheat/Rye (Bread, pasta, baked goods)"
1,TOMATO ROMA UTILITY FRESH,3.0,75.0,93.6,34.01942775,Tomatoes
104,CHIP TORTILLA COOLER RANCH SS,2.0,13.0,93.44,5.8967008100000005,"Wheat/Rye (Bread, pasta, baked goods)"
104,CHIP TORTILLA NACHO CHS SS,2.0,13.0,93.44,5.8967008100000005,"Wheat/Rye (Bread, pasta, baked goods)"
12,CHEESE BOURSIN HERB FRENCH,2.0,7.8,93.16,3.538020486,Cheese
2,PEPPER GREEN DICED FRESH,3.0,30.0,93.01,13.6077711,Stimulants & Spices (misc.)
1,POTATO BAKING IDAHO 50CT FRSH,4.0,200.0,91.6,90.718474,Potatoes
1,POTATO SWEET JUMBO,4.0,160.0,91.05,72.57477920000001,Cassava and Other Roots
30,KETCHUP SQUEEZE UPSIDE DOWN,1.0,37.5,90.17,17.009713875,Tomatoes
24,WATER SPARKLING PASSIONFRUIT,6.0,120.0,89.16,54.4310844,Fruits (misc.)
24,SYRUP CHOCOLATE  SQZ BOTTLE,1.0,36.0,89.02,16.329325320000002,Sugars and sweeteners
2,TURKEY BRST SMOKED SKON,1.0,19.35,88.31,8.7770123595,"Poultry (chicken, turkey)"
64,CHIP POTATO BBQ LSS,2.0,12.0,88.18,5.4431084400000005,"Wheat/Rye (Bread, pasta, baked goods)"
2,CHICKEN BRST PTY BRD PCK 3.45Z,2.0,20.7,86.1,9.389362059,"Poultry (chicken, turkey)"
12,POTATO H/BRN SIDE O BRWN 2.25Z,1.0,33.75,84.83,15.3087424875,Potatoes
1,CHICKEN CVP DRM & THGH MXD HAL,2.0,80.0,84.56,36.2873896,"Poultry (chicken, turkey)"
2,SOUP ITALIAN WEDDING W/MTBALLS,2.0,32.0,84.18,14.51495584,Lamb/mutton & goat meat
4,MAYONNAISE HEAVY DUTY,2.0,58.0,83.36,26.30835746,Vegetable oils
4,DRESSING RANCH BUTTERMILK,1.0,32.7,81.91,14.832470499,Yogurt
6,TEA ENGLISH TEATIME 20CT,4.0,5.6,81.8,2.540117272,Stimulants
2000,SUGAR SUB SWEETENER SPLENDA,2.0,8.8,79.66,3.9916128560000006,Sugars and sweeteners
6,SEASONING CAJUN,0.0,4.633,79.44,2.10149345021,Stimulants & Spices (misc.)
12,VEGETABLE BLEND CALIF GR A,2.0,48.0,79.06,21.77243376,Legumes (misc.)
5,BUTTER CHIP CNTL USDA AA 59CT,1.0,17.0,78.32,7.71107029,Butter
2,DRINK FRUIT PUNCH ALL STARS 12,4.0,72.0,78.04,32.658650640000005,Fruits (misc.)
2,CHICKEN BRST NUG TEMPURA BTR,3.0,30.0,77.94,13.6077711,"Poultry (chicken, turkey)"
24,MILK COCONUT UNSWEETENED,2.0,46.0,77.58,20.86524902,Tree nuts and seeds
12,SUGAR BROWN LIGHT CANE,2.0,48.0,77.34,21.77243376,Sugars and sweeteners
6,OIL OLIVE EXTRA VIRGIN,1.0,5.19,77.11,2.3541444003000005,Olives (Oil)
4,SHRIMP BRD COCO RND 16/20,1.0,12.0,76.96,5.4431084400000005,Crustaceans (shrimp/prawns)
4,SALSA CHUNKY MED AUTHENTIC,1.0,33.75,76.18,15.3087424875,Stimulants
150,CRACKER OYSTER NEW ENGLAND,4.0,18.76,74.44,8.5093928612,"Wheat/Rye (Bread, pasta, baked goods)"
40,SAUSAGE ITAL LNK N/C 4X1,2.0,20.0,74.17,9.0718474,Pork (pig meat)
4,ONION GREEN ICELS,3.0,18.45,74.02,8.368779226500001,Onions and Leeks
6,SPICE GARLIC GRANULATED,0.0,9.498,73.86,4.30822033026,Stimulants & Spices (misc.)
2,BEAN GREEN TRIMMED FRSH,3.0,31.35,73.8,14.220120799500002,Beans and pulses (dried)
2,CHEESE FETA CRUMBLED,2.0,20.0,73.37,9.0718474,Cheese
1,APPLE RED DEL FANCY FRESH,2.0,80.0,73.16,36.2873896,Apples
1,ORANGE FANCY FRESH,2.0,80.0,73.01,36.2873896,Citrus Fruit
4,CARROT SHRD FRSH MATCH STK,2.0,40.0,72.52,18.1436948,Root Vegetables
1,FENNEL ANISE BUNCH FRSH,3.0,33.0,71.99,14.968548210000002,"Wheat/Rye (Bread, pasta, baked goods)"
4,CILANTRO CLEAN WASH FRESH HERB,3.0,14.1,69.98,6.395652417,Stimulants & Spices (misc.)
1,PINEAPPLE CHUNK IQF,2.0,40.0,69.94,18.1436948,Fruits (misc.)
213,DOUGH COOKIE CHOC CHUNK,1.0,20.0,67.92,9.0718474,"Wheat/Rye (Bread, pasta, baked goods)"
1,ONION YELLOW JUMBO BAG,3.0,150.0,65.38,68.0388555,Onions and Leeks
12,CRACKER RICE PLAIN,2.0,7.0,65.08,3.17514659,"Wheat/Rye (Bread, pasta, baked goods)"
12,CHEESE GOAT LOG CHEVRE,1.0,7.88,64.37,3.5743078756,Lamb/mutton & goat meat
2,TOMATO SLI FRSH FC XL,2.0,42.0,64.26,19.05087954,Tomatoes
48,COOKIE LEMON BLUBRY MANFSTO IW,1.0,8.4,64.25,3.810175908,"Wheat/Rye (Bread, pasta, baked goods)"
12,MAYONNAISE SQUEEZE BTL,1.0,8.62,64.16,3.9099662294,Vegetable oils
2,SAUSAGE CHORIZO VEGAN BULK,1.0,10.0,63.22,4.535923700000001,Legumes (misc.)
48,COOKIE CARAMEL SLTD IW MANIF,1.0,8.82,63.13,4.0006847034,"Wheat/Rye (Bread, pasta, baked goods)"
4,DRESSING BALSAMIC VINEGARETTE,1.0,34.0,63.01,15.42214058,Vegetable oils
4,CHEESE AMER 160 SLI YEL,1.0,20.0,62.95,9.0718474,Cheese
16,PASTA ORZO,2.0,32.0,62.9,14.51495584,"Wheat/Rye (Bread, pasta, baked goods)"
2,CRANBERRY DRIED CRAISINS,3.0,18.0,61.38,8.164662660000001,Fruits (misc.)
213,DOUGH COOKIE OATMEAL RAISIN,1.0,20.0,60.76,9.0718474,"Wheat/Rye (Bread, pasta, baked goods)"
213,DOUGH COOKIE SUGAR GOURM,1.0,20.5,60.76,9.298643585,"Wheat/Rye (Bread, pasta, baked goods)"
1,APRICOT DRIED MEDITERRANEAN,1.0,5.0,60.64,2.2679618500000003,Fruits (misc.)
72,SNACK TRAIL MIX NUT & CHOC,1.0,9.0,60.29,4.082331330000001,Tree nuts and seeds
6,SOUP BASE VEG ULTM GF,1.0,6.0,60.17,2.72155422,Legumes (misc.)
6,ORANGE MANDRN WHL SEC LGHT SYR,1.0,44.4,59.83,20.139501228,Citrus Fruit
12,VEGETABLE MIX 5 WAY GR A P,1.0,30.0,58.69,13.6077711,Legumes (misc.)
6,KALE CHOPPED,2.0,24.0,58.66,10.88621688,Cabbages and other Brassicas (Broccoli)
24,DRINK FRUIT PUNCH G2,3.0,54.0,58.53,24.49398798,Fruits (misc.)
24,DRINK GRAPE G2,3.0,51.6,58.53,23.405366292,Citrus Fruit
2,DRINK ORANGE ALL STARS 12 OZ,3.0,53.88,58.53,24.439556895600003,Citrus Fruit
2,HAM CAPICOLA BUTT HOT,1.0,10.75,58.52,4.8761179775,Pork (pig meat)
2,DRINK LMN/LM ALL STAR 12 OZ,3.0,53.88,57.9,24.439556895600003,Citrus Fruit
1,ANCHOVY FIL REGNOLI ALICI WHT,1.0,5.0,57.71,2.2679618500000003,Fish (finfish)
6,TEA HOT BAG HERBAL MINT MEDLY,2.0,1.466,57.68,0.66496641442,Stimulants
6,TEA LEMON LIFT,2.0,3.7,57.68,1.678291769,Citrus Fruit
3,CHEESE CUBE CHDR/SWISS/PEP JCK,1.0,15.0,56.97,6.80388555,Cheese
2,CHEESE BRIE PLAIN 60% DOMSTC,2.0,8.0,56.26,3.62873896,Cheese
6,TORTILLA CORN YEL 6,2.0,46.0,55.72,20.86524902,Corn (Maize)
1,OAT REGULAR GLUTEN FREE,1.0,25.0,55.66,11.33980925,Oats (Oatmeal)
2,SAUSAGE ANDOUILLE ROPE SMKD FZ,1.0,10.0,53.63,4.535923700000001,Pork (pig meat)
1,CARROT FRESH JUMBO,2.0,100.0,53.45,45.359237,Root Vegetables
2,OLIVES GREEK MIX,1.0,10.0,53.12,4.535923700000001,Other vegetables
4,BAGEL PLAIN GLUTEN FREE,2.0,10.5,52.96,4.762719885,"Wheat/Rye (Bread, pasta, baked goods)"
6,SPICE ONION GRANULATED,0.0,4.7,52.56,2.1318841390000003,Stimulants & Spices (misc.)
6,"VEG BLEND SWT POT,RSTD ROOTVEG",1.0,15.0,52.17,6.80388555,Legumes (misc.)
3,SPICE PEPPER BLK GRND,0.0,4.9,52.0,2.2226026130000003,Stimulants & Spices (misc.)
2,ARUGULA BABY FRESH,3.0,12.0,51.27,5.4431084400000005,Cabbages and other Brassicas (Broccoli)
2,CHEESE BLUE WHEEL,1.0,13.58,51.13,6.1597843846,Cheese
4,PEPPER JALAPENO SLICES,1.0,34.3,51.04,15.558218291,Stimulants & Spices (misc.)
12,PEA GREEN P,1.0,30.0,51.02,13.6077711,Peas
6,POTATO PANCAKE MINI BABYCAKE,1.0,18.0,50.61,8.164662660000001,"Wheat/Rye (Bread, pasta, baked goods)"
4,ONION RING BRD 3/8IN HOMESTYLE,2.0,20.0,50.34,9.0718474,Onions and Leeks
1,COUSCOUS INTL MIDDLE EASTERN,2.0,16.0,49.24,7.25747792,"Wheat/Rye (Bread, pasta, baked goods)"
6,MUFFIN ENGLISH ORIG 2 OZ,2.0,13.366,48.66,6.06271561742,"Wheat/Rye (Bread, pasta, baked goods)"
12,PEA & CARROT GR A P,1.0,30.0,48.47,13.6077711,Peas
4,DRESSING ITAL LITE,1.0,35.4,48.38,16.057169898,Vegetable oils
1,EGG SHELL LRG BRN A CAGE FREE,1.0,22.5,47.7,10.205828325,Eggs
24,SAUCE CHILI SWEET,1.0,15.0,47.69,6.80388555,Vegetable oils
3,CASHEW PCS ROASTED NO SALT,1.0,6.0,47.46,2.72155422,Tree nuts and seeds
24,SUGAR GRANULATED CANSTR CANE,1.0,30.0,46.99,13.6077711,Sugars and sweeteners
3,SOUP CHOWDER CORN CHKN CONC,1.0,11.998,46.85,5.44220125526,"Poultry (chicken, turkey)"
2,CHEESE PARM GRTD FRSH DOM,1.0,10.0,46.58,4.535923700000001,Cheese
2,CREAM SOUR CREMA MEXICANA,2.0,20.0,46.52,9.0718474,Cream
6,SOUP BASE VEG GF NO MSG SAUT,1.0,6.0,46.47,2.72155422,Legumes (misc.)
6,LEAVES GRAPE STFD DOLMADES,1.0,26.5,46.3,12.020197805,Citrus Fruit
1,BROCCOLI RABE RAPINI FRSH,1.0,20.0,45.63,9.0718474,Cabbages and other Brassicas (Broccoli)
1,CHICKEN BRST AIRLINE NAE 8-10Z,1.0,10.0,45.54,4.535923700000001,"Poultry (chicken, turkey)"
1,CABBAGE NAPA CHINESE FRESH,1.0,30.0,45.29,13.6077711,Cabbages and other Brassicas (Broccoli)
1,ONION RED MEDIUM BOX,2.0,50.0,45.14,22.6796185,Onions and Leeks
1,RICE JASMINE THAI,2.0,50.0,45.08,22.6796185,Rice
1,CUCUMBER ENGLISH LONG,3.0,36.0,44.13,16.329325320000002,Other vegetables
1,BASIL FRESH HERB,4.0,4.0,44.12,1.81436948,Stimulants & Spices (misc.)
4,NOODLE LO MEIN,1.0,20.0,43.86,9.0718474,"Wheat/Rye (Bread, pasta, baked goods)"
4,NOODLE UDON JAPNSE,1.0,20.0,43.86,9.0718474,"Wheat/Rye (Bread, pasta, baked goods)"
2,ONION RED DICED 3/8,1.0,10.0,43.79,4.535923700000001,Onions and Leeks
1,PICKLE CHIP DILL KO RE KK 5/16,1.0,45.6,43.64,20.683812072,"Wheat/Rye (Bread, pasta, baked goods)"
1,WALNUT HALVES AND PCS,1.0,5.0,43.53,2.2679618500000003,Tree nuts and seeds
6,EXTRACT VANILLA IMIT,0.0,12.0,43.5,5.4431084400000005,Stimulants & Spices (misc.)
3,MANGO DICED,1.0,15.0,43.48,6.80388555,Fruits (misc.)
12,BREAD PITA PLAIN 2 OZ 6 IN,1.0,9.0,43.45,4.082331330000001,"Wheat/Rye (Bread, pasta, baked goods)"
3,SPICE GARLIC GRANULATED,0.0,6.5,43.19,2.948350405,Stimulants & Spices (misc.)
4,GRAIN SPECIALTY FARRO SEMIPRLD,1.0,12.0,43.12,5.4431084400000005,Grains/cereals (except rice)
4,PEPPERONI STICK SANDWICH STYLE,1.0,7.98,42.67,3.6196671126,Pork (pig meat)
4,VEGETABLE MIX SLAW POWER BLEND,2.0,16.0,42.58,7.25747792,Legumes (misc.)
4,CHEESE CREAM PLAIN VEGAN,1.0,8.0,42.5,3.62873896,Cream
6,SPICE PAPRIKA DOM GRND,0.0,6.25,42.24,2.8349523125,Stimulants & Spices (misc.)
4,SAUCE TZATZIKI SOUR CREAM,1.0,15.0,41.97,6.80388555,Vegetable oils
4,SAUCE HOLLANDAISE RTU,1.0,12.0,41.68,5.4431084400000005,Vegetable oils
6,POTATO FRY 3/8,1.0,30.0,41.06,13.6077711,Potatoes
6,TEA HERBAL COZY CHAMOMILE,2.0,1.46,40.9,0.6622448602000001,Pork (pig meat)
2,BACON CANADN STY NAT JUICE,1.0,7.89,40.03,3.5788437993,Pork (pig meat)
6,TOMATO WHOLE PEELD PLM NTRL,1.0,45.0,40.0,20.41165665,Tomatoes
6,SPICE CUMIN GRND,0.0,5.25,39.24,2.3813599425,Stimulants & Spices (misc.)
4,CARROT DICED 3/8,1.0,20.0,39.2,9.0718474,Root Vegetables
4,LETTUCE FRESH TENDER GREENS,1.0,12.0,39.06,5.4431084400000005,Cabbages and other Brassicas (Broccoli)
12,SAUCE CHILI SWEET THAI,1.0,24.0,38.79,10.88621688,Vegetable oils
6,SPICE CHILI POWDER LT,0.0,6.1,38.28,2.766913457,Stimulants
2,CHEESE BLUE CRUMBLES,1.0,10.0,38.28,4.535923700000001,Cheese
12,SOUP BASE CHICKEN,1.0,12.0,37.8,5.4431084400000005,"Poultry (chicken, turkey)"
10,TOMATO CHERRY MIX HEIRLOOM,1.0,6.75,37.14,3.0617484975,Fruits (misc.)
2,CHEESE PEPPER JACK LOAF,1.0,10.0,36.36,4.535923700000001,Cheese
6,SPICE GINGER GRND,0.0,1.562,35.5,0.70851128194,Stimulants & Spices (misc.)
2000,SUGAR PACKET,2.0,25.0,35.5,11.33980925,Sugars and sweeteners
2,CHEESE CHEDDAR SHARP YEL LOAF,1.0,10.0,34.76,4.535923700000001,Cheese
4,NOODLE YAKISOBA JAPNSE FZ,1.0,20.0,34.05,9.0718474,"Wheat/Rye (Bread, pasta, baked goods)"
5,BUN HAMBURGER BRIOCHE 4IN,1.0,10.5,33.98,4.762719885,Pork (pig meat)
6,PASTE MISO WHT KOSHI,1.0,4.95,33.87,2.2452822315,Stimulants
4,BANANA PLANTAIN FRZN SWEET SLI,1.0,24.0,33.74,10.88621688,Bananas
1,LETTUCE ICEBERG CELLO FRESH,1.0,45.0,32.51,20.41165665,Cabbages and other Brassicas (Broccoli)
1,PEPPER POBLANO FRESH,1.0,10.0,31.89,4.535923700000001,Stimulants & Spices (misc.)
4,CABBAGE RED SHRED 1/8,1.0,20.15,31.49,9.1398862555,Cabbages and other Brassicas (Broccoli)
1,BEAN LENTIL DRIED,1.0,20.0,28.61,9.0718474,Beans and pulses (dried)
6,SEASONING OLD BAY,0.0,3.0,28.42,1.36077711,Stimulants & Spices (misc.)
12,WATER SPRING,2.0,83.1,27.98,37.693525947,Uncategorized
12,TOMATO CHERRY FRESH,1.0,14.0,26.91,6.35029318,Fruits (misc.)
12,LETTUCE BIBB HYDRO FRESH,1.0,5.0,25.06,2.2679618500000003,Cabbages and other Brassicas (Broccoli)
4,CABBAGE GREEN SHRD FRSH W/BAG,1.0,20.0,24.97,9.0718474,Cabbages and other Brassicas (Broccoli)
6,SPICE THYME LEAVES WHL,0.0,0.733,24.8,0.33248320721,Vegetables (misc.)
12,MUSTARD BROWN SPCY BOTTLES,1.0,9.0,24.57,4.082331330000001,Tree nuts and seeds
4,PARSLEY CLN/WASH FRESH HERB,1.0,4.0,23.61,1.81436948,Grains/cereals (except rice)
1,LETTUCE RADICCHIO FRESH,1.0,6.0,23.22,2.72155422,Cabbages and other Brassicas (Broccoli)
1,POTATO BAKING IDAHO 100CT FRSH,1.0,50.0,22.9,22.6796185,Potatoes
4,VINEGAR DISTILLED WHITE 5%,1.0,32.0,21.73,14.51495584,Stimulants
2,FLOUR ALL PURP H&R BL EN MLT,1.0,50.0,21.62,22.6796185,Grains/cereals (except rice)
1,LIME FLORIDA FRESH,1.0,10.0,19.54,4.535923700000001,Citrus Fruit
1,GINGER ROOT FRESH,1.0,5.0,19.08,2.2679618500000003,Roots and Tubers
1,GREEN MICRO RNBOW MIX 8OZ,1.0,0.5,18.72,0.226796185,Cabbages and other Brassicas (Broccoli)
1,PEPPER GREEN BELL FRSH LG,1.0,5.4,17.71,2.4493987980000003,Stimulants & Spices (misc.)
1,ROSEMARY FRESH HERB,2.0,0.5,11.26,0.226796185,Vegetables (misc.)
1,LIME FRESH,1.0,2.0,9.59,0.90718474,Citrus Fruit
1,BASIL FRESH HERB,1.0,0.05,6.15,0.0226796185,Stimulants & Spices (misc.)
1,THYME FRESH HERB,1.0,0.25,6.03,0.1133980925,Vegetables (misc.)
6,OLIVE QUEEN STFD BLUE CHEESE,0.0,0.0,0.0,0.0,Cheese
3,DETERGENT POT/PAN HAND SMARTPW,3.0,18.0,528.87,8.164662660000001,Uncategorized
1,CLEANER FLOOR SANI WSH N WALK,1.0,21.6,196.71,9.797595192,Uncategorized
1,SUPPLY SOTF KITCHEN,2.0,12.0,183.96,5.4431084400000005,Uncategorized
1,SANITIZER OASIS 146 MULTI QUAT,1.0,20.8,162.24,9.434721296,Uncategorized
1,LABEL ROLL UNVRSL PLAS 2X3,4.0,83.52,45.84,37.8840347424,Rice
1,CHARGE FREIGHT,2.0,2.0,21.62,0.90718474,Uncategorized
1,MOP HEAD BLND LPD ALL PURP LRG,1.0,3.0,19.51,1.36077711,Uncategorized
1,PAD SCOUR GRN 6X9IN ANTIMICRO,1.0,1.65,13.54,0.7484274105,Uncategorized
4,CHICKEN CVP BRST 6OZ HAL,35.0,700.0,3220.36,317.514659,"Poultry (chicken, turkey)"
2,TURKEY BRST SMOKED SKON,17.0,322.95,1473.94,146.4876558915,"Poultry (chicken, turkey)"
56,CHIP POTATO ORIG,29.0,190.24,886.82,86.2914124688,"Wheat/Rye (Bread, pasta, baked goods)"
1,BACON SLAB 14/18 SMOKED,9.0,135.0,664.9,61.23496995,Pork (pig meat)
24,WATER SPRING STILL ALUM W/ELEC,20.0,530.0,561.8,240.4039561,Uncategorized
1,AVOCADO HASS BRKNG #2 GUAC PAK,9.0,211.5,426.48,95.934786255,Fruits (misc.)
6,TUNA TONGOL CHUNK IN WTR,4.0,111.8,420.8,50.711626966,Fish (finfish)
8,CHEESE CHDR MLD SLI INT .75 YL,9.0,108.0,419.68,48.98797596,Cheese
1,APPLE RED DEL FANCY FRESH,11.0,440.0,402.74,199.5806428,Apples
12,BLUEBERRY FRESH,7.0,89.25,395.28,40.4831190225,Berries
4,LETTUCE ROMAINE HEART OF FRSH,11.0,235.4,378.78,106.775643898,Cabbages and other Brassicas (Broccoli)
8,STRAWBERRY FRESH DRISCOLL,9.0,72.0,359.58,32.658650640000005,Berries
1,EGGPLANT FRESH,10.0,270.0,321.2,122.4699399,Other vegetables
4,MAYONNAISE REAL,3.0,91.11,307.62,41.3268008307,Vegetable oils
500,MAYONNAISE PKT,3.0,39.66,304.86,17.9894733942,Vegetable oils
4,JUICE ORANGE,5.0,190.0,302.05,86.1825503,Citrus Fruit
6,VEGETABLE BLND RST PEPR ONION,8.0,120.0,292.32,54.4310844,Legumes (misc.)
114,SAUSAGE CHICKEN FOUR PPR VEG/C,6.0,60.0,289.02,27.2155422,Legumes (misc.)
12,CREAMER HALF & HALF ESL,6.0,153.9,261.98,69.80786574300001,Milk (cow's milk)
1,FLOUNDER BRD CRISPY SOUTHRN,4.0,40.0,254.8,18.1436948,Uncategorized
15,EGG WHL LIQ CRTN,2.0,60.0,234.6,27.2155422,Eggs
1,PEAR FRESH,4.0,152.0,232.36,68.94604024,Fruits (misc.)
6,WRAP TORTILLA GLUTEN FREE 12IN,4.0,65.96,227.6,29.918952725199997,"Wheat/Rye (Bread, pasta, baked goods)"
1,PINEAPPLE FRESH GOLDEN RIPE,9.0,108.0,227.15,48.98797596,Fruits (misc.)
2,TOMATO SLI FRSH FC XL,7.0,147.0,224.91,66.67807839000001,Tomatoes
2,CHEESE FETA CRUMBLED,6.0,60.0,219.75,27.2155422,Cheese
16,CHICKEN CVP 8PC CUT TR HAL,2.0,114.45,218.5,51.91364674650001,"Poultry (chicken, turkey)"
4,LETTUCE ROMAINE ITAL BLEND,6.0,60.0,215.64,27.2155422,Cabbages and other Brassicas (Broccoli)
1,MELON HONEYDEW FRSH,5.0,120.0,211.33,54.4310844,Fruits (misc.)
15,EGG LIQUID WHL CITACID CGFREE,2.0,60.0,210.52,27.2155422,Eggs
12,CAULIFLOWER CELLO WRPD FRSH,6.0,159.3,205.87,72.25726454100001,Cabbages and other Brassicas (Broccoli)
1,MELON CANTALOUPE FRESH,5.0,172.5,205.19,78.24468382500001,Fruits (misc.)
2,CHICKEN TENDERLOIN HMSTY,5.0,50.0,203.45,22.6796185,"Poultry (chicken, turkey)"
1,SALMON ATL PRTN CC 4OZ NOR,2.0,20.0,199.32,9.0718474,Fish (finfish)
4,CAKE LOAF PULLMAN SLI VAR  #9,2.0,35.32,194.82,16.0208825084,"Wheat/Rye (Bread, pasta, baked goods)"
4,BROCCOLI FLORET ICELESS,6.0,72.0,194.18,32.658650640000005,Cabbages and other Brassicas (Broccoli)
2,POTATO DICED CKD RED SKON,6.0,120.0,189.96,54.4310844,Potatoes
1,CUCUMBER ENGLISH LONG,13.0,156.0,186.63,70.76040972,Other vegetables
100,CHEESE CREAM ORIG SPREAD CUP,5.0,23.44,180.35,10.6322051528,Cheese
12,DRINK LEMONADE CONC,1.0,32.03,171.59,14.5285636111,Citrus Fruit
2,HAM BNLS HCKRY SMK D WA 95%FF,2.0,42.24,163.51,19.1597417088,Pork (pig meat)
2,SALSA PICO DE GALLO,6.0,60.0,163.16,27.2155422,Stimulants
6,MILK ORIGINAL OAT XTRA CREAMY,8.0,175.68,159.28,79.6871075616,Oat milk
6,CHEESE MOZZ FRSH SLI 18 CT,4.0,24.0,149.72,10.88621688,Cheese
1,ORANGE FANCY FRESH,4.0,160.0,146.37,72.57477920000001,Citrus Fruit
8,AVOCADO HASS FRS CHNK PULP PPT,2.0,32.0,144.06,14.51495584,Fruits (misc.)
4,DIP HUMMUS TRADITIONAL,3.0,45.0,138.03,20.41165665,Vegetable oils
1,NUT PECAN GLAZED LG PIECES,2.0,10.0,136.64,4.535923700000001,"Wheat/Rye (Bread, pasta, baked goods)"
1,SQUASH YEL S/N SMALL FCY FRESH,4.0,76.0,136.09,34.47302012,Fruits (misc.)
2,BROWNIE CHOC CHIP PRCT,3.0,36.0,135.54,16.329325320000002,"Wheat/Rye (Bread, pasta, baked goods)"
80,DOUGH COOKIE CHOC CHIP 4OZ RAW,2.0,40.0,132.82,18.1436948,"Wheat/Rye (Bread, pasta, baked goods)"
12,CRACKER ASSORTMENT FOR CHEESE,2.0,14.2,130.76,6.441011654,Cheese
6,MILK HOMOGENIZED ESL,7.0,184.1,129.74,83.506355317,Milk (cow's milk)
6,DRESSING BALSAMIC VGR ESSNTIAL,3.0,39.429,120.0,17.884693556730003,Vegetable oils
1,EGG HARDBOILED WHL PEEL SEL,3.0,30.0,118.87,13.6077711,Eggs
4,LETTUCE FRESH TENDER GREENS,3.0,36.0,116.34,16.329325320000002,Cabbages and other Brassicas (Broccoli)
3,OIL OLIVE POMACE,1.0,23.0,114.97,10.43262451,Olives (Oil)
48,BROWNIE CHOC CHIP GLUTEN FREE,2.0,21.0,111.1,9.52543977,"Wheat/Rye (Bread, pasta, baked goods)"
1,BANANA FRESH RIPE/READY,4.0,164.268,107.56,74.51071143516,Bananas
72,SYRUP MAPLE PRSTG JAR,1.0,16.0,107.23,7.25747792,Sugars and sweeteners
2,HAM BLACK FOREST W/A FC GHP,1.0,18.7,106.25,8.482177319,Pork (pig meat)
4,SYRUP MAPLE 55% BLEND,0.0,21.274,104.74,9.64972407938,Sugars and sweeteners
1,LIME FRESH,2.0,80.0,103.1,36.2873896,Citrus Fruit
1,CORN WHL KERNEL,2.0,60.0,98.17,27.2155422,Corn (Maize)
1,SQUASH ZUCCHINI MEDIUM FRESH,4.0,80.0,96.39,36.2873896,Other vegetables
2,SALAMI ITAL MILD SOPRESSATA,1.0,7.51,94.68,3.4064786987,Pork (pig meat)
1,CHEESE DERBY SAGE,1.0,8.85,94.64,4.0142924745,Cheese
1,CANDY MINT STARLIGHT POUCH PPM,1.0,30.0,94.62,13.6077711,Sugars and sweeteners
16,CHICKEN CVP 8PC CUT TR HAL,1.0,45.1,94.3,20.457015887,"Poultry (chicken, turkey)"
2,DESSERT TIRAMISU TRAY,1.0,9.375,93.2,4.25242846875,Sugars and sweeteners
2,SAUCE PESTO NO NUT,3.0,12.0,92.31,5.4431084400000005,Vegetable oils
6,APTZR FRANK IN BLNKT,1.0,8.0,91.28,3.62873896,Beef & buffalo meat
6,ARTICHOKE HEART QUARTER,1.0,33.0,89.88,14.968548210000002,Vegetables (misc.)
1,CHEESE GRANA AMER PARM 1/4 WHL,1.0,14.45,89.52,6.5544097465,Cheese
1,CHOCOLATE CHIP SEMI SWT 1000CT,1.0,25.0,86.59,11.33980925,"Wheat/Rye (Bread, pasta, baked goods)"
2,ARUGULA BABY FRESH,5.0,20.0,85.42,9.0718474,Cabbages and other Brassicas (Broccoli)
1,PEPPER SWEET BELL MEDLEY HH,2.0,40.0,84.36,18.1436948,Stimulants & Spices (misc.)
6,MILK SOY PLAIN 64OZ,3.0,72.0,83.64,32.658650640000005,Soy milk
2,COOKIE MINI ASSORTED MACARONS,1.0,4.05,83.44,1.8370490985,"Wheat/Rye (Bread, pasta, baked goods)"
1,GRAPE RED SDLS FRESH,5.0,20.0,83.31,9.0718474,Citrus Fruit
4,CHEESE PARMESAN SHRED IMPORT,1.0,20.0,82.68,9.0718474,Cheese
4,MILK WHL GALLON,3.0,103.2,80.88,46.810732584,Milk (cow's milk)
12,PASTA PENNE RIGATE,3.0,36.0,80.46,16.329325320000002,"Wheat/Rye (Bread, pasta, baked goods)"
1,ASPARAGUS FRESH LARGE,2.0,22.0,77.24,9.97903214,Other vegetables
6,TEA ASST HERBAL,3.0,3.81,73.71,1.7281869297,Stimulants
6,TEA BAG LMN GNGR,3.0,3.48,73.71,1.5785014476,Citrus Fruit
6,TOMATO CRUSHED JERSEY FRSH,2.0,89.0,72.02,40.36972093,Tomatoes
2,SALMON ATL SMK SLI FIL USA,1.0,5.0,71.51,2.2679618500000003,Fish (finfish)
2,BAKLAVA GREEK,1.0,13.0,69.79,5.8967008100000005,Sugars and sweeteners
8,TOFU FIRM SUPER ORGANIC,2.0,32.0,69.72,14.51495584,Soybeans/Tofu
6,CHEESE PROVOLONE SLICED .75 TP,2.0,18.0,69.42,8.164662660000001,Cheese
216,DOUGH COOKIE RED VELVET,1.0,20.25,68.54,9.1852454925,"Wheat/Rye (Bread, pasta, baked goods)"
200,MUSTARD YELLOW PACKETS,5.0,12.5,67.9,5.669904625,Tree nuts and seeds
6,PEANUT BUTTER CREAMY,0.0,24.47,67.05,11.0994052939,Cream
1200,SUGAR TURBINADO PACKET CANE,2.0,23.0,66.94,10.43262451,Sugars and sweeteners
213,DOUGH COOKIE CHOC CHIP,1.0,21.0,65.93,9.52543977,"Wheat/Rye (Bread, pasta, baked goods)"
12,GREEN COLLARD IQF,1.0,34.45,65.7,15.626257146500002,Cabbages and other Brassicas (Broccoli)
1,TOMATO 1 LAYER 5X6,4.0,40.0,63.84,18.1436948,Tomatoes
24,SAUCE HOT,1.0,8.21,62.6,3.7239933577,Vegetable oils
2,HAM CAPICOLA BUTT HOT,1.0,11.48,62.51,5.2072404076000005,Pork (pig meat)
1,CHEESE IRISH GUINNESS CHDR,1.0,5.24,62.4,2.3768240188000003,Cheese
213,DOUGH COOKIE OATMEAL RAISIN,1.0,20.0,60.76,9.0718474,"Wheat/Rye (Bread, pasta, baked goods)"
1,APRICOT DRIED MEDITERRANEAN,1.0,5.0,60.64,2.2679618500000003,Fruits (misc.)
6,TEA ASST 6 FLVR,2.0,4.0,59.88,1.81436948,Stimulants
4,PUREE POTATO IQF,1.0,22.0,58.26,9.97903214,Potatoes
6,MIX WAFFLE BELGIAN COMPLT,1.0,30.0,57.11,13.6077711,"Wheat/Rye (Bread, pasta, baked goods)"
3,CHEESE CUBE CHDR/SWISS/PEP JCK,1.0,15.0,56.97,6.80388555,Cheese
12,RASPBERRY RED FRESH,1.0,7.2,56.18,3.265865064,Berries
6,ORANGE MANDARIN BRKN LS,1.0,44.65,55.38,20.2528993205,Citrus Fruit
1,CHERRY DRIED,1.0,4.76,53.18,2.1590996812,Fruits (misc.)
2,PASTA RAVIOLI BTRNT SQR PRECKD,1.0,6.0,53.06,2.72155422,"Wheat/Rye (Bread, pasta, baked goods)"
24,PEPPER CHIPOTLE IN ADOBO SAUCE,1.0,10.0,52.72,4.535923700000001,Vegetable oils
20,BROCCOLI RABE ICELESS,1.0,20.0,52.02,9.0718474,Cabbages and other Brassicas (Broccoli)
1,MUSHROOM PORTABELLA CP LRG FSH,2.0,10.0,51.98,4.535923700000001,Vegetables (misc.)
1,CARROT BABY PLD TRI COLOR,2.0,12.94,51.84,5.8694852678,Root Vegetables
4,CABBAGE GREEN SHRD FRSH W/BAG,2.0,40.0,49.84,18.1436948,Cabbages and other Brassicas (Broccoli)
6,TEA BAG PPRMNT PURE,2.0,2.32,49.14,1.0523342984,Stimulants
6,SPICE CURRY POWDER,0.0,3.024,48.39,1.37166332688,Stimulants & Spices (misc.)
8,LEMON FRESH,0.0,25.0,48.17,11.33980925,Citrus Fruit
6,JUICE LIME PSTRZD ULTRA PREM,2.0,26.0,48.14,11.79340162,Citrus Fruit
6,MILK ALMOND ORIGINAL,2.0,50.08,47.84,22.7159058896,Almond milk
6,JELLY GRAPE,1.0,33.0,46.88,14.968548210000002,Citrus Fruit
6,BEAN CANNELLINI,1.0,41.25,46.82,18.7106852625,Beans and pulses (dried)
12,CHEESE BOURSIN HERB FRENCH,1.0,3.9,46.58,1.769010243,Cheese
12,CREAM WHIPPED ARSL XTRA CREAMY,1.0,12.51,46.52,5.6744405487,Cream
1,CABBAGE NAPA CHINESE FRESH,1.0,30.0,44.92,13.6077711,Cabbages and other Brassicas (Broccoli)
6,DRESSING HONEY MSTRD ESSENTIAL,1.0,12.394,44.68,5.621823833780001,Vegetable oils
24,WATER SPRKLG UNFLAVRD SLEK CN,2.0,33.46,44.62,15.177200700200002,Uncategorized
24,WATER SPARKLING,3.0,60.0,44.58,27.2155422,Uncategorized
24,SODA COCA COLA CLS,2.0,40.0,44.4,18.1436948,Stimulants
2,CHEESE BRIE CREME BULK,1.0,6.0,44.09,2.72155422,Cheese
6,PAN COATING CANOLA NONGM,1.0,6.375,44.01,2.8916513587500003,Rapeseed/canola (Oil)
200,HONEY PURE CUP,1.0,7.0,43.7,3.17514659,Sugars and sweeteners
4,KALE FRESH GRN SHRD 1/8 SEPCLR,2.0,12.0,43.04,5.4431084400000005,Cabbages and other Brassicas (Broccoli)
12,MILK ALMOND BREEZE ORIG,1.0,24.0,42.94,10.88621688,Almond milk
8,CRACKER CRISP PARM REGG CHSE,2.0,2.46,41.74,1.1158372302,Eggs
2,PASTA RADIATORE,1.0,20.0,41.39,9.0718474,"Wheat/Rye (Bread, pasta, baked goods)"
1,FIG DRIED BLK MISSION,1.0,5.0,40.46,2.2679618500000003,Fruits (misc.)
2,PUDDING RICE,2.0,16.0,40.32,7.25747792,Rice
1,SUGAR SUB YELLOW PKT,1.0,4.05,39.42,1.8370490985,Sugars and sweeteners
1,CELERY PASCAL FDSVC,4.0,24.0,39.38,10.88621688,Other vegetables
32,TEA ICED BREW BLK FP 3OZ,1.0,6.0,39.26,2.72155422,Stimulants
12,JUICE CRNBRY CKTL PURE PREM,2.0,18.16,39.04,8.237237439200001,Citrus Fruit
24,MILK COCONUT UNSWEETENED,1.0,23.0,38.79,10.43262451,Tree nuts and seeds
6,BEAN BLACK FRESH READY TO EAT,1.0,24.0,38.77,10.88621688,Beans and pulses (dried)
24,SUGAR CONFECTIONER 10X CANE,1.0,26.7,38.09,12.110916279,Sugars and sweeteners
6,SPICE GARLIC PWDR,0.0,2.676,37.66,1.2138131821200002,Stimulants & Spices (misc.)
200,MAYONNAISE REAL PACKET,1.0,5.469,37.57,2.48069667153,Vegetable oils
6,ONION PICKLED VEGGIE CONFETTI,1.0,4.5,37.43,2.0411656650000003,Legumes (misc.)
12,BLACKBERRY FRESH,1.0,9.0,36.93,4.082331330000001,Berries
4,DIP HUMMUS CHEF PCH CLS RECIPE,1.0,8.8,36.88,3.9916128560000006,Vegetable oils
1,CHEESE CHEDDAR MILD PRINT WHT,1.0,11.11,36.07,5.0394112307,Cheese
4,CARROT SHRD FRSH MATCH STK,1.0,20.0,35.86,9.0718474,Root Vegetables
1000,KETCHUP PACKET FCY FOIL,1.0,19.84,34.97,8.999272620800001,Tomatoes
1,SUGAR SUB BLUE PACKET,1.0,5.9,34.39,2.676194983,Sugars and sweeteners
120,COOKIE SANDWICH OREO,1.0,3.14,34.38,1.4242800418,"Wheat/Rye (Bread, pasta, baked goods)"
8,JUICE APPLE ORIG PLAS,1.0,35.7,33.64,16.193247609000004,Apples
2,PASTA RIGATONI,1.0,20.0,33.64,9.0718474,"Wheat/Rye (Bread, pasta, baked goods)"
6,SPICE TURMERIC GROUND,0.0,2.133,32.72,0.96751252521,Stimulants & Spices (misc.)
2,CHEESE MOZZ FRSH CILIEGN 1/3OZ,1.0,6.0,32.7,2.72155422,Cheese
1,CRANBERRY DRIED CRAISINS,1.0,10.0,31.45,4.535923700000001,Fruits (misc.)
6,SEASONING STEAK MONTREAL,0.0,3.646,30.9,1.65379778102,Beef & buffalo meat
24,COOKIE CHOC CHIP GLTN FR I/W,1.0,5.5,30.4,2.4947580350000003,"Wheat/Rye (Bread, pasta, baked goods)"
1,BROCCOLI CROWN ASIAN ICELS,1.0,20.0,30.01,9.0718474,Cabbages and other Brassicas (Broccoli)
6,SEASONING CHICKEN MONTREAL,0.0,2.86,29.58,1.2972741782,"Poultry (chicken, turkey)"
2,CHEESE RICOTTA IMPASTATA W/M,1.0,10.0,29.5,4.535923700000001,Cheese
1,TOMATO SUNDRIED JULIENE TURKSH,1.0,5.0,29.31,2.2679618500000003,Tomatoes
2,SAUCE CHIMICHURRI,1.0,10.0,28.16,4.535923700000001,Vegetable oils
2,POTATO DICED CKD RED SKON FRZN,1.0,20.0,26.91,9.0718474,Potatoes
4,LETTUCE SAL MIX SEPARATE FRESH,1.0,20.0,26.59,9.0718474,Cabbages and other Brassicas (Broccoli)
4,BAGEL PLAIN GLUTEN FREE,1.0,5.25,26.48,2.3813599425,"Wheat/Rye (Bread, pasta, baked goods)"
24,WATER SPRING SPRKLG BLUE GLASS,1.0,33.95,26.01,15.399460961500004,Uncategorized
4,ONION GREEN ICELS,1.0,6.15,24.71,2.7895930755000005,Onions and Leeks
6,JUICE LEMON PSTRZD ULTRA PREM,1.0,13.0,24.61,5.8967008100000005,Citrus Fruit
12,WATER SPARKLING BLUE BTL,1.0,37.95,24.1,17.2138304415,Uncategorized
1,ONION RED JUMBO BOX,1.0,25.0,24.05,11.33980925,Onions and Leeks
1,MELON HONEYDEW FRSH,1.0,12.5,23.41,5.669904625,Fruits (misc.)
1,ICE CREAM CHOC,1.0,13.85,22.99,6.2822543245,Ice cream
1,ICE CREAM VAN,1.0,13.68,22.99,6.2051436216,Ice cream
12,TEA ICED UNSWEET PURELEAF,1.0,13.875,22.95,6.29359413375,Stimulants
1,POTATO SWEET JUMBO,1.0,40.0,22.82,18.1436948,Cassava and Other Roots
12,CANDY GUMMY BEAR GOLDEN,1.0,3.75,22.49,1.7009713875,Sugars and sweeteners
24,SODA COKE DIET,1.0,17.762,22.2,8.05670767594,Stimulants
1,BASIL FRESH HERB,2.0,2.0,22.06,0.90718474,Stimulants & Spices (misc.)
4,DRESSING BLUE CHEESE CHNKY PRM,0.0,7.8,21.97,3.538020486,Cheese
60,DRESSING BALSAMIC VINGRET,1.0,5.625,21.95,2.55145708125,Vegetable oils
6,GLAZE BALSAMIC,1.0,4.9,21.73,2.2226026130000003,Stimulants
6,CHERRY MARA STEM LG PLAS,0.0,4.333,21.27,1.96541573921,Fruits (misc.)
1,LIME FLORIDA FRESH,1.0,10.0,20.69,4.535923700000001,Citrus Fruit
24,WATER SPARKLING LMN,1.0,18.0,20.46,8.164662660000001,Citrus Fruit
6,SAUCE HOISIN,0.0,11.816,18.62,5.359647443920001,Vegetable oils
12,SAUCE SOY,1.0,7.75,18.21,3.5153408675,Vegetable oils
2000,SUGAR PACKET,1.0,12.5,17.75,5.669904625,Sugars and sweeteners
6,SPICE ONION POWDER,0.0,2.616,15.8,1.18659763992,Stimulants & Spices (misc.)
12,CANDY M&M PLAIN BOX,1.0,2.325,15.61,1.05460226025,Sugars and sweeteners
24,SODA GINGER ALE CUBE,1.0,20.85,15.44,9.4574009145,Stimulants
24,WATER SPARKLING ORG,1.0,20.0,14.86,9.0718474,Uncategorized
24,WATER SPARKLING LIME,1.0,18.0,14.86,8.164662660000001,Citrus Fruit
6,SEASONING BLEND SOUTHWEST,0.0,1.333,14.55,0.60463862921,Stimulants & Spices (misc.)
4,COCONUT FLAKE UNSWT,1.0,2.5,14.45,1.133980925,Tree nuts and seeds
6,SPICE CORIANDER GRND,0.0,0.9,13.69,0.408233133,Stimulants & Spices (misc.)
6,SPICE CUMIN GRND,0.0,1.75,13.08,0.7937866475,Stimulants & Spices (misc.)
1,SUPPLY SOTF TEXTILES,1.0,6.0,10.55,2.72155422,Uncategorized
1,PEPPER JALAPENO FRSH,1.0,2.0,10.21,0.90718474,Stimulants & Spices (misc.)
1,CHARGE FREIGHT,1.0,1.0,7.45,0.45359237,Uncategorized
6,CAPER NONPAREIL IMPORTED,0.0,3.083,7.05,1.39842527671,Sugars and sweeteners
1,BASIL FRESH HERB,1.0,0.05,6.15,0.0226796185,Stimulants & Spices (misc.)
1,DILL BABY FRESH HERB,1.0,0.25,6.03,0.1133980925,Stimulants & Spices (misc.)
1,THYME FRESH HERB,1.0,0.25,6.03,0.1133980925,Vegetables (misc.)
4,PARSLEY CLN/WASH FRESH HERB,0.0,1.0,5.9,0.45359237,Grains/cereals (except rice)
1,CHIVE FRESH HERB,1.0,0.25,5.23,0.1133980925,Other vegetables
12,CREAM HEAVY WHIPPING 36% ESL,0.0,0.0,0.0,0.0,Cream
24,WATER BTLD SMARTWATER,23.0,966.0,1043.74,438.17022942,Uncategorized
2,SOUP CHICKEN NDLE,15.0,240.0,624.3,108.8621688,"Poultry (chicken, turkey)"
6,MILK HOMOGENIZED ESL,27.0,710.1,502.47,322.095941937,Milk (cow's milk)
2,SOUP CHOWDER CLAM N.E. FRESH,7.0,105.0,421.13,47.62719885,Mollusks
6,TEA CHAI CLASSIC CONC,11.0,132.0,381.26,59.874192840000006,Stimulants
24,SODA COKE DIET CLS CONT TRAY P,8.0,240.0,369.92,108.8621688,Stimulants
6,MILK ORIGINAL OAT XTRA CREAMY,17.0,373.32,338.47,169.3351035684,Oat milk
6,YOGURT VANILLA PARFAIT POUCH,7.0,168.0,273.28,76.20351816,Yogurt
2,SOUP LENTIL VEGETERIAN,7.0,112.0,270.49,50.80234544,Beans and pulses (dried)
12,SPREAD HUMMUS CLS W/PRETZELS,8.0,24.64,254.4,11.1765159968,"Wheat/Rye (Bread, pasta, baked goods)"
24,CROISSANT SAUSAGE EGG & CHS,6.0,40.5,242.46,18.370490985,Pork (pig meat)
10,SALAMI GENOA FONTINA SNCK PK,6.0,7.5,240.0,3.401942775,Pork (pig meat)
8,STRAWBERRY FRESH DRISCOLL,6.0,48.0,237.0,21.77243376,Berries
8,JUICE DRINK MIGHTY MANGO,8.0,68.8,215.92,31.207155056,Fruits (misc.)
2,SOUP TOMATO BISQUE,4.0,64.0,192.28,29.02991168,Tomatoes
4,SNACK BAR PROTEIN ASST 1.9Z,2.0,11.162,180.0,5.0629980339400005,Tree nuts and seeds
8,JUICE DRINK STWBRY BAN,6.0,51.6,167.88,23.405366292,Berries
12,CHEESE WISCONSIN SNACK TRAY,5.0,10.9,166.61,4.944156833,Cheese
6,YOGURT STRAWBERRY PARFAIT POUC,4.0,96.0,156.16,43.54486752,Yogurt
24,DRINK ENERGY REDBULL SF,3.0,43.2,145.5,19.595190384,Stimulants
4,CEREAL GRANOLA OATS N HNY PARF,2.0,25.0,140.1,11.33980925,Grains/cereals (except rice)
6,DRINK PINEAPPLE PCH KOMBUCHA,8.0,48.8,136.88,22.135307656,Fruits (misc.)
6,BAR FRUIT BLUBRY PRTN 1.83 OZ,1.0,8.25,134.1,3.7421370525,Fruits (misc.)
12,CREAMER HALF & HALF ESL,3.0,76.95,130.99,34.903932871500004,Milk (cow's milk)
2,SOUP ITALIAN WEDDING W/MTBALLS,3.0,48.0,130.27,21.77243376,Lamb/mutton & goat meat
12,JUICE APPLE PURE PREM,6.0,54.48,117.12,24.7117123176,Apples
24,WATER BTLD VITAMIN XXX 6PK,3.0,82.08,114.09,37.2308617296,Uncategorized
24,SODA COKE DIET,5.0,88.81,111.0,40.283538379700005,Stimulants
2,SOUP BROCCOLI CHS CHEDDAR RTU,2.0,32.0,99.8,14.51495584,Cabbages and other Brassicas (Broccoli)
12,WATER COCONUT JUICE 100%,5.0,45.0,96.55,20.41165665,Tree nuts and seeds
24,SODA COKE CLS CONTOUR TRAY PK,2.0,60.0,91.68,27.2155422,Stimulants
6,JUICE DRINK KOMUCHA GNGR ORG,5.0,30.5,85.55,13.834567285,Stimulants
12,YOGURT STWBRY GREEK NON FAT,4.0,16.0,72.12,7.25747792,Yogurt
12,YOGURT BLUEBERRY GREEK NON FAT,4.0,16.0,72.12,7.25747792,Yogurt
12,JUICE ORANGE PURE PREM NO PULP,3.0,27.24,58.56,12.3558561588,Citrus Fruit
6,SNACK BAR CARAMEL ALMD SEA SLT,0.0,3.15,58.08,1.4288159655,Tree nuts and seeds
12,BLUEBERRY FRESH,1.0,12.75,56.61,5.783302717500001,Berries
6,SNACK BAR BLUBRY VAN & CASHEW,0.0,3.15,56.37,1.4288159655,Tree nuts and seeds
24,WATER SPRKLG ORG ARANCAT CAN,2.0,36.192,50.64,16.41641505504,Uncategorized
24,DRINK ENERGY RED BULL,1.0,12.45,48.55,5.6472250065,Stimulants
24,SODA GINGER ALE CUBE,3.0,62.55,46.32,28.3722027435,Stimulants
64,CHIP POTATO JALAPENO KETTLE,1.0,5.5,44.09,2.4947580350000003,"Wheat/Rye (Bread, pasta, baked goods)"
64,CHIP POTATO REG SEA SALT,1.0,5.5,44.09,2.4947580350000003,"Wheat/Rye (Bread, pasta, baked goods)"
64,CHIP POTATO SALT & VNGR KETTLE,1.0,5.5,44.09,2.4947580350000003,"Wheat/Rye (Bread, pasta, baked goods)"
200,HONEY PURE CUP,1.0,7.0,43.7,3.17514659,Sugars and sweeteners
12,JUICE CRNBRY CKTL PURE PREM,2.0,18.16,39.04,8.237237439200001,Citrus Fruit
6,SNACK BAR DK CHOC NUT SEA SALT,0.0,2.566,37.68,1.16391802142,Tree nuts and seeds
100,CHEESE CREAM ORIG SPREAD CUP,1.0,4.688,36.07,2.12644103056,Cheese
1200,SUGAR TURBINADO PACKET CANE,1.0,11.5,33.47,5.216312255,Sugars and sweeteners
24,DRINK RASP COOL BLUE WIDEMOUTH,1.0,34.2,28.71,15.512859054000002,Berries
24,DRINK FRUIT PUNCH WIDEMOUTH PL,1.0,34.2,28.37,15.512859054000002,Fruits (misc.)
500,CRACKER SALTINE,1.0,7.5,25.66,3.401942775,"Wheat/Rye (Bread, pasta, baked goods)"
24,WATER MINERAL LIMONATA CAN,1.0,18.096,25.32,8.20820752752,Uncategorized
24,WATER SPARKLING BLD ORGE SLEEK,1.0,18.096,25.32,8.20820752752,Onions and Leeks
60,DRESSING CAESAR PACKET,1.0,9.0,24.49,4.082331330000001,Vegetable oils
60,DRESSING RANCH PKT,1.0,2.75,23.1,1.2473790175,Vegetable oils
12,JUICE APPLE PET,1.0,12.05,22.4,5.4657880585,Apples
24,WATER SPRKLG UNFLAVRD SLEK CN,1.0,16.73,22.31,7.588600350100001,Uncategorized
60,DRESSING BALSAMIC VINGRET,1.0,5.625,21.95,2.55145708125,Vegetable oils
200,JELLY ASST CUP GRAPE STRBERRY,1.0,6.25,19.83,2.8349523125,Berries
6,SNACK BAR CHOC DARK CHRY CASHW,0.0,1.166,18.56,0.5288887034199999,Tree nuts and seeds
1,SUPPLY EQUIPMENT BID ITEM,1.0,1.0,4072.62,0.45359237,Uncategorized
3,DETERGENT POT/PAN HAND SMARTPW,2.0,12.0,254.52,5.4431084400000005,Uncategorized
6,SOAP HAND CLN/SMTH LIQ NEXA,2.0,20.3,155.52,9.207925111000002,Uncategorized
1,LABEL ROLL UNVRSL PLAS 2X3,8.0,167.04,91.68,75.7680694848,Rice
1,WIPE ANTIBACTERIAL PROBE,10.0,10.0,85.1,4.535923700000001,Uncategorized
4,CHICKEN CVP THIGH B/S HALAL,64.0,2560.0,5072.46,1161.1964672,"Poultry (chicken, turkey)"
8,PORK BUTT BNLS 1/4 6-9#EA,19.0,1379.4,2513.26,625.6853151780001,Pork (pig meat)
1,BEEF OXTAIL CUT,10.0,175.35,2283.41,79.5374220795,Beef & buffalo meat
3,APTZR POTSTICKER CHKN TERIYAKI,28.0,210.0,1100.12,95.2543977,"Poultry (chicken, turkey)"
1,SALAD FRUIT NO ORANGES,14.0,336.0,1094.52,152.40703632,Fruits (misc.)
1,EGG HARDBOILED WHL PEEL SEL,12.0,300.0,1066.98,136.077711,Eggs
4,NOODLE YAKISOBA JAPNSE FZ,31.0,620.0,1055.55,281.2272694,"Wheat/Rye (Bread, pasta, baked goods)"
4,LETTUCE ROMAINE ITAL BLEND,26.0,260.0,932.04,117.9340162,Cabbages and other Brassicas (Broccoli)
1,AVOCADO HASS BRKNG #2 GUAC PAK,19.0,446.5,881.08,202.528993205,Fruits (misc.)
4,SHRIMP BRD COCO RND 16/20,10.0,120.0,808.2,54.4310844,Crustaceans (shrimp/prawns)
2,CHICKEN TNDR BRD PCK,19.0,190.0,796.86,86.1825503,"Poultry (chicken, turkey)"
40,DESSERT BAR MSHMLW CHEWY I/W,16.0,84.0,748.48,38.10175908,Sugars and sweeteners
6,SPROUT BEAN FCY,11.0,420.75,724.9,190.8489896775,Beans and pulses (dried)
8,TOFU FIRM SUPER ORGANIC,20.0,320.0,697.2,145.14955840000002,Soybeans/Tofu
1,SHORTENING FRY CANOLA CLR ZTF,21.0,735.0,674.52,333.39039195000004,Rapeseed/canola (Oil)
6,SAUCE SOY GLUTEN FREE,8.0,248.0,668.64,112.49090776,Vegetable oils
60,COOKIE MILANO,14.0,52.71,659.54,23.908853822700003,"Wheat/Rye (Bread, pasta, baked goods)"
1,CUCUMBER ENGLISH LONG,42.0,504.0,605.4,228.61055448,Other vegetables
150,APTZR POTSTICKER EDAMAME,13.0,97.5,575.77,44.225256075,Vegetables (misc.)
1,CORN WHL KERNEL,11.0,330.0,539.83,149.6854821,Corn (Maize)
1,RICE PARBOILED PERFECT,24.0,612.0,528.48,277.59853044,Rice
6,ONION FRENCH CRISPY TOPPING,11.0,99.0,527.12,44.905644630000005,Onions and Leeks
60,COOKIE CHOC BROWNIE,14.0,131.25,497.14,59.5339985625,"Wheat/Rye (Bread, pasta, baked goods)"
60,COOKIE CHOC CHIP IW,14.0,131.32,497.14,59.5657500284,"Wheat/Rye (Bread, pasta, baked goods)"
12,PEA & CARROT GR A P,10.0,300.0,484.74,136.077711,Peas
6,QUINOA GRAIN RED FULLY COOKED,7.0,168.0,465.43,76.20351816,Grains/cereals (except rice)
4,CHICKEN CVP WING 1&2 JBO HALAL,4.0,160.0,455.0,72.57477920000001,"Poultry (chicken, turkey)"
1,SOYBEAN WHOLE SHELLED EDAMAME,8.0,192.0,452.88,87.08973504000001,Soybeans/Tofu
4,LETTUCE FRESH TENDER GREENS,11.0,132.0,427.24,59.874192840000006,Cabbages and other Brassicas (Broccoli)
72,CRACKER GOLDFISH CHDR CHS,13.0,63.7,418.6,28.893833969000003,Fish (finfish)
1,ORANGE FANCY FRESH,11.0,440.0,401.38,199.5806428,Citrus Fruit
1,TOMATO GRAPE FRSH,20.0,200.0,401.09,90.718474,Tomatoes
120,COOKIE SANDWICH OREO,11.0,34.54,378.18,15.6670804598,"Wheat/Rye (Bread, pasta, baked goods)"
1,MUSHROOM SHIITAKE LRG SLI 3/16,13.0,39.0,374.25,17.69010243,Vegetables (misc.)
4,CARROT SHRD FRSH MATCH STK,10.0,200.0,361.4,90.718474,Root Vegetables
4,COFFEE FRZDRY ALEGRIA DELICATE,3.0,6.6,355.05,2.993709642,Coffee
6,DRESSING CAESAR CRMY ESSENTIAL,8.0,95.592,354.72,43.35980183304,Vegetable oils
1,APPLE GLDN DEL X-FANCY FRESH,7.0,280.0,344.26,127.0058636,Apples
6,MILK COCONUT UNSWT,4.0,152.0,344.04,68.94604024,Tree nuts and seeds
1,BANANA FRESH GREEN TIP,13.0,559.0,327.96,253.55813483,Bananas
2,CHICKEN TNDR FRTR HMSTYL LGE,7.0,70.0,321.58,31.751465900000003,"Poultry (chicken, turkey)"
6,ONION CRISP SPICY CHILI,3.0,39.6,319.77,17.962257852,Onions and Leeks
1,BOK CHOY BABY FRESH,12.0,120.0,314.56,54.4310844,Cabbages and other Brassicas (Broccoli)
6,DRESSING HONEY MSTRD ESSENTIAL,7.0,86.758,312.76,39.35276683646,Vegetable oils
6,COFFEE CAPP FRCH VAN,4.0,48.0,306.36,21.77243376,Coffee
9,SALT KOSHER FLAKE COARSE,3.0,81.0,293.82,36.74098197,Stimulants & Spices (misc.)
4,GARLIC PEELED FRESH,2.0,55.0,289.5,24.947580350000003,Stimulants & Spices (misc.)
6,DRESSING BALSAMIC VGR ESSNTIAL,7.0,92.001,280.0,41.73095163237,Vegetable oils
6,BEAN GARBANZO FRESH RTE,7.0,168.0,269.39,76.20351816,Beans and pulses (dried)
2,DRESSING SESAME TOASTED,6.0,106.8,268.44,48.443665116,Tree nuts and seeds
6,POTATO FRY BOARDWALK CUT,5.0,135.0,263.35,61.23496995,Potatoes
2,CHEESE FETA CRUMBLED,7.0,70.0,256.15,31.751465900000003,Cheese
1,ASPARAGUS FRESH STANDARD,6.0,66.0,254.82,29.937096420000003,Other vegetables
4,COBBLER PEACH RTB,5.0,110.0,253.9,49.895160700000005,Fruits (misc.)
1,SYRUP LIQUID SWEETENER HFCS,8.0,446.48,251.84,202.51992135760003,Sugars and sweeteners
4,SPINACH CLIPPED FRESH,8.0,80.0,241.44,36.2873896,Cabbages and other Brassicas (Broccoli)
6,BEET DICED FCY,5.0,216.0,233.8,97.97595192,Root Vegetables
4,ONION GREEN ICELS,9.0,56.887,227.88,25.803509152190003,Onions and Leeks
1,APPLE RED DEL FANCY FRESH,6.0,240.0,218.76,108.8621688,Apples
6,ORANGE MANDARIN BRKN LS,3.0,133.95,172.26,60.7586979615,Citrus Fruit
6,POTATO FRY 3/8,4.0,120.0,164.24,54.4310844,Potatoes
6,OLIVE BLACK RIPE SLICED,2.0,86.0,154.1,39.00894382,Other vegetables
1,BACON LAYFLAT 22/26 SMOKED,2.0,31.6,152.43,14.333518892,Pork (pig meat)
4,SAUCE ALFREDO POUCH GLUTFR,2.0,32.0,148.88,14.51495584,Vegetable oils
6,WINE COOKING MIRIN AJI MANJO,2.0,45.0,147.74,20.41165665,Stimulants
1,PANGASIUS FILET IQF 5-7 OZ,4.0,60.0,147.04,27.2155422,Fish (finfish)
4,BROCCOLI FLORET ICELESS,4.0,48.0,129.41,21.77243376,Cabbages and other Brassicas (Broccoli)
1,PEPPER SWEET BELL MEDLEY HH,3.0,60.0,125.16,27.2155422,Stimulants & Spices (misc.)
4,PEPPER BANANA MILD RING 1100CT,2.0,72.0,124.28,32.658650640000005,Bananas
6,TEA ASST HERBAL,5.0,6.35,122.85,2.8803115495,Stimulants
4,CHEESE CHEDDR JACK FANCY SHRED,2.0,40.0,121.48,18.1436948,Cheese
6,TEA ASST 6 FLVR,4.0,8.0,119.76,3.62873896,Stimulants
6,MILK ORIGINAL OAT XTRA CREAMY,6.0,131.76,119.46,59.7653306712,Oat milk
2,DRESSING GREEK FETA CHEESE,2.0,33.0,119.3,14.968548210000002,Cheese
12,SUGAR BROWN LIGHT CANE,3.0,72.0,116.01,32.658650640000005,Sugars and sweeteners
1,RICE BROWN PARBOILED WHLGRN QC,5.0,127.5,115.6,57.833027175000005,Rice
3,OIL OLIVE POMACE,1.0,23.0,114.97,10.43262451,Olives (Oil)
12,CAULIFLOWER CELLO WRPD FRSH,3.0,79.65,109.2,36.128632270500006,Cabbages and other Brassicas (Broccoli)
6,TUNA LIGHT SKIPJACK CHUNK WTR,1.0,24.7,102.66,11.203731539,Fish (finfish)
2,PEPPER MIXED FAJ W/ONION,2.0,20.0,98.16,9.0718474,Onions and Leeks
2,BEAN GREEN TRIMMED FRSH,4.0,41.8,97.48,18.960161066,Beans and pulses (dried)
1,ONION RED JUMBO BOX,4.0,100.0,93.82,45.359237,Onions and Leeks
4,CHICKEN CVP BRST 6OZ HAL,1.0,20.0,91.6,9.0718474,"Poultry (chicken, turkey)"
6,PEPPER RED RSTD,2.0,90.0,91.32,40.8233133,Stimulants & Spices (misc.)
12,SAUCE HOT SRIRACHA 17OZ,2.0,27.0,91.32,12.24699399,Vegetable oils
1,CABBAGE NAPA CHINESE FRESH,2.0,60.0,90.42,27.2155422,Cabbages and other Brassicas (Broccoli)
1,POTATO BAKING IDAHO 100CT FRSH,4.0,200.0,88.32,90.718474,Potatoes
4,CILANTRO CLEAN WASH FRESH HERB,3.0,17.625,87.46,7.99456552125,Stimulants & Spices (misc.)
4,CHEESE PARMESAN SHRED IMPORT,1.0,20.0,82.71,9.0718474,Cheese
6,DRESSING 1000 ISLAND POUR BTL,2.0,25.32,80.46,11.4849588084,Vegetable oils
30,NOODLE RICE VERMICELLI,1.0,30.0,80.06,13.6077711,"Wheat/Rye (Bread, pasta, baked goods)"
1,BRUSSEL SPROUT ICELS,2.0,50.0,79.83,22.6796185,Beans and pulses (dried)
4,VINEGAR RICE WINE SEAS 4.5%,1.0,32.0,79.36,14.51495584,Rice
6,OIL SESAME SEED TOASTED PURE,1.0,13.7,78.7,6.214215469,Rapeseed/canola (Oil)
1,SALAD FRUIT CHPOG LT SYRUP,1.0,24.0,78.18,10.88621688,Vegetables (misc.)
6,OIL OLIVE EXTRA VIRGIN,1.0,5.19,77.11,2.3541444003000005,Olives (Oil)
6,BEAN BLACK FRESH READY TO EAT,2.0,48.0,76.74,21.77243376,Beans and pulses (dried)
6,MILK HOMOGENIZED ESL,4.0,105.2,74.33,47.717917324000005,Milk (cow's milk)
1,PASTE MISO WHT SHIRO,1.0,45.0,70.88,20.41165665,Stimulants
12,PASTE CHILI GOCHUJANG,1.0,13.0,70.64,5.8967008100000005,Stimulants
12,CEREAL HOT GRITS QUICK HOMINY,2.0,31.6,70.18,14.333518892,Grains/cereals (except rice)
1,POTATO SWEET JUMBO,3.0,120.0,68.23,54.4310844,Cassava and Other Roots
6,PASTE MISO WHT KOSHI,2.0,9.9,67.74,4.490564463,Stimulants
1,EGGPLANT FRESH,2.0,54.0,63.46,24.49398798,Other vegetables
6,MILK ALMOND ORIGINAL,3.0,72.0,62.01,32.658650640000005,Almond milk
6,MILK SOY PLAIN 64OZ,2.0,48.0,55.76,21.77243376,Soy milk
1,GINGER ROOT FRESH,3.0,15.0,54.64,6.80388555,Roots and Tubers
4,ONION DICED 3/8 YEL,1.0,25.0,54.16,11.33980925,Onions and Leeks
24,PEPPER CHIPOTLE IN ADOBO SAUCE,1.0,10.0,52.72,4.535923700000001,Vegetable oils
3,SPICE PEPPER BLK GRND,0.0,4.9,52.0,2.2226026130000003,Stimulants & Spices (misc.)
6,PUDDING BANANA ZTF,1.0,42.06,49.48,19.0780950822,Bananas
4,SAUCE JAMAICAN JERK WING,1.0,20.111,48.85,9.12219615307,Vegetable oils
12,TOPPING WHPD IN BAG,1.0,12.95,47.7,5.8740211915,Vegetable oils
24,SAUCE CHILI SWEET,1.0,15.0,47.69,6.80388555,Vegetable oils
12,SAUCE CHILI SAMBAL OELEK,1.0,13.5,47.17,6.123496995,Vegetable oils
12,CREAM WHIPPED ARSL XTRA CREAMY,1.0,12.51,46.52,5.6744405487,Cream
1,COOKIE FORTUNE IND WRPD SUPERK,3.0,21.0,46.47,9.52543977,"Wheat/Rye (Bread, pasta, baked goods)"
10,SUGAR GRANULATED XFINE CANE,1.0,40.0,45.32,18.1436948,Sugars and sweeteners
12,CREAMER HALF & HALF ESL,1.0,25.65,43.57,11.6346442905,Milk (cow's milk)
2,COOKIE VANILLA WAFER NILLA,2.0,8.0,41.28,3.62873896,"Wheat/Rye (Bread, pasta, baked goods)"
6,BEAN KIDNEY DARK RED,1.0,40.55,40.69,18.3931706035,Beans and pulses (dried)
8,STRAWBERRY FRESH DRISCOLL,1.0,8.0,39.52,3.62873896,Berries
1,ROSEMARY FRESH,2.0,4.0,38.91,1.81436948,Vegetables (misc.)
6,DRESSING RANCH LITE ESSENTIAL,1.0,12.476,38.33,5.659018408120001,Vegetable oils
12,SAUCE SOY,2.0,15.5,36.42,7.030681735,Vegetable oils
6,SEASONING CARIBBEAN JERK,0.0,2.316,36.16,1.05051992892,Beans and pulses (dried)
1,POTATO RED #2 B,2.0,100.0,36.15,45.359237,Potatoes
1,SQUASH YELLOW S/N MEDIUM FRESH,1.0,24.0,32.87,10.88621688,Fruits (misc.)
4,SAUCE BBQ ORIGINAL,0.0,19.4,29.48,8.799691978,Vegetable oils
1,SPROUT BEAN FRESH,1.0,10.0,25.92,4.535923700000001,Beans and pulses (dried)
6,CABBAGE NAPA KIMCHI,1.0,0.875,25.71,0.39689332375,Cabbages and other Brassicas (Broccoli)
6,SPICE FIVE CHINESE,0.0,1.05,24.04,0.4762719885,Stimulants & Spices (misc.)
1,SQUASH ZUCCHINI MEDIUM FRESH,1.0,20.0,21.55,9.0718474,Other vegetables
1,SPICE ASIAN SHICHIMI TOGARASHI,2.0,1.32,20.34,0.5987419284000001,Stimulants & Spices (misc.)
6,SAUCE HOISIN,0.0,11.816,18.62,5.359647443920001,Vegetable oils
6,SPICE GINGER GRND,0.0,0.781,17.75,0.35425564097,Stimulants & Spices (misc.)
12,SPICE ANISE STAR,0.0,0.938,16.8,0.42546964306,Stimulants & Spices (misc.)
6,SPICE TURMERIC GROUND,0.0,1.066,16.36,0.48352946642,Stimulants & Spices (misc.)
6,SPICE GARLIC GRANULATED,0.0,1.583,12.31,0.71803672171,Stimulants & Spices (misc.)
6,SPICE SESAME SEED WHL WHITE,0.0,1.0,9.93,0.45359237,Tree nuts and seeds
12,SAUCE BROWNING,0.0,2.8,9.19,1.270058636,Vegetable oils
4,SAUCE WORCESTERSHIRE,0.0,9.05,5.67,4.1050109485,Vegetable oils
4,CHICKEN CVP THIGH B/S HALAL,66.0,2640.0,5214.1,1197.4838568,"Poultry (chicken, turkey)"
120,COOKIE SANDWICH OREO 1.59 OZ,50.0,594.0,2570.0,269.43386778,"Wheat/Rye (Bread, pasta, baked goods)"
4,BEEF GRND BLK 80/20 GRFD HALAL,20.0,404.6,1749.45,183.523472902,Beef & buffalo meat
3,BEEF CHUCK ROLL 1X1,3.0,239.5,1460.71,108.635372615,Beef & buffalo meat
2,BEEF FOR STEW FRZN,18.0,189.0,1278.4,85.72895793,Beef & buffalo meat
1,APPLE RED DEL FANCY FRESH,38.0,1520.0,1278.32,689.4604024,Apples
4,CHICKEN CVP BRST RAND HALAL,12.0,480.0,1136.16,217.7243376,"Poultry (chicken, turkey)"
8,TORTILLA FLOUR 14 INCH,26.0,702.0,1119.56,318.42184374000004,Grains/cereals (except rice)
1,RICE PARBOILED PERFECT,26.0,1319.5,1028.04,598.515132215,Rice
4,BEEF BARBACOA CAFE H MEX/SHRED,8.0,146.7,1025.29,66.542000679,Beef & buffalo meat
1,COUSCOUS INTL,21.0,210.0,1002.75,95.2543977,"Wheat/Rye (Bread, pasta, baked goods)"
4,BURGER VEG IMPOSSIBLE BULK,5.0,100.0,885.05,45.359237,"Wheat/Rye (Bread, pasta, baked goods)"
4,CHICKEN CVP THIGH B/S HAL FRZ,12.0,480.0,883.08,217.7243376,"Poultry (chicken, turkey)"
4,SHRIMP WHT P&D TLOF 26/30,15.0,150.0,867.45,68.0388555,Crustaceans (shrimp/prawns)
1,PEPPER SWEET BELL MEDLEY HH,20.0,400.0,839.92,181.436948,Stimulants & Spices (misc.)
4,SALSA CHUNKY MED AUTHENTIC,10.0,337.5,761.8,153.087424875,Stimulants
4,GARLIC PEELED FRESH,7.0,140.0,736.52,63.502931800000006,Stimulants & Spices (misc.)
4,DRESSING MAYONNAISE VEGAN,6.0,186.24,676.02,84.47704298880001,Soybeans/Tofu
12,CAULIFLOWER CELLO WRPD FRSH,19.0,504.45,674.19,228.8146710465,Cabbages and other Brassicas (Broccoli)
6,PLANTBASED PRTN PULLED MSHRM,7.0,90.92,610.34,41.2406182804,Legumes (misc.)
50,VEGETARIAN VEG CHCKN BRST,8.0,96.0,592.56,43.54486752,Legumes (misc.)
2,SQUASH BUTTERNUT PLD FRSH,19.0,190.0,578.09,86.1825503,Fruits (misc.)
6,BEAN PINTO FRESH READY TO EAT,15.0,360.0,576.35,163.2932532,Beans and pulses (dried)
4,POTATO SWEET DICED 1 SK/OFF,15.0,300.0,549.15,136.077711,Cassava and Other Roots
6,BEAN GARBANZO FRESH RTE,14.0,336.0,537.18,152.40703632,Beans and pulses (dried)
6,BEAN BLACK FRESH READY TO EAT,13.0,312.0,499.61,141.52081944,Beans and pulses (dried)
12,PASTE TAHINI,5.0,60.0,448.85,27.2155422,Stimulants
6,ONION CRISP SPICY CHILI,4.0,52.8,426.36,23.949677136,Onions and Leeks
4,CHICKEN CVP THIGHMEAT HALAL,5.0,200.0,406.8,90.718474,Lamb/mutton & goat meat
8,PORK BUTT BNLS 1/4 6-9#EA,3.0,217.3,395.92,98.565622001,Pork (pig meat)
12,GREEN COLLARD IQF,6.0,206.7,394.32,93.757542879,Cabbages and other Brassicas (Broccoli)
36,CHIP CORN ORIGINAL XVL,7.0,51.184,325.22,23.21667186608,Corn (Maize)
72,CHIP TORTILLA SCOOPS BAKED,10.0,39.374,323.5,17.85974597638,"Wheat/Rye (Bread, pasta, baked goods)"
38,CHICKEN BRST VEGTRN BREADED RW,4.0,47.5,316.8,21.545637575,Legumes (misc.)
6,SPICE PAPRIKA SMK,0.0,14.873,289.94,6.74627931901,Stimulants & Spices (misc.)
1,TOMATO GRAPE FRSH,14.0,140.0,288.96,63.502931800000006,Tomatoes
12,BEAN GREEN WHL HARICOT VERT,5.0,120.0,284.55,54.4310844,Beans and pulses (dried)
1,ONION YELLOW JUMBO BAG,13.0,650.0,281.5,294.8350405,Onions and Leeks
6,VEGETABLE BLND FIESTA,8.0,120.0,273.6,54.4310844,Legumes (misc.)
3,SPICE ONION POWDER,0.0,33.0,268.88,14.968548210000002,Stimulants & Spices (misc.)
1,YEAST DRY FLK NUTRI BULK,2.0,20.0,267.2,9.0718474,Uncategorized
1,BOK CHOY BABY FRESH,10.0,100.0,260.2,45.359237,Cabbages and other Brassicas (Broccoli)
1,EGGPLANT FRESH,8.0,216.0,256.96,97.97595192,Other vegetables
12,SPINACH CHOPPED IQF,5.0,120.75,253.3,54.7712786775,Cabbages and other Brassicas (Broccoli)
1,RICE JASMINE THAI,11.0,275.0,247.94,124.73790175,Rice
4,CILANTRO CLEAN WASH FRESH HERB,10.0,49.35,244.87,22.384783459500003,Stimulants & Spices (misc.)
4,GUACAMOLE FRESH ORIG BLEND HPP,6.0,48.0,236.7,21.77243376,Fruits (misc.)
104,CHIP TORTILLA NACHO CHS SS,5.0,32.5,233.6,14.741752025,"Wheat/Rye (Bread, pasta, baked goods)"
3,OIL OLIVE POMACE,2.0,46.0,229.94,20.86524902,Olives (Oil)
6,TOMATO CRUSHED ALL PURP FCY CA,5.0,191.25,216.85,86.7495407625,Tomatoes
8,TOFU FIRM SUPER ORGANIC,6.0,96.0,209.16,43.54486752,Soybeans/Tofu
1,TOMATO ROMA FRSH,6.0,150.0,207.9,68.0388555,Tomatoes
4,JUICE ORANGE PSTRZD ULTRA PREM,4.0,140.0,186.72,63.502931800000006,Citrus Fruit
4,CHEESE CHDR MILD FCY SHRD YEL,3.0,60.0,179.91,27.2155422,Cheese
24,CHIP PITA LSS PRMSN GRLIC HERB,11.0,24.75,175.34,11.2264111575,"Wheat/Rye (Bread, pasta, baked goods)"
6,TOMATO DICED FIRE ROASTED,3.0,114.75,174.63,52.049724457500005,Tomatoes
6,MILK COCONUT UNSWT,2.0,76.0,172.02,34.47302012,Tree nuts and seeds
5,TEMPEH SOY,4.0,48.0,165.12,21.77243376,Soybeans/Tofu
6,MILK COCONUT UNSWEETEND,2.0,73.5,161.33,33.339039195000005,Tree nuts and seeds
24,PEPPER CHIPOTLE IN ADOBO SAUCE,3.0,30.0,158.16,13.6077711,Vegetable oils
1,RICE JASMINE,4.0,98.8,147.04,44.814926156,Rice
6,SPICE GARLIC GRANULATED,0.0,32.5,145.0,14.741752025,Stimulants & Spices (misc.)
1,CUCUMBER ENGLISH LONG,10.0,120.0,142.5,54.4310844,Other vegetables
4,PARSLEY CLN/WASH FRESH HERB,6.0,24.0,141.61,10.88621688,Grains/cereals (except rice)
1,ONION RED MEDIUM BOX,6.0,150.0,138.38,68.0388555,Onions and Leeks
4,DIP HUMMUS TRADITIONAL,3.0,45.0,138.03,20.41165665,Vegetable oils
2,MEAT ALTERNATE SEITAN STRIP,3.0,30.0,137.94,13.6077711,Soybeans/Tofu
12,SAUCE PEPPER HARISSA HOT,2.0,30.0,137.0,13.6077711,Vegetable oils
6,SPICE CORIANDER GRND,0.0,9.0,136.9,4.082331330000001,Stimulants & Spices (misc.)
6,PEPPER RED STRIPS FIRE RSTD,2.0,75.0,134.8,34.01942775,Stimulants & Spices (misc.)
1,MUSHROOM PORT SLCD FRESH,6.0,30.0,133.8,13.6077711,Vegetables (misc.)
6,SPICE CUMIN GRND,0.0,17.5,130.8,7.937866475000001,Stimulants & Spices (misc.)
1,SQUASH ZUCCHINI MEDIUM FRESH,6.0,120.0,129.3,54.4310844,Other vegetables
1,CREAM SOUR CULTRD GRD A,2.0,64.0,128.8,29.02991168,Cream
1,COCOA PWDR NAT 10-13%FAT,1.0,25.0,127.75,11.33980925,Tree nuts and seeds
4,MUSTARD DIJON SMOOTH,0.0,27.15,125.46,12.3150328455,Tree nuts and seeds
48,AVOCADO HASS FRSH HLV INDW HPP,4.0,18.0,120.68,8.164662660000001,Fruits (misc.)
6,SAUCE HOISIN,2.0,70.9,111.22,32.159699033,Vegetable oils
4,CARROT BABY CUT PLD,4.0,69.2,111.0,31.388592004000003,Root Vegetables
6,SUNFLOWER SEED SUNBUTTER,1.0,30.0,110.35,13.6077711,Butter
4,BANANA PLANTAIN SLI SWEET,3.0,72.0,104.31,32.658650640000005,Bananas
3,SPICE PEPPER BLK GRND,0.0,9.8,104.0,4.445205226000001,Stimulants & Spices (misc.)
6,BAMBOO SHOOT STRIP,2.0,78.0,101.38,35.38020486,Other vegetables
6,DRESSING BLUE CHEESE POUR BTL,2.0,24.3,99.42,11.022294591,Cheese
2,YOGURT PLAIN WHL MILK DAHI,4.0,80.0,95.72,36.2873896,Yogurt
6,TOMATO CRUSHED NO SALT ADD CA,2.0,76.5,93.76,34.699816305,Tomatoes
1,SPICE SAFFRON TIN SPANISH,1.0,0.1,92.56,0.045359237,Stimulants & Spices (misc.)
1,TOMATILLO FRESH DEHUSKED,2.0,40.0,88.44,18.1436948,Other vegetables
1,PEPPER BELL RED HOT HSE,2.0,50.0,84.36,22.6796185,Stimulants & Spices (misc.)
1,CABBAGE GREEN FRSH LARGE,3.0,150.0,83.73,68.0388555,Cabbages and other Brassicas (Broccoli)
4,OIL CANOLA SAL,2.0,65.0,83.0,29.48350405,Rapeseed/canola (Oil)
6,TOPPING PINEAPPLE CRUSHED,1.0,23.0,81.85,10.43262451,Fruits (misc.)
4,MILK WHL GALLON,3.0,103.2,80.0,46.810732584,Milk (cow's milk)
4,VINEGAR RICE WINE SEAS 4.5%,1.0,32.0,79.36,14.51495584,Rice
4,CARROT SHRD FRSH MATCH STK,2.0,40.0,72.52,18.1436948,Root Vegetables
4,SOUR CREAM VEGAN DF,2.0,16.0,72.02,7.25747792,Cream
12,PASTE CHILI GOCHUJANG,1.0,13.0,70.64,5.8967008100000005,Stimulants
3,SPICE CHILI PWDR LIGHT,0.0,12.0,69.12,5.4431084400000005,Stimulants
1,RAISIN SEEDLESS GOLDEN,2.0,20.0,68.26,9.0718474,Fruits (misc.)
24,MIX COCKTAIL CREAM OF COCONUT,1.0,26.65,67.46,12.0882366605,Cream
4,SAUCE PEPPER CAYENNE RED HOT,1.0,35.0,66.59,15.875732950000002,Vegetable oils
6,SPICE TURMERIC GROUND,0.0,4.265,65.44,1.93457145805,Stimulants & Spices (misc.)
1,PEPPER POBLANO FRESH,2.0,20.0,64.36,9.0718474,Stimulants & Spices (misc.)
4,CHEESE GOUDA SMK VAN GOGH SLI,1.0,10.0,64.14,4.535923700000001,Cheese
4,DRESSING BUTTERMILK RANCH,1.0,32.4,64.05,14.696392788,Yogurt
6,MILK EVAPORATED,1.0,45.2,62.14,20.502375124000004,Milk (cow's milk)
4,CHEESE MONTEREY JACK FTHR SHRD,1.0,20.0,59.84,9.0718474,Cheese
4,CHEESE CHEDDAR JACK FTHR SHRED,1.0,20.0,59.84,9.0718474,Cheese
6,SPICE ALLSPICE GROUND,0.0,3.0,59.25,1.36077711,Stimulants & Spices (misc.)
6,TOMATO PASTE FANCY CA,1.0,41.625,59.02,18.88078240125,Tomatoes
12,JUICE LEMON,3.0,80.4,58.62,36.468826548,Citrus Fruit
4,SAUCE BBQ ORIGINAL,1.0,40.56,57.86,18.3977065272,Vegetable oils
4,SYRUP MAPLE 55% BLEND,0.0,10.637,52.37,4.82486203969,Sugars and sweeteners
1,LIME FRESH,1.0,40.0,52.24,18.1436948,Citrus Fruit
1,BEAN BLACK TURTLE DRIED WASH,2.0,40.0,51.44,18.1436948,Beans and pulses (dried)
4,ONION GREEN ICELS,2.0,12.3,49.2,5.579186151000001,Onions and Leeks
6,SPICE PEPPER CAYENNE GRND,0.0,3.532,49.16,1.60208825084,Stimulants & Spices (misc.)
1,BASIL FRESH THAI HERB,4.0,4.0,48.04,1.81436948,Stimulants & Spices (misc.)
6,ONION FRENCH CRISPY TOPPING,1.0,9.0,47.92,4.082331330000001,Onions and Leeks
1,MUSHROOM SLCD FRESH,2.0,20.0,46.32,9.0718474,Vegetables (misc.)
3,CURRY PASTE GREEN,1.0,7.65,45.61,3.4699816305000004,Stimulants
1,GINGER ROOT FRESH,1.0,30.0,44.32,13.6077711,Roots and Tubers
12,PEPPER SWEET VEGGIE FRSH,1.0,12.0,44.32,5.4431084400000005,Legumes (misc.)
64,CHIP MULTIGRAIN ORIG BIG GRAB,1.0,6.0,44.09,2.72155422,Grains/cereals (except rice)
12,JUICE LIME,2.0,48.0,42.72,21.77243376,Citrus Fruit
4,VINEGAR CIDER APPLE 5% 50 GRN,1.0,33.6,41.27,15.240703632,Stimulants
24,CORN STARCH,1.0,24.0,40.35,10.88621688,Corn (Maize)
8,CREAM WHIPPING NON DAIRY,1.0,17.81,39.95,8.0784801097,Cream
30,MARGARINE SOLID NH NPK,1.0,30.0,36.69,13.6077711,Butter
6,SPICE CINNAMON GRND,0.0,2.196,32.4,0.99608884452,Stimulants & Spices (misc.)
6,SPICE CURRY POWDER,0.0,2.016,32.26,0.91444221792,Stimulants & Spices (misc.)
6,JUICE POMEGRANATE 100% FRSH,1.0,9.0,31.79,4.082331330000001,Fruits (misc.)
6,SPICE CLOVE GRND,0.0,1.066,31.56,0.48352946642,Stimulants & Spices (misc.)
1,BEAN LENTIL DRIED,1.0,20.0,28.61,9.0718474,Beans and pulses (dried)
12,CEREAL HOT GRITS QUICK,1.0,18.0,27.05,8.164662660000001,Grains/cereals (except rice)
6,SPICE CLOVE WH,0.0,0.688,24.99,0.3120715505599999,Stimulants & Spices (misc.)
6,SPICE PEPPER BLK WHL,0.0,1.178,22.74,0.53433181186,Stimulants & Spices (misc.)
6,SPICE CINNAMON STICK,0.0,0.483,21.7,0.21908511471,Stimulants & Spices (misc.)
6,MILK ORIGINAL OAT,1.0,21.96,19.91,9.9608884452,Oat milk
6,SEASONING CAJUN,0.0,1.158,19.86,0.52525996446,Stimulants & Spices (misc.)
1,PEPPER JALAPENO FRESH,1.0,10.0,19.85,4.535923700000001,Stimulants & Spices (misc.)
1,DILL BABY FRESH HERB,3.0,0.75,18.09,0.3401942775,Stimulants & Spices (misc.)
6,SPICE GINGER GRND,0.0,0.781,17.75,0.35425564097,Stimulants & Spices (misc.)
6,SPICE DILL WEED WH,0.0,0.308,16.68,0.13970644996,Stimulants & Spices (misc.)
6,SPICE CINNAMON GRND,0.0,2.25,16.66,1.0205828325,Stimulants & Spices (misc.)
6,SPICE CORIANDER SEED IN PLAS,0.0,0.688,14.59,0.3120715505599999,Tree nuts and seeds
1,FLOUR ALL PURP H&R BL EN MT,1.0,25.0,14.16,11.33980925,Grains/cereals (except rice)
6,SPICE OREGANO LEAF,0.0,2.0,11.56,0.90718474,Stimulants & Spices (misc.)
1,PEPPER JALAPENO FRSH,1.0,2.0,10.57,0.90718474,Stimulants & Spices (misc.)
6,SPICE CHIVE FREEZE DRIED,0.0,0.1,10.56,0.045359237,Other vegetables
6,SPICE PARSLEY FLAKE,0.0,0.811,10.3,0.36786341207,Grains/cereals (except rice)
12,BEEF EYE OF RND 4 UP,17.0,1272.4,6816.25,577.150931588,Beef & buffalo meat
4,CHICKEN CVP BRST RAND HALAL,32.0,1280.0,3051.6,580.5982336000001,"Poultry (chicken, turkey)"
6,SEASONING ROTISSERIE CHKN,1.0,9.38,115.31,4.2546964306,"Poultry (chicken, turkey)"
4,OIL CANOLA SAL,1.0,32.5,41.5,14.741752025,Rapeseed/canola (Oil)
1,SUPPLY SOTF DINING ROOM BIDS,1.0,6.0,3898.8,2.72155422,Uncategorized
1,SUPPLY EQUIPMENT BID ITEM,2.0,2.0,3357.1,0.90718474,Uncategorized
1,SUPPLY SOTF TABLEWARE BIDS,1.0,6.0,3166.8,2.72155422,Uncategorized
1,SUPPLY BEVERAGE SOTF COM,1.0,6.0,1850.0,2.72155422,Uncategorized
1,CHARGE FOR DEL/INSTAL/REMOV,1.0,1.0,1104.0,0.45359237,Uncategorized
1,CHARGE FREIGHT,2.0,2.0,550.07,0.90718474,Uncategorized
2,BEEF SIRLOIN STEW CUBE 1X1 CH,13.0,133.2,1162.18,60.418503684,Beef & buffalo meat
24,WATER SPRKLG MINERAL GLASS,35.0,601.3,975.1,272.745092081,Uncategorized
12,DUCK BREAST SPLIT 6.5-9.5OZ,5.0,58.83,905.86,26.6848391271,"Poultry (chicken, turkey)"
4,BEEF RIB SHORT BNLS CH,1.0,74.1,893.65,33.611194617,Beef & buffalo meat
5,APTZR SPANAKOPITA,10.0,37.5,837.8,17.009713875,"Wheat/Rye (Bread, pasta, baked goods)"
1,COD ATL LOIN IQF 8 OZ ASIA,9.0,90.0,797.03,40.8233133,Fish (finfish)
2,CAKE CHOC MOUSSE 10 14CT,6.0,67.5,644.76,30.617484975,"Wheat/Rye (Bread, pasta, baked goods)"
150,APTZR POTSTICKER KALE AND VEG,13.0,97.5,585.91,44.225256075,Legumes (misc.)
24,WATER SPRING STILL ALUM W/ELEC,20.0,530.0,561.8,240.4039561,Uncategorized
6,LOBSTER MEAT CK-CKL BLEND 38%,1.0,12.0,530.54,5.4431084400000005,Lamb/mutton & goat meat
2,CAKE CHOC THUNDER,6.0,48.0,521.38,21.77243376,"Wheat/Rye (Bread, pasta, baked goods)"
4,SHRIMP BRD COCO BFLY 16/20,6.0,72.0,503.9,32.658650640000005,Crustaceans (shrimp/prawns)
24,SODA COCA COLA CLS,20.0,400.0,444.0,181.436948,Stimulants
24,SODA COKE DIET,20.0,355.25,444.0,161.1386894425,Stimulants
12,CREAMER HALF & HALF ESL,10.0,256.5,436.26,116.346442905,Milk (cow's milk)
2,APTZR FRANK PUFF PASTRY,8.0,27.2,424.48,12.337712464,Beef & buffalo meat
10,APTZR BEEF DLX WELLINGTON,3.0,15.9,419.28,7.212118683000001,Beef & buffalo meat
1,MUSHROOM PORTABELLA CP LRG FSH,16.0,80.0,415.84,36.2873896,Vegetables (misc.)
1,CHICKEN DRUMSTICK IF,9.0,147.6,393.39,66.95023381200001,"Poultry (chicken, turkey)"
4,SHALLOT PEELED FRESH,4.0,72.0,390.38,32.658650640000005,Onions and Leeks
1,GLACE DEMI DE VEAL CLASSIC,3.0,48.0,390.13,21.77243376,Lamb/mutton & goat meat
8,CAKE CHOC FLOURLESS,4.0,32.16,380.44,14.5875306192,Grains/cereals (except rice)
1,SOLE ELITE W/SCALLOPS&CRABMEAT,4.0,40.0,373.48,18.1436948,Crustaceans (shrimp/prawns)
4,CHICKEN CVP BRST RAND HALAL,4.0,160.0,370.54,72.57477920000001,"Poultry (chicken, turkey)"
3,BEEF STRIP BNLS 0X1 1/4SEL,1.0,38.6,370.29,17.508665482,Beef & buffalo meat
6,DETERGENT MACHINE SMRTPWR,2.0,81.0,352.46,36.74098197,Uncategorized
100,CRAB CAKE MINI,4.0,18.75,347.6,8.5048569375,Crustaceans (shrimp/prawns)
2,BEEF ROAST TOP RND DF FRSH,3.0,47.72,334.57,21.6454278964,Beef & buffalo meat
24,SODA SPRITE CANS,15.0,270.0,329.55,122.4699399,Stimulants
1,SNAPPER RED FRZN 8-10,3.0,30.0,311.7,13.6077711,Fish (finfish)
24,SODA GINGER ALE CUBE,20.0,417.0,308.8,189.14801829,Stimulants
2,BEEF TENDERLOIN PSMO IMP,2.0,23.65,306.15,10.7274595505,Beef & buffalo meat
8,JUICE ORANGE 100% PET,5.0,160.0,297.7,72.57477920000001,Citrus Fruit
24,WATER SELTZER PLAIN,30.0,630.0,293.1,285.7631931,Uncategorized
4,SHELL PASTRY DOUGH PHYLLO,10.0,8.0,291.4,3.62873896,"Wheat/Rye (Bread, pasta, baked goods)"
4,SHRIMP WHT P&D TLOF 26/30,5.0,50.0,289.15,22.6796185,Crustaceans (shrimp/prawns)
18,BEEF FLANK STKS PLD CH 3PK 6EA,1.0,39.0,288.64,17.69010243,Beef & buffalo meat
8,JUICE CRANBERRY CKTL27% PET,5.0,160.0,271.1,72.57477920000001,Berries
1,SUPPLY SOTF STORAGE/TRANSPORT,1.0,6.0,265.69,2.72155422,Uncategorized
2,CAKE RED VELVET,2.0,34.0,254.62,15.42214058,"Wheat/Rye (Bread, pasta, baked goods)"
1,BEAN LENTIL GREEN FRENCH,5.0,50.0,252.3,22.6796185,Beans and pulses (dried)
4,CAKE CARROT PRE-SLICED,2.0,36.0,249.64,16.329325320000002,"Wheat/Rye (Bread, pasta, baked goods)"
1,SALMON ATL FIL E-TRIM 2-3# CHL,2.0,22.2,248.97,10.069750614,Fish (finfish)
24,CHIP POTATO TERRA BLU,8.0,12.0,248.32,5.4431084400000005,"Wheat/Rye (Bread, pasta, baked goods)"
8,CHEESE MOZZ FRSH LOG SLI CRYO,6.0,48.0,244.7,21.77243376,Cheese
32,SOLE LEMON PPR PAN SEARED,3.0,30.0,243.03,13.6077711,Citrus Fruit
4,OIL OLIVE EXTRA VIRGIN ROBUSTO,2.0,48.38,239.88,21.9447988606,Olives (Oil)
10,BEET RED PLD & COOKED,9.0,99.0,235.89,44.905644630000005,Root Vegetables
2,CAKE TIRAMISU RND,4.0,26.0,235.16,11.79340162,"Wheat/Rye (Bread, pasta, baked goods)"
1,ASPARAGUS FRESH STANDARD,6.0,66.0,232.52,29.937096420000003,Other vegetables
10,PASTA GNOCCHI POTATO,4.0,88.0,230.12,39.91612856,"Wheat/Rye (Bread, pasta, baked goods)"
2,APTZR VEGETABLE SAMOSA SMALL,4.0,32.0,225.28,14.51495584,"Wheat/Rye (Bread, pasta, baked goods)"
5,MEAT ALTERNATE JACKFRUIT NKD,5.0,47.65,219.65,21.6136764305,Fruits (misc.)
4,CHEESECAKE NEW YORK STY 16 SLC,2.0,34.0,217.34,15.42214058,Cheese
4,GARLIC PEELED FRESH,2.0,40.0,210.96,18.1436948,Stimulants & Spices (misc.)
4,APTZR BEEF BIRRIA EMPANADA,2.0,15.6,210.22,7.076040972,Beef & buffalo meat
216,DOUGH COOKIE RED VELVET,3.0,60.75,205.62,27.5557364775,"Wheat/Rye (Bread, pasta, baked goods)"
213,DOUGH COOKIE CHOC CHIP,3.0,63.0,197.79,28.57631931,"Wheat/Rye (Bread, pasta, baked goods)"
4,CHEESECAKE PLAIN NY 16CT 11,2.0,34.5,192.12,15.648936765,Cheese
3,BROCCOLI FRESH SWEET BABY,7.0,42.0,191.77,19.05087954,Cabbages and other Brassicas (Broccoli)
1,SPINACH BABY FRSH,10.0,40.0,191.72,18.1436948,Cabbages and other Brassicas (Broccoli)
1,GLACE DEMI DE POULET (CHICKEN),2.0,32.0,184.56,14.51495584,"Poultry (chicken, turkey)"
213,DOUGH COOKIE OATMEAL RAISIN,3.0,60.0,182.28,27.2155422,"Wheat/Rye (Bread, pasta, baked goods)"
1,CHICKEN BRST AIRLINE NAE 8-10Z,4.0,40.0,182.16,18.1436948,"Poultry (chicken, turkey)"
1,TILAPIA FIL BTRD PUBHSE 3 OZ.,3.0,30.0,180.03,13.6077711,Fish (finfish)
12,MUSSEL GRN 1/2 SHL IQF 13-18CT,1.0,24.0,175.54,10.88621688,Mollusks
1,MUSHROOM SLCD FRESH,7.0,70.0,161.89,31.751465900000003,Vegetables (misc.)
4,CHICKEN CVP THIGH B/S HALAL,2.0,80.0,157.6,36.2873896,"Poultry (chicken, turkey)"
200,HONEY PURE CUP,3.0,15.9,151.56,7.212118683000001,Sugars and sweeteners
5,SEAFOOD MIX MEDLEY IQF THA,2.0,20.0,149.08,9.0718474,Animal fats
4,DESSERT BAR LUSCIOUS LMN SQ,2.0,19.0,145.04,8.61825503,Citrus Fruit
60,POPCORN PLAIN 100 CALORIE BAG,2.0,8.0,144.16,3.62873896,Corn (Maize)
2,CHICKEN NUG PLANT BASED,2.0,20.0,143.68,9.0718474,"Poultry (chicken, turkey)"
12,CREAM HEAVY WHIPPING 36% ESL,2.0,51.32,140.95,23.278360428400003,Cream
2,CHICKEN BRST BRD FIL 6 OZ,3.0,30.0,136.98,13.6077711,"Poultry (chicken, turkey)"
1,SUPPLY SOTF DINING ROOM,1.0,6.0,136.43,2.72155422,Uncategorized
3,SOUP MINESTRONE CONC,3.0,36.0,126.66,16.329325320000002,"Wheat/Rye (Bread, pasta, baked goods)"
4,CHEESE CREAM TUB SPREAD,3.0,9.0,126.09,4.082331330000001,Cheese
1,CHICKEN NUGGET PLNT BSD,2.0,20.0,124.34,9.0718474,"Poultry (chicken, turkey)"
2,PORK BBQ SMKD PULLED PREMIUM,2.0,20.0,122.58,9.0718474,Pork (pig meat)
2,SOUP CHICKEN NDLE,3.0,48.0,122.46,21.77243376,"Poultry (chicken, turkey)"
2,SALAD POTATO RED-SK DLX,5.0,50.0,121.95,22.6796185,Vegetables (misc.)
150,APTZR POTSTICKER CH LEMONGRASS,3.0,22.5,117.87,10.205828325,Citrus Fruit
4,DRESSING VINAIGRETTE CHAMPAGNE,1.0,33.7,113.06,15.286062869000002,Pork (pig meat)
1,TUNA AHI SAKU BLOCK IVP 10OZ,1.0,10.0,112.56,4.535923700000001,Fish (finfish)
4,CHICKEN CVP WING 1&2JT JMB RND,1.0,40.0,111.86,18.1436948,"Poultry (chicken, turkey)"
5,CHEESE CHEDDAR SHRD VEGAN,2.0,20.0,109.36,9.0718474,Soybeans/Tofu
6,CHEESE GOAT CRUMBLE TRAY PK,2.0,12.0,107.96,5.4431084400000005,Lamb/mutton & goat meat
4,MILK WHL GALLON,4.0,137.6,107.84,62.414310112,Milk (cow's milk)
4,VEGETABLE MIX SLAW POWER BLEND,5.0,40.0,106.45,18.1436948,Legumes (misc.)
6,SPICE GINGER GRND,1.0,4.686,106.19,2.12553384582,Stimulants & Spices (misc.)
6,RICE LONG GRAIN AND WILD,2.0,29.22,106.12,13.2539690514,Grains/cereals (except rice)
1,BOK CHOY BABY FRESH,4.0,40.0,104.66,18.1436948,Cabbages and other Brassicas (Broccoli)
1,SALAD SEAWEED FRZN WAKAMI,4.0,17.6,103.64,7.983225712000001,Vegetables (misc.)
6,PASTE MISO WHT KOSHI,3.0,14.85,101.61,6.7358466945,Stimulants
4,CABBAGE GREEN SHRD FRSH W/BAG,4.0,80.0,99.32,36.2873896,Cabbages and other Brassicas (Broccoli)
1,EGGPLANT CUTLET BRD,2.0,20.0,98.96,9.0718474,Other vegetables
6,EXTRACT VANILLA PURE,0.0,3.0,98.1,1.36077711,Stimulants & Spices (misc.)
1,LIME FLORIDA FRESH,5.0,50.0,97.7,22.6796185,Citrus Fruit
2,CHEESE MOZZ FRSH CILIEGN 1/3OZ,3.0,18.0,95.68,8.164662660000001,Cheese
56,CHIP POTATO ORIG,3.0,19.68,91.74,8.926697841600001,"Wheat/Rye (Bread, pasta, baked goods)"
2,TURKEY BRST SMOKED SKON,1.0,19.85,90.6,9.003808544500002,"Poultry (chicken, turkey)"
4,SNACK BAR PROTEIN ASST 1.9Z,1.0,5.581,90.0,2.53149901697,Tree nuts and seeds
3,SOUP VEGETABLE LUMBERJCK CONC,2.0,24.0,89.46,10.88621688,Legumes (misc.)
6,MILK COCONUT UNSWT,1.0,38.0,86.01,17.23651006,Tree nuts and seeds
2,ARUGULA BABY FRESH,5.0,20.0,85.36,9.0718474,Cabbages and other Brassicas (Broccoli)
2,COOKIE MINI ASSORTED MACARONS,1.0,4.05,83.44,1.8370490985,"Wheat/Rye (Bread, pasta, baked goods)"
1,TOPPING WHPD BASE,1.0,30.0,82.82,13.6077711,Vegetable oils
2,PASTA SACCHETTI FOUR CHS,2.0,12.0,82.02,5.4431084400000005,"Wheat/Rye (Bread, pasta, baked goods)"
6,POTATO FRY 3/8,2.0,60.0,81.88,27.2155422,Potatoes
3,SPRINGROLL VEGETABLE,1.0,9.0,80.14,4.082331330000001,Legumes (misc.)
30,NOODLE RICE VERMICELLI,1.0,30.0,80.06,13.6077711,"Wheat/Rye (Bread, pasta, baked goods)"
1,BRUSSEL SPROUT ICELS,2.0,50.0,79.94,22.6796185,Beans and pulses (dried)
1,LEMON CHOICE FRESH,2.0,80.0,79.16,36.2873896,Citrus Fruit
88,PRETZEL TINY TWIST CLS SS,2.0,11.0,79.06,4.9895160700000005,"Wheat/Rye (Bread, pasta, baked goods)"
1,CAULIFLOWER FRESH MULTI-COLOR,2.0,30.0,78.98,13.6077711,Cabbages and other Brassicas (Broccoli)
6,CORN YEL RSTD,2.0,30.0,78.5,13.6077711,Corn (Maize)
4,SHRIMP WHT P&D TLON CKD 16/20,1.0,10.0,77.77,4.535923700000001,Crustaceans (shrimp/prawns)
8,JUICE GRPFRT RUBY RED RTS PET,3.0,103.842,77.34,47.10193888554,Citrus Fruit
12,MILK SKIM UHT,5.0,129.45,77.15,58.7175322965,Milk (cow's milk)
6,BEAN GARBANZO FRESH RTE,2.0,48.0,76.74,21.77243376,Beans and pulses (dried)
2,SOUP LENTIL VEGETERIAN,2.0,32.0,76.14,14.51495584,Beans and pulses (dried)
6,SPICE TURMERIC GRND,1.0,20.0,74.13,9.0718474,Stimulants & Spices (misc.)
4,SOUP CHOWDER CHORIZO ELOTE,1.0,16.0,72.99,7.25747792,Mollusks
2,SAUCE MASALA TIKKA,2.0,16.0,71.26,7.25747792,Vegetable oils
2,CHEESE RICOTTA SALATA PECORINO,1.0,12.68,70.36,5.7515512516000005,Cheese
2,RAVIOLI WILD MUSHROOM,1.0,6.0,69.53,2.72155422,"Wheat/Rye (Bread, pasta, baked goods)"
200,PRESERVE STRAWBERRY,2.0,12.5,68.2,5.669904625,Berries
3,KALE BABY GREEN,4.0,12.0,68.2,5.4431084400000005,Cabbages and other Brassicas (Broccoli)
2,OLIVE GREEK PITTED MIX,1.0,17.4,67.4,7.892507237999999,Other vegetables
1,POTATO BAKING IDAHO 100CT FRSH,3.0,150.0,67.06,68.0388555,Potatoes
3,NUT PINE RAW,0.0,2.0,66.71,0.90718474,Uncategorized
1,MUSHROOM FOODSERVICE #2 FRESH,3.0,30.0,66.48,13.6077711,Vegetables (misc.)
2,SAUCE GENERAL TSO,1.0,22.5,65.26,10.205828325,Vegetable oils
2,TOMATO SLI FRSH FC XL,2.0,42.0,64.26,19.05087954,Tomatoes
6,BEEF SAUSAGE BRSKT BRNT END RG,1.0,12.0,64.18,5.4431084400000005,Beef & buffalo meat
2,SAUCE ORANGE GNGR,1.0,20.0,64.05,9.0718474,Citrus Fruit
2,TOMATO DICED 3/8IN TRAY,3.0,30.0,62.76,13.6077711,Tomatoes
2,RICE WILD POLY,1.0,10.0,62.2,4.535923700000001,Rice
3,ALMOND NATURAL SLICED,1.0,6.0,59.94,2.72155422,Tree nuts and seeds
1,PLANTBASED MEATBALL VEGAN,1.0,10.0,59.76,4.535923700000001,Legumes (misc.)
12,PEPPER RED RSTD WHL IMP,1.0,21.0,59.08,9.52543977,Stimulants & Spices (misc.)
12,SAUCE HOT SRIRACHA 28OZ,1.0,21.0,58.03,9.52543977,Vegetable oils
3,CHEESE CUBE CHDR/SWISS/PEP JCK,1.0,15.0,56.97,6.80388555,Cheese
1,TOMATO GRAPE FRSH,3.0,30.0,56.64,13.6077711,Tomatoes
1,OKRA CUT GR A IQF,1.0,30.0,55.94,13.6077711,Vegetables (misc.)
6,QUINOA GRAIN TRI COLORED,1.0,12.0,55.66,5.4431084400000005,Grains/cereals (except rice)
4,SOUP BROCCOLI CHS WHT CHED RTU,1.0,16.0,54.02,7.25747792,Cabbages and other Brassicas (Broccoli)
1,CAKE CHOC MOUSSE,2.0,7.0,54.02,3.17514659,"Wheat/Rye (Bread, pasta, baked goods)"
20,DOUGH PUFF PASTRY SLAB 10X15,1.0,15.0,53.67,6.80388555,"Wheat/Rye (Bread, pasta, baked goods)"
1,CHERRY DRIED,1.0,4.76,53.18,2.1590996812,Fruits (misc.)
100,CHEESE CREAM PLAIN SPREAD CUP,2.0,9.0,51.64,4.082331330000001,Cheese
6,MARMALADE ORANGE,1.0,32.4,50.69,14.696392788,Citrus Fruit
12,SPINACH CHOPPED IQF,1.0,24.15,50.67,10.9542557355,Cabbages and other Brassicas (Broccoli)
4,BRUSSEL SPROUT SHREDDED,1.0,12.0,50.23,5.4431084400000005,Beans and pulses (dried)
3,SOUP ITALIAN WEDDING CONC,1.0,12.15,48.29,5.511147295500001,Uncategorized
3,SOUP CHOWDER CLAM NEW ENG CONC,1.0,12.1,48.08,5.488467677,Mollusks
1,CHARGE FREIGHT,2.0,2.0,47.25,0.90718474,Uncategorized
2,PASTA PENNE RIGATE MINI,1.0,19.7,46.88,8.935769689,"Wheat/Rye (Bread, pasta, baked goods)"
3,SOUP CHOWDER CORN CHKN CONC,1.0,11.998,46.85,5.44220125526,"Poultry (chicken, turkey)"
3,SPICE PEPPER RED CRUSHED,0.0,2.983,45.9,1.35306603971,Stimulants & Spices (misc.)
1,POPCORN KERNEL YELLOW,1.0,50.0,45.78,22.6796185,Corn (Maize)
1,GINGER ROOT FRESH,1.0,30.0,45.7,13.6077711,Roots and Tubers
3,SOUP FRENCH ONION CONC,1.0,11.9,44.46,5.397749203,Onions and Leeks
4,POTATO MASHED SWEET,1.0,24.0,44.43,10.88621688,Potatoes
6,RICE MEXICAN FIESTA BENS ORIG,1.0,9.71,44.22,4.404381912700001,Rice
1,TOMATILLO FRESH DEHUSKED,1.0,20.0,44.22,9.0718474,Other vegetables
3,SOUP VEG BEEF CONC,1.0,11.95,43.86,5.4204288215,Legumes (misc.)
6,MILK ALMOND ORIG UNSWT,2.0,50.08,43.72,22.7159058896,Almond milk
1,PICKLE CHIP DILL KO RE KK 5/16,1.0,45.6,43.64,20.683812072,"Wheat/Rye (Bread, pasta, baked goods)"
1,WALNUT HALVES AND PCS,1.0,5.0,43.53,2.2679618500000003,Tree nuts and seeds
4,SOUP ITALIAN WEDDING MTBL RTU,1.0,16.0,42.91,7.25747792,Lamb/mutton & goat meat
4,MUSTARD BROWN SPCY,1.0,35.29,41.33,16.0072747373,Tree nuts and seeds
1,ASPARAGUS FRESH LARGE,1.0,11.0,40.63,4.9895160700000005,Other vegetables
6,RICE PILAF BENS ORIG 6/36OZ,1.0,13.5,39.48,6.123496995,Rice
4,MUSTARD DIJON W/WHT WINE TIN,0.0,18.0,38.96,8.164662660000001,Tree nuts and seeds
6,MILK OAT BARISTA EDITION,2.0,25.6,38.72,11.611964672,Oat milk
3,SOUP CHOWDER CORN CONC,1.0,12.05,38.67,5.4657880585,Mollusks
2,MANGO CUBED,1.0,10.0,38.56,4.535923700000001,Fruits (misc.)
3,SOUP TOMATO BASIL CONC,1.0,12.0,38.45,5.4431084400000005,Tomatoes
6,SNACK BAR BLUBRY VAN & CASHEW,0.0,2.1,37.58,0.952543977,Tree nuts and seeds
12,POLENTA INSTANT,1.0,12.75,36.71,5.783302717500001,Uncategorized
2,CHEESE FETA CRUMBLED,1.0,10.0,36.61,4.535923700000001,Cheese
3,CHEESE PROVOLONE,0.0,11.63,36.44,5.275279263100001,Cheese
12,YOGURT BLACK CHERRY GREEK NF,2.0,9.0,36.06,4.082331330000001,Yogurt
12,YOGURT BLUEBERRY GREEK NON FAT,2.0,8.0,36.06,3.62873896,Yogurt
1,RAISIN SEEDLESS GOLDEN,1.0,10.0,34.97,4.535923700000001,Fruits (misc.)
8,TOFU FIRM SUPER ORGANIC,1.0,16.0,34.86,7.25747792,Soybeans/Tofu
3,SOUP CREAM OF POTATO CONC,1.0,11.95,33.37,5.4204288215,Cream
3,LETTUCE MIX TUSCAN BABY KALE,2.0,6.0,32.94,2.72155422,Cabbages and other Brassicas (Broccoli)
16,PASTA ORZO,1.0,16.0,31.45,7.25747792,"Wheat/Rye (Bread, pasta, baked goods)"
2,SQUASH BUTTERNUT PLD FRSH,1.0,10.0,31.21,4.535923700000001,Fruits (misc.)
6,YOGURT PLAIN GREEK NONFAT,1.0,12.0,30.87,5.4431084400000005,Yogurt
48,AVOCADO HASS FRSH HLV INDW HPP,1.0,4.5,30.17,2.0411656650000003,Fruits (misc.)
1,POTATO SWEET #1 STANDARD,1.0,40.0,29.14,18.1436948,Cassava and Other Roots
2,CHEESE GOUDA SMOKED,0.0,6.1,28.74,2.766913457,Cheese
2,CHEESE BRIE PLAIN 60% DOMSTC,1.0,4.0,28.13,1.81436948,Cheese
144,WAFFLE JUMBO GOURM WHL GRN,1.0,11.7,27.72,5.307030729,"Wheat/Rye (Bread, pasta, baked goods)"
24,SPICE PEPPERCORN GREEN/BRINE,0.0,2.5,25.75,1.133980925,Corn (Maize)
2,CHERRY RED TART PTD IQF GRA,1.0,10.0,24.75,4.535923700000001,Fruits (misc.)
4,ONION GREEN ICELS,1.0,6.15,24.6,2.7895930755000005,Onions and Leeks
1,CARROT MATCHSTICK PREMIUM,2.0,10.0,23.9,4.535923700000001,Root Vegetables
4,PARSLEY CLN/WASH FRESH HERB,1.0,4.0,23.6,1.81436948,Grains/cereals (except rice)
2,CREAM SOUR CULTRD GRADE A,1.0,10.0,21.88,4.535923700000001,Cream
1,PEPPER JALAPENO FRSH,2.0,4.0,21.14,1.81436948,Stimulants & Spices (misc.)
1,MINT FRESH,1.0,2.0,19.6,0.90718474,Stimulants & Spices (misc.)
6,SNACK BAR DK CHOC NUT SEA SALT,0.0,1.283,18.84,0.58195901071,Tree nuts and seeds
1,RADISH RED FRSH,1.0,5.0,16.76,2.2679618500000003,Root Vegetables
4,CHEESE MOZZARELLA LMPS FTHR SH,0.0,5.0,14.91,2.2679618500000003,Cheese
6,CAPER NONPAREIL IMPORTED,0.0,6.166,14.1,2.79685055342,Sugars and sweeteners
1,CHIVE FRESH HERB,1.0,0.35,13.68,0.1587573295,Other vegetables
6,QUINOA GRAIN RED FULLY COOKED,0.0,0.0,0.0,0.0,Grains/cereals (except rice)
2,EGG LIQ WHL CAGE FREE W/CITRIC,104.0,4160.0,18432.85,1886.9442592,Eggs
8,STRAWBERRY FRESH DRISCOLL,366.0,2928.0,14504.36,1328.11845936,Berries
2,CHICKEN FAJ BRST STRIP CKD,256.0,2560.0,13107.35,1161.1964672,"Poultry (chicken, turkey)"
2,BEEF SIRLOIN STEW CUBE 1X1 CH,137.0,1460.65,12572.36,662.5396952405001,Beef & buffalo meat
1,EGG SHELL XLRG GRD AA USDA WHT,66.0,1666.5,9058.39,755.911684605,Eggs
1,SALAD FRUIT NO ORANGES,101.0,2424.0,7896.18,1099.50790488,Fruits (misc.)
2,CHICKEN BRST PRESSED ULT THN,110.0,1100.0,6150.48,498.951607,"Poultry (chicken, turkey)"
4,GUACAMOLE FRESH ORIG BLEND HPP,132.0,1056.0,5207.4,478.9935427200001,Fruits (misc.)
144,BISCUIT BUTTERMILK SIMPL SPLIT,108.0,2192.4,5123.92,994.455911988,Yogurt
2,CAULIFLOWER FLORET LRG CUT,137.0,883.65,4678.87,400.8168977505,Cabbages and other Brassicas (Broccoli)
1,BEEF BRISKET,40.0,705.3,4592.21,319.918698561,Beef & buffalo meat
1,BACON LAYFLAT 18/22 SMOKED,59.0,885.0,4446.74,401.4292474500001,Pork (pig meat)
1,OIL SALAD CANOLA ZTF,134.0,4690.0,4425.42,2127.3482153,Rapeseed/canola (Oil)
1,SAUSAGE TURKEY SKLS LK CK .8OZ,93.0,930.0,4412.55,421.8409041000001,"Poultry (chicken, turkey)"
4,BROCCOLI FLORET ICELESS,132.0,1584.0,4276.37,718.4903140800001,Cabbages and other Brassicas (Broccoli)
6,LAMB LEG NZ 3130 BRN HALAL FRZ,23.0,576.16,4117.24,261.3417798992,Lamb/mutton & goat meat
4,CHICKEN CVP THIGH B/S HALAL,52.0,2080.0,4097.6,943.4721296,"Poultry (chicken, turkey)"
6,CHEESE PIZZA BLND MOZZ/PROV WM,48.0,1440.0,4014.02,653.1730128,Cheese
2,SAUSAGE SMKD MPLE BIAS CUT Z,78.0,780.0,3724.5,353.80204860000003,Pork (pig meat)
8,SAUCE MIX ALFREDO,35.0,280.0,3665.9,127.0058636,Vegetable oils
1,TOMATO GRAPE FRSH,187.0,1870.0,3628.71,848.2177319,Tomatoes
2,CHICKEN TNDR FRTR ORIG FLT SEL,105.0,1050.0,3583.65,476.2719885,"Poultry (chicken, turkey)"
1,PANCAKE APPLE FILLED,73.0,949.0,3582.11,430.4591591300001,"Wheat/Rye (Bread, pasta, baked goods)"
6,SAUCE MARINARA CHUNKY,74.0,2886.0,3421.76,1309.06757982,Vegetable oils
120,POTATO HASH BRN GLDN PTY,76.0,1282.5,3297.64,581.732214525,Potatoes
1,COFFEE COLD BREW BIB,24.0,1008.0,3287.76,457.22110896,Coffee
1,BANANA FRESH GREEN TIP,129.0,5547.0,3251.88,2516.07687639,Bananas
2,BACON BIT REAL CKD 3/8 GF,44.0,440.0,3232.86,199.5806428,Pork (pig meat)
16,CHICKEN CVP 8PC CUT TR HAL,31.0,1529.76,3187.12,693.8874639312,"Poultry (chicken, turkey)"
2,ONION RED DICED 3/8,72.0,720.0,3143.68,326.5865064,Onions and Leeks
6,LETTUCE ROMAINE CHOP,88.0,1056.0,3066.96,478.9935427200001,Cabbages and other Brassicas (Broccoli)
2,BEEF FAJ STRIP FC MAR SW 1/2X3,28.0,280.0,2994.88,127.0058636,Beef & buffalo meat
2,PEPPER GREEN DICED FRESH,92.0,920.0,2863.98,417.3049804,Stimulants & Spices (misc.)
1,EGG SHELL XL WHT USDA AA,10.0,500.0,2846.89,226.796185,Eggs
2,MEATBALL BEEF CHICKN HALAL 1OZ,70.0,700.0,2825.4,317.514659,Beef & buffalo meat
2,SALSA PICO DE GALLO,104.0,1040.0,2822.78,471.7360648,Stimulants
90,SAUSAGE BREAKFAST PATTY VEGAN,34.0,312.46,2813.84,141.7294719302,Legumes (misc.)
4,BEEF GRND BLK 80/20 GRFD HALAL,32.0,641.22,2743.29,290.8524994914,Beef & buffalo meat
1,GRAPE RED SEEDLS LG,52.0,936.0,2628.52,424.56245832,Citrus Fruit
1,MUSHROOM SLCD FRESH,112.0,1120.0,2587.71,508.0234544000001,Vegetables (misc.)
8,TOFU FIRM SUPER ORGANIC,74.0,1184.0,2579.64,537.05336608,Soybeans/Tofu
1,SAUSAGE TURKEY PTY CKD 1.6OZ,54.0,540.0,2545.24,244.9398798,"Poultry (chicken, turkey)"
114,SAUSAGE CHICKEN FOUR PPR VEG/C,52.0,520.0,2459.41,235.8680324,Legumes (misc.)
2,SAUCE PESTO NO NUT,79.0,316.0,2430.83,143.33518892,Vegetable oils
2,TOMATO DICED 3/8IN TRAY,115.0,1150.0,2397.75,521.6312255,Tomatoes
2,BEAN GREEN TRIMMED FRSH,96.0,1003.2,2352.4,455.04386558400006,Beans and pulses (dried)
2,SOUP TOMATO BISQUE,49.0,784.0,2306.43,355.61641808,Tomatoes
4,CHEESE CHEDDAR JACK FTHR SHRED,38.0,760.0,2294.33,344.7302012,Cheese
1,GRAPE GREEN SEEDLS LG,40.0,720.0,2255.22,326.5865064,Citrus Fruit
4,ONION DICED 3/8 YEL,52.0,1040.0,2246.26,471.7360648,Onions and Leeks
6,POTATO H/BRN DICE SKON,35.0,1260.0,2243.85,571.5263862,Potatoes
1,ORANGE FANCY FRESH,61.0,2440.0,2225.72,1106.7653828,Citrus Fruit
6,PORK CARNITAS MEAT PRCK CAFE H,17.0,498.6,2218.28,226.161155682,Pork (pig meat)
2,HAM BUFFET MASTER BNLS H/W 32%,35.0,709.5,2208.37,321.823786515,Pork (pig meat)
1,PIG WHOLE,28.0,412.28,2204.87,187.0070623036,Uncategorized
100,CHEESE CREAM ORIG SPREAD CUP,53.0,331.25,2202.68,150.2524725625,Cheese
12,BEEF EYE OF RND 171C,6.0,453.8,2201.84,205.840217506,Beef & buffalo meat
6,POTATO PANCAKE MINI BABYCAKE,40.0,720.0,2024.4,326.5865064,"Wheat/Rye (Bread, pasta, baked goods)"
4,SOUP BASE VEGETABLE LIQ CONC,32.0,368.0,1996.5,166.92199216,Legumes (misc.)
6,ORANGE MANDARIN BRKN LS,35.0,1562.75,1990.32,708.8514762175,Citrus Fruit
4,OIL CANOLA SAL,52.0,1690.0,1909.21,766.5711053,Rapeseed/canola (Oil)
2,SAUSAGE CHORIZO VEGAN BULK,30.0,300.0,1896.6,136.077711,Legumes (misc.)
4,CHICKEN CVP BRST 6OZ HAL,20.0,400.0,1893.2,181.436948,"Poultry (chicken, turkey)"
4,CARROT STK 4 IN FRESH,43.0,860.0,1876.99,390.0894382,Root Vegetables
6,PEPPER RED DICED FCY,21.0,888.3,1858.83,402.926102271,Stimulants & Spices (misc.)
6,COFFEE CAPP FRCH VAN,24.0,288.0,1838.16,130.63460256000002,Coffee
160,SAUSAGE PORK PTY CKD MILD 1 OZ,39.0,390.0,1796.18,176.90102430000002,Pork (pig meat)
6,GARLIC CHOPPED IN WATER,32.0,384.0,1791.92,174.17947008000002,Stimulants & Spices (misc.)
12,CREAM HEAVY WHIPPING 36% ESL,25.0,641.5,1765.19,290.979505355,Cream
12,BLACKBERRY FRESH,48.0,432.0,1747.67,195.95190384,Berries
1,CHEESE CREAM ORIG CRTN,8.0,400.0,1664.64,181.436948,Cheese
10,TUNA AHI STEAK 6OZ TS,21.0,210.0,1635.27,95.2543977,Beef & buffalo meat
80,BEEF PATTY 75/25 RND IQF,20.0,400.0,1627.4,181.436948,Beef & buffalo meat
6,SAUCE CHEESE ULT YEL POUCH,16.0,636.0,1610.24,288.48474732,Cheese
40,PORK CHOP B/I C/C 4 OZ SEAS,32.0,320.0,1586.24,145.14955840000002,Pork (pig meat)
5,LAMB LEG BNLS HALAL FRZ,10.0,300.52,1583.74,136.3135790324,Lamb/mutton & goat meat
6,YOGURT VANILLA PARFAIT POUCH,40.0,960.0,1561.6,435.4486752,Yogurt
120,EGG PATTY BAKED PLANT BASED,15.0,225.0,1545.15,102.05828325,Eggs
2,CHEESE MOZZ FRSH CILIEGN 1/3OZ,47.0,282.0,1515.12,127.91304834,Cheese
2,PORK LOIN BNLS CC STR/OFF 1/8I,39.0,670.66,1514.67,304.2062588642,Pork (pig meat)
50,SAUSAGE VEGETARIAN ITAL SWT,13.0,143.0,1491.62,64.86370891,Legumes (misc.)
1,EGG SHELL LARGE GR AA USDA WHT,10.0,250.0,1484.9,113.3980925,Eggs
8,PORK BUTT BNLS 1/4 6-9#EA,11.0,809.2,1463.81,367.046945804,Pork (pig meat)
2,SOUP CHICKEN NDLE,35.0,560.0,1448.7,254.0117272,"Poultry (chicken, turkey)"
2,PASTA CAVATAPPI,35.0,686.0,1446.55,311.16436582,"Wheat/Rye (Bread, pasta, baked goods)"
6,POTATO FRY WDG 8CUT KRUNCHIE,23.0,690.0,1438.88,312.97873530000004,Potatoes
4,BEEF BARBACOA CAFE H MEX/SHRED,10.0,199.25,1392.56,90.3782797225,Beef & buffalo meat
3,PORK SPARE RIB FRSH 4.9# DN AV,13.0,578.29,1368.11,262.3079316473,Pork (pig meat)
6,YOGURT STRAWBERRY PARFAIT POUC,35.0,840.0,1366.4,381.0175908,Yogurt
3,COFFEE FRZDRY SMOOTH,9.0,23.76,1363.32,10.7773547112,Coffee
4,CELERY STICK FRESH,29.0,580.0,1319.13,263.0835746,Other vegetables
6,POTATO SWEET CENTER CUT,18.0,540.0,1315.98,244.9398798,Cassava and Other Roots
4,SHRIMP WHT P&D TLOF CKD 91/110,22.0,220.0,1276.88,99.7903214,Crustaceans (shrimp/prawns)
2,CHEESE VEGAN MOZZ SHRED,25.0,250.0,1248.58,113.3980925,Soybeans/Tofu
2,SAUCE MASALA TIKKA,35.0,280.0,1247.05,127.0058636,Vegetable oils
6,POTATO FRY 3/8,30.0,900.0,1231.8,408.233133,Potatoes
12,TOAST FRENCH WHL WHEAT 4PCS,20.0,480.0,1229.2,217.7243376,"Wheat/Rye (Bread, pasta, baked goods)"
4,CARROT BABY CUT PLD,44.0,761.2,1222.72,345.27451204400006,Root Vegetables
6,POTATO TATER BARREL,23.0,690.0,1221.53,312.97873530000004,Potatoes
1,PEPPER SWEET BELL MEDLEY HH,29.0,580.0,1215.86,263.0835746,Stimulants & Spices (misc.)
72,EGGROLL VEGETABLE,22.0,297.0,1199.88,134.71693389,Eggs
1,PLANTBASED MEATBALL VEGAN,20.0,200.0,1195.2,90.718474,Legumes (misc.)
6,BEAN GARBANZO FRESH RTE,31.0,744.0,1191.47,337.47272328,Beans and pulses (dried)
38,CHICKEN BRST VEGTRN BREADED RW,15.0,178.125,1188.0,80.79614090625,Legumes (misc.)
6,COCOA MIX ALEGRIA,12.0,126.0,1185.72,57.152638620000005,Tree nuts and seeds
4,COFFEE FRZDRY 100% ARABE ALEGR,9.0,19.8,1182.24,8.981128926,Coffee
1,RICE BASMATI WHITE,30.0,741.0,1180.8,336.11194617,Rice
8,BEVERAGE MIX FROTHY ALEGRIA,6.0,96.0,1167.96,43.54486752,Uncategorized
12,BLUEBERRY FRESH,21.0,267.75,1155.46,121.4493570675,Berries
2,SALMON ATL SMK SLI FIL USA,15.0,79.72,1140.13,36.1603837364,Fish (finfish)
320,CREAM PUFF VAN BULK PAC,21.0,168.0,1140.09,76.20351816,Cream
4,JUICE ORANGE CONC 5X1 ORIG,6.0,192.0,1138.32,87.08973504000001,Citrus Fruit
6,BUN PLAIN BAO FLD BTRFLY SHPD,20.0,160.0,1132.6,72.57477920000001,"Wheat/Rye (Bread, pasta, baked goods)"
40,SAUSAGE ITAL LNK N/C 4X1,30.0,300.0,1120.8,136.077711,Pork (pig meat)
20,APTZR YUCCA FRIES PRCKD,28.0,560.0,1109.08,254.0117272,Cassava and Other Roots
2,CHEESE FETA CRUMBLED,30.0,300.0,1097.31,136.077711,Cheese
12,CORN WHL KERNEL GR A P,22.0,660.0,1085.04,299.3709642,Corn (Maize)
1,APPLE GLDN DEL X-FANCY FRESH,22.0,880.0,1084.36,399.1612856,Apples
4,BANANA PLANTAIN FRZN SWEET SLI,32.0,768.0,1079.68,348.35894016000003,Bananas
4,JUICE APPLE CONC DISP 6X1,6.0,192.0,1078.62,87.08973504000001,Apples
1,EGG HARDBOILED WHL PEEL SEL,12.0,300.0,1078.41,136.077711,Eggs
4,CEREAL GRANOLA CINNAMON,20.0,250.0,1075.2,113.3980925,Grains/cereals (except rice)
8,VEGETARIAN SOY FISHLESS FIL,32.0,163.2,1066.56,74.026274784,Legumes (misc.)
2,SOUP BUTTERNUT & APPLE,22.0,3.52,1063.48,1.5966451424,Fruits (misc.)
4,LETTUCE FRESH TENDER GREENS,27.0,324.0,1048.38,146.96392788,Cabbages and other Brassicas (Broccoli)
4,CARROT SHRD FRSH MATCH STK,29.0,580.0,1046.34,263.0835746,Root Vegetables
12,GUACAMOLE SOUTHWESTERN HPP FRZ,17.0,204.0,1040.74,92.53284348,Fruits (misc.)
4,GRAIN SPECIALTY FARRO SEMIPRLD,24.0,288.0,1034.88,130.63460256000002,Grains/cereals (except rice)
12,JUICE CONC NSA PNAPLE PASINFRT,6.0,200.16,1029.54,90.7910487792,Fruits (misc.)
1,EGG SHELL LRG WHT A CAGE FREE,21.0,472.5,1013.5,214.322394825,Eggs
2,SOUP ITALIAN WEDDING W/MTBALLS,24.0,384.0,1010.16,174.17947008000002,Lamb/mutton & goat meat
4,CHEESE QUESO QUESADILLA SHRED,13.0,260.0,1006.98,117.9340162,Cheese
6,OIL OLIVE EXTRA VIRGIN FRUTATO,8.0,130.0,998.88,58.9670081,Olives (Oil)
6,PAN COATING BUTR SPRAY,28.0,178.36,993.44,80.90273511320001,Vegetable oils
4,SALSA CHUNKY MED AUTHENTIC,13.0,438.75,990.34,199.0136523375,Stimulants
120,SPREAD CHOCOLATE HZLNT PC,34.0,139.4,982.6,63.23077637800001,Sugars and sweeteners
4,JUICE CRNBRY DRINK MINI PAC,5.0,160.0,982.4,72.57477920000001,Citrus Fruit
2,BACON TURKEY SLI SMK BULK,22.0,220.0,980.32,99.7903214,"Poultry (chicken, turkey)"
64,AVOCADO HALF INDWRP HPP FRZ,17.0,102.0,975.49,46.266421740000006,Fruits (misc.)
4,DIP HUMMUS TRADITIONAL,21.0,315.0,966.21,142.88159655,Vegetable oils
3,CHEESE CUBE CHDR/SWISS/PEP JCK,17.0,255.0,965.29,115.66605435,Cheese
2,CAKE LYR PNK LMNADE 10IN 14CT,12.0,168.0,960.0,76.20351816,"Wheat/Rye (Bread, pasta, baked goods)"
3,CHICKEN WING BRD JMBO PCK,15.0,225.0,952.35,102.05828325,"Poultry (chicken, turkey)"
12,RASPBERRY RED FRESH,17.0,122.4,952.3,55.51970608800001,Berries
12,PRETZEL SOFT BURGER BUN VEGAN,19.0,273.6,948.29,124.102872432,Soybeans/Tofu
12,BUN BRAT PRETZL SLI 2.6Z VEGAN,19.0,247.0,933.47,112.03731539,Legumes (misc.)
1,EGG SHELL LG WHT PASTEURIZED,10.0,240.0,919.1,108.8621688,Eggs
2,CHICKEN MEAT DICED WHT LSOD,19.0,190.0,916.18,86.1825503,Lamb/mutton & goat meat
2,CHICKEN BRST BRD FIL 6 OZ,20.0,200.0,912.8,90.718474,"Poultry (chicken, turkey)"
1,CORN COB PET SUPER SWEET FROZ,20.0,580.0,910.77,263.0835746,Corn (Maize)
1,RICE PARBOILED PERFECT,23.0,1167.25,909.42,529.4556938825,Rice
12,PANCAKE BUTTERMILK 4,28.0,343.84,897.68,155.9632005008,Yogurt
2,SOUP LENTIL VEGETERIAN,23.0,368.0,895.61,166.92199216,Beans and pulses (dried)
12,JUICE CONC MANGO,5.0,160.15,885.23,72.6428180555,Fruits (misc.)
4,SAUCE TZATZIKI SOUR CREAM,21.0,315.0,881.37,142.88159655,Vegetable oils
6,GRAIN QUINOA RED FULLY COOKED,21.0,277.2,858.27,125.735804964,Grains/cereals (except rice)
1,APPLE GALA X-FANCY FRESH,21.0,861.0,858.06,390.54303057,Apples
15,EGG LIQUID WHL CITACID CGFREE,8.0,240.0,849.68,108.8621688,Eggs
2,MEAT ALTERNATE SEITAN BULK,18.0,180.0,848.34,81.6466266,Soybeans/Tofu
2,CHEESECAKE CANDY COTTN SWIRL,12.0,115.44,843.6,52.362703192800005,Cheese
4,CAKE RED VELVET LYR 9,12.0,159.0,842.64,72.12118683,"Wheat/Rye (Bread, pasta, baked goods)"
6,GRAIN QUINOA WHT FULLY CKD ORG,21.0,277.2,838.74,125.735804964,Grains/cereals (except rice)
4,CORNBREAD BKD CUT 12X16,15.0,240.0,823.65,108.8621688,Corn (Maize)
4,SYRUP MAPLE PURE DARK ROBUST,3.0,132.03,816.65,59.887800611100005,Sugars and sweeteners
36,BUTTER SOLID SALTED NON USDA,6.0,216.0,812.86,97.97595192,Butter
2,PASTA MACARONI ELBOW LRG RIDGD,18.0,360.0,808.38,163.2932532,"Wheat/Rye (Bread, pasta, baked goods)"
2,SAUSAGE ANDOUILLE ROPE R1,16.0,160.0,800.0,72.57477920000001,Pork (pig meat)
6,MIX WAFFLE BELGIAN COMPLT,14.0,420.0,799.18,190.5087954,"Wheat/Rye (Bread, pasta, baked goods)"
2,EGG WHOLE W/CITRIC ACID CF,6.0,240.0,791.82,108.8621688,Eggs
4,SPINACH CLIPPED FRESH,26.0,260.0,786.68,117.9340162,Cabbages and other Brassicas (Broccoli)
4,CAKE LEMON BRY CRM MASCARPONE,6.0,136.8,777.72,62.051436216000006,"Wheat/Rye (Bread, pasta, baked goods)"
4,BEEF GRND BULK 81/19 CHUB FRS,4.0,163.3,770.79,74.07163402100001,Beef & buffalo meat
6,OLIVE BLACK RIPE SLICED,10.0,430.0,770.5,195.0447191,Other vegetables
200,PEANUT BUTTER CREAMY CUP,14.0,131.25,766.36,59.5339985625,Cream
4,CAKE CARROT PRE-SLICED,6.0,108.0,748.92,48.98797596,"Wheat/Rye (Bread, pasta, baked goods)"
2,CHEESE COTTAGE SMALL CURD 1%,28.0,280.0,738.48,127.0058636,Cheese
2,CHEESE QUESO FRYING,15.0,153.13,726.6,69.4585996181,Cheese
2,SOUP VEGETARIAN 3 BEAN W/CHILI,15.0,240.0,718.5,108.8621688,Beans and pulses (dried)
12,PEA GREEN P,14.0,420.0,714.28,190.5087954,Peas
12,JUICE CONC HIBISCUS JAMAICA,4.0,128.136,713.64,58.12151192232,Sugars and sweeteners
12,JUICE CONC MANDARIN CARDAMOM,4.0,128.136,713.64,58.12151192232,Citrus Fruit
1,APPLE RED DEL FANCY FRESH,19.0,760.0,695.38,344.7302012,Apples
4,SAUCE BBQ ORIGINAL,12.0,486.72,694.32,220.77247832640003,Vegetable oils
1,RICE JASMINE THAI PR GRADE,22.0,550.0,688.82,249.4758035,Rice
12,DRINK LEMONADE CONC,4.0,128.12,686.36,58.1142544444,Citrus Fruit
15,EGG LIQUID WHITES CGFREE,6.0,180.0,678.58,81.6466266,Eggs
4,HAM HONEY SMK SLI .67OZ,12.0,120.0,672.84,54.4310844,Pork (pig meat)
1,OAT REGULAR GLUTEN FREE,12.0,300.0,667.92,136.077711,Oats (Oatmeal)
200,SAUSAGE PORK LNK SKLS CKD MILD,15.0,150.0,664.35,68.0388555,Pork (pig meat)
20,PLANTAIN FROZEN TOSTONES,15.0,300.0,651.6,136.077711,Bananas
6,BEAN KIDNEY DARK RED,16.0,648.8,651.22,294.290729656,Beans and pulses (dried)
2,CAKE CHOC MOUSSE 10 14CT,6.0,67.5,644.76,30.617484975,"Wheat/Rye (Bread, pasta, baked goods)"
2,SOUP MINESTRONE RTU REFRI,16.0,256.0,638.4,116.11964672,"Wheat/Rye (Bread, pasta, baked goods)"
4,CREAM SOUR ALL NAT GRD A,16.0,320.0,629.78,145.14955840000002,Cream
4,ONION RED FRSH SLICED 1/8,9.0,180.0,621.77,81.6466266,Onions and Leeks
1,SAUSAGE KIELBASA ROPE,15.0,150.0,618.9,68.0388555,Pork (pig meat)
4,CEREAL LUCKY CHARM GLTN FR BLK,9.0,81.0,601.83,36.74098197,Grains/cereals (except rice)
1,SYRUP LIQUID SWEETENER HFCS,19.0,1060.39,598.12,480.98481322430007,Sugars and sweeteners
10,BUN HAMBURGER PLAIN 4IN 1.9 OZ,15.0,203.1,592.65,92.124610347,Pork (pig meat)
4,COFFEE FRZDRY ALEGRIA DELICATE,5.0,11.0,591.75,4.9895160700000005,Coffee
16,KETCHUP SQUEEZE RED UPSIDE DWN,17.0,299.2,590.58,135.714837104,Tomatoes
6,SAUCE SOY GLUTEN FREE,7.0,217.0,585.06,98.42954429,Vegetable oils
4,SHRIMP WHT P&D TLOF 51/60,12.0,120.0,584.66,54.4310844,Crustaceans (shrimp/prawns)
6,EGG WHITE SUPER WHIP,6.0,180.0,581.28,81.6466266,Eggs
6,SAUCE PIZZA W/BASIL MW,15.0,567.75,578.25,257.5270680675,Vegetable oils
1,POTATO YELLOW YUKON GOLD B SZ,37.0,1850.0,578.25,839.1458845000001,Potatoes
2,SOUP BROCCOLI CHS CHEDDAR RTU,12.0,192.0,574.8,87.08973504000001,Cabbages and other Brassicas (Broccoli)
50,SAUSAGE VEGETARIAN ITAL HOT,5.0,55.0,573.7,24.947580350000003,Legumes (misc.)
2,FRANK ALL-BEEF 8X1 6 IN,17.0,170.0,571.82,77.1107029,Beef & buffalo meat
6,MILK OAT ORIGINAL ESL,19.0,454.29,567.15,206.0624777673,Oat milk
1,BRATWURST LNK PRECOOKED 5X1,14.0,140.0,563.08,63.502931800000006,Uncategorized
36,BUTTER SOLID UNSLTD 83% EUROPN,4.0,144.0,562.48,65.31730128000001,Butter
4,VEGETABLE MIX SLAW POWER BLEND,26.0,208.0,556.42,94.34721296,Legumes (misc.)
8,CHEESE SWISS SLICE .75 OZ,10.0,120.0,553.6,54.4310844,Cheese
12,MAYONNAISE SQUEEZE BTL USA,6.0,88.152,546.24,39.98507460024,Vegetable oils
4,JUICE RASP LEMONADE CONC 5X1,5.0,152.5,541.2,69.172836425,Berries
2,MANGO CUBED,14.0,140.0,539.84,63.502931800000006,Fruits (misc.)
6,BEAN BLACK FRESH READY TO EAT,14.0,336.0,537.18,152.40703632,Beans and pulses (dried)
2,PORK BELLY SKIN ON,6.0,168.8,537.12,76.56639205600001,Pork (pig meat)
4,COUSCOUS INTL ISRAELI,10.0,200.0,530.1,90.718474,"Wheat/Rye (Bread, pasta, baked goods)"
24,ICE CREAM SNDW M&M COOKIE,16.0,64.464,528.32,29.24037853968,Ice cream
3,PEA GREEN WASABI BULK,4.0,60.0,528.08,27.2155422,Peas
4,LETTUCE SHREDDED 1/8 IN FRESH,21.0,420.0,526.54,190.5087954,Cabbages and other Brassicas (Broccoli)
440,DONUT HOLE PLAIN CAKE,13.0,150.41,522.34,68.2248283717,"Wheat/Rye (Bread, pasta, baked goods)"
12,SALT KOSHER FLAKE COARSE,8.0,296.8,521.52,134.626215416,Stimulants & Spices (misc.)
4,PASTA FARFALLE,14.0,280.0,521.22,127.0058636,"Wheat/Rye (Bread, pasta, baked goods)"
6,VEGETABLE BLND RST PEPR ONION,14.0,210.0,511.56,95.2543977,Legumes (misc.)
6,MUSHROOM SHIITAKE MEATY PULLED,4.0,52.92,494.76,24.004108220400003,Lamb/mutton & goat meat
4,ONION GREEN ICELS,20.0,123.0,493.32,55.79186151,Onions and Leeks
4,APTZR VEG FALAFEL BALL,10.0,160.0,491.0,72.57477920000001,Legumes (misc.)
8,CHIP POTATO REG,15.0,120.0,488.1,54.4310844,"Wheat/Rye (Bread, pasta, baked goods)"
6,POTATO FRY SPIRAL SEASD BKABL,10.0,240.0,477.8,108.8621688,Potatoes
2,CAKE CHOC 3-LAYER 10 IN 12-CUT,5.0,75.0,475.15,34.01942775,"Wheat/Rye (Bread, pasta, baked goods)"
1,CHICKEN TENDER VEGAN,10.0,100.0,470.1,45.359237,Legumes (misc.)
6,BEET DICED FCY,10.0,432.0,467.6,195.95190384,Root Vegetables
6,STRAWBERRY SLICED 4X1,5.0,196.75,465.75,89.24429879750001,Berries
6,BEAN PINTO FRESH READY TO EAT,12.0,288.0,461.64,130.63460256000002,Beans and pulses (dried)
6,DRESSING RANCH LITE ESSENTIAL,12.0,149.712,459.96,67.90822089744,Vegetable oils
2,SOUP SPLIT PEA W/HAM,10.0,170.0,453.7,77.1107029,Pork (pig meat)
20,BROCCOLI RABE ICELESS,9.0,180.0,451.44,81.6466266,Cabbages and other Brassicas (Broccoli)
6,CRAB IMIT FLAKE STYL,8.0,120.0,450.96,54.4310844,Crustaceans (shrimp/prawns)
6,CHEESE PARM GRTD DRY CARTON US,2.0,85.0,449.42,38.55535145,Cheese
4,CHEESE AMER 120 SLI YEL,7.0,133.0,443.63,60.32778521,Cheese
6,SALAMI CKD CAMPESINO,8.0,134.4,439.52,60.962814528,Pork (pig meat)
4,CREAM SOUR CULTRD GRADE A,10.0,200.0,438.5,90.718474,Cream
24,SAUCE HOT,7.0,57.47,438.2,26.0679535039,Vegetable oils
2,TURKEY BRST SMOKED SKON,5.0,94.25,430.15,42.751080872500005,"Poultry (chicken, turkey)"
1,CUCUMBER SELECT FRESH,15.0,750.0,430.09,340.1942775,Other vegetables
1,EGG SHELL LRG BRN A CAGE FREE,9.0,202.5,429.3,91.852454925,Eggs
112,VEGETARIAN PTY BRKFST SAUSAGE,7.0,65.1,426.37,29.528863287,Legumes (misc.)
4,CHICKEN CVP BRST B/S RDM JUMBO,5.0,200.0,425.85,90.718474,"Poultry (chicken, turkey)"
2,SOUP PASTA FAGIOLI,12.0,1.92,420.24,0.8708973504,"Wheat/Rye (Bread, pasta, baked goods)"
12,BUN HOAGIE WHITE 8IN HINGD,11.0,184.8,417.22,83.82386997600001,"Wheat/Rye (Bread, pasta, baked goods)"
2,PASTA PENNE RIGATE HVY WALL,10.0,200.0,413.3,90.718474,"Wheat/Rye (Bread, pasta, baked goods)"
6,OLIVE BLACK RIPE SLICED,5.0,103.0,413.3,46.72001411,Other vegetables
4,SHRIMP WHT P&D TLOF 41/50,8.0,80.0,407.52,36.2873896,Crustaceans (shrimp/prawns)
2,CHEESECAKE APPLE CARAMEL,6.0,54.6,403.68,24.766143402,Cheese
4,POTATO SWEET DICED 1 SK/OFF,11.0,220.0,402.71,99.7903214,Cassava and Other Roots
30,NOODLE RICE STICK PAD THAI,4.0,104.0,397.44,47.17360648,"Wheat/Rye (Bread, pasta, baked goods)"
1,SYRUP LIQUID SWTNR NON NUTRITV,3.0,65.58,395.79,29.7465876246,Sugars and sweeteners
72,ICE CREAM MOCHI MANGO SWEET IW,7.0,47.74,390.39,21.6544997438,Ice cream
72,ICE CREAM MOCHI STWBR RIPE IW,7.0,47.74,390.39,21.6544997438,Ice cream
120,BREADSTICK GARLIC,10.0,133.13,387.1,60.3867522181,"Wheat/Rye (Bread, pasta, baked goods)"
2,SAUSAGE CRMBL LRG ITL SPCY CK,5.0,100.0,386.8,45.359237,Pork (pig meat)
12,SUGAR BROWN LIGHT CANE,10.0,240.0,386.7,108.8621688,Sugars and sweeteners
6,MILK ALMOND DARK CHOC,16.0,408.0,386.55,185.06568696,Almond milk
1,CHICKEN THIGH MEAT TEMPURA,7.0,140.0,385.21,63.502931800000006,Lamb/mutton & goat meat
1,CORN COB PETITE NW GR A,7.0,224.7,385.14,101.922205539,Corn (Maize)
6,EGG SCRAMBLE MIX BNB,5.0,150.0,384.75,68.0388555,Eggs
2,BEEF SLICED PEPPERONI HALAL,6.0,60.0,384.66,27.2155422,Beef & buffalo meat
4,CEREAL COCOA PUFFS BULKPAK,6.0,63.3,383.52,28.712397021,Grains/cereals (except rice)
4,NOODLE SOBA,8.0,160.0,383.12,72.57477920000001,"Wheat/Rye (Bread, pasta, baked goods)"
24,SAUCE HOT GREEN PPR,6.0,49.5,375.96,22.452822315,Vegetable oils
36,BUTTER SOLID UNSLTD USDA AA,3.0,108.0,375.24,48.98797596,Butter
24,ICE CREAM BAR NESTLE CRUN,11.0,49.5,365.53,22.452822315,Ice cream
6,"VEG BLEND SWT POT,RSTD ROOTVEG",7.0,105.0,365.19,47.62719885,Legumes (misc.)
6,MILK SOY PLAIN 64OZ,13.0,312.0,362.44,141.52081944,Soy milk
2,SOUP CHOWDER CLAM N.E. FRESH,6.0,90.0,357.54,40.8233133,Mollusks
12,JUICE CONC PUNCH FARMERS,2.0,62.0,356.82,28.12272694,Uncategorized
3,SEASONING CAJUN,0.0,26.0,356.24,11.79340162,Stimulants & Spices (misc.)
1,BASIL FRESH,19.0,38.0,354.58,17.23651006,Stimulants & Spices (misc.)
5,MEAT ALTERNATE JACKFRUIT NKD,8.0,76.24,351.44,34.5818822888,Fruits (misc.)
4,CILANTRO CLEAN WASH FRESH HERB,15.0,70.5,349.4,31.978262085,Stimulants & Spices (misc.)
1,ASPARAGUS FRESH STANDARD,9.0,99.0,347.23,44.905644630000005,Other vegetables
6,POTATO FRY SWEET 3/8,8.0,120.0,343.52,54.4310844,Potatoes
5,GREEN COLLARD CHOPPED,8.0,80.0,341.12,36.2873896,Cabbages and other Brassicas (Broccoli)
6,PEACH DICED W/PEAR JUICE,5.0,196.9,340.75,89.312337653,Fruits (misc.)
6,PIE APPLE LATTC T&S 10,6.0,85.5,340.44,38.782147635,"Wheat/Rye (Bread, pasta, baked goods)"
4,GARLIC PEELED CHINESE,3.0,100.0,338.47,45.359237,Stimulants & Spices (misc.)
6,TEA GREEN,14.0,16.8,338.1,7.620351816,Stimulants
100,CHEESE CREAM GARDEN VEGETABLE,8.0,50.0,335.52,22.6796185,Cheese
72,ICE CREAM MOCHI CKIE & CRM IW,6.0,40.92,334.62,18.560999780400003,Ice cream
6,MILK COCONUT ORIG ESL,12.0,306.12,334.32,138.85369630440002,Tree nuts and seeds
6,PUDDING RICE ZTF,6.0,252.36,332.28,114.4685704932,Rice
12,TURKEY HAM SLI FRZ,6.0,72.0,331.02,32.658650640000005,"Poultry (chicken, turkey)"
1,CELERY DICED 3/8,19.0,95.0,329.75,43.09127515,Other vegetables
6,TEA ASST 6 FLVR,11.0,22.0,329.34,9.97903214,Stimulants
6,POTATO AU GRATIN CLASSIC CASS,4.0,52.8,322.24,23.949677136,Potatoes
6,POTATO FRY SWEET WDG,7.0,105.0,318.92,47.62719885,Potatoes
6,PINEAPPLE TIDBIT JCE FCY,5.0,195.25,316.35,88.5639102425,Fruits (misc.)
10,CLAM BABY MEAT VPAC 300/500 CT,6.0,60.0,314.7,27.2155422,Lamb/mutton & goat meat
2,TOFU FIRM BTRD NUGGET,3.0,60.0,309.66,27.2155422,Soybeans/Tofu
2,SALAD COLESLAW DIXIE CHPD,10.0,140.0,304.4,63.502931800000006,Vegetables (misc.)
6,PEPPER JALAPENO SLI FIELD RUN,8.0,306.0,304.24,138.79926522,Stimulants & Spices (misc.)
1,CHIP TORTILLA PCUF YEL 4CUT,8.0,240.0,302.16,108.8621688,"Wheat/Rye (Bread, pasta, baked goods)"
5,CREPE PLAIN 6,8.0,34.0,299.84,15.42214058,"Wheat/Rye (Bread, pasta, baked goods)"
5,SEAFOOD MIX MEDLEY IQF THA,4.0,40.0,298.16,18.1436948,Animal fats
100,CHEESE CREAM CHIVE & ONION,7.0,43.75,298.06,19.8446661875,Cheese
48,ICE CREAM VAN CUP 4 OZ,12.0,76.704,297.48,34.79234914848,Ice cream
4,CEREAL APPLE JACKS,5.0,47.75,297.4,21.6590356675,Grains/cereals (except rice)
6,BEAN BUTTER,5.0,168.75,295.1,76.5437124375,Butter
6,TEA HERBAL PURE CAMOMILE,12.0,13.8,294.84,6.259574706,Stimulants
6,ARTICHOKE HEART QUARTERED MARN,3.0,118.05,293.94,53.546579278500005,Vegetables (misc.)
1,CHIP VARIETY FRITO LAY,7.0,45.92,292.53,20.8289616304,"Wheat/Rye (Bread, pasta, baked goods)"
12,CAULIFLOWER CELLO WRPD FRSH,8.0,212.4,287.45,96.343019388,Cabbages and other Brassicas (Broccoli)
1,CLAM LITTLENECK LIVE FARM 1+,6.0,45.0,286.14,20.41165665,Mollusks
1,CANDY MINT STARLIGHT POUCH PPM,3.0,90.0,283.98,40.8233133,Sugars and sweeteners
24,CORN STARCH,7.0,168.0,282.45,76.20351816,Corn (Maize)
1,FRANK BEEF IMPOSSF PLANT BASED,3.0,30.0,281.04,13.6077711,Beef & buffalo meat
6,BEAN CANNELLINI,6.0,247.5,280.92,112.264111575,Beans and pulses (dried)
6,VEGETABLE YUCCA CUT,9.0,270.0,278.55,122.4699399,Legumes (misc.)
36,BUTTER SOLID USDA AA SALTED,2.0,72.0,277.94,32.658650640000005,Butter
6,FILLING PIE BLUEBERRY,2.0,84.0,277.16,38.10175908,"Wheat/Rye (Bread, pasta, baked goods)"
1,SQUASH YELLOW S/N MEDIUM FRESH,9.0,216.0,272.77,97.97595192,Fruits (misc.)
1,RICE BOTAN SUSHI RICE,10.0,200.0,271.7,90.718474,Rice
6,TEA HERBAL ORG & CINNAMON,11.0,13.97,270.27,6.3366854089,Stimulants
6,TEA BAG LMN GNGR,11.0,12.76,270.27,5.7878386412000005,Citrus Fruit
4,SAUCE WING BUFFALO,4.0,142.16,268.92,64.4826913192,"Poultry (chicken, turkey)"
6,MILK ALMOND ORIGINAL,13.0,312.0,268.71,141.52081944,Almond milk
160,SAUSAGE PORK LNK SKLS CKD MILD,6.0,60.0,265.74,27.2155422,Pork (pig meat)
6,TEA BAG ENGLISH BKFST,11.0,11.0,265.65,4.9895160700000005,Stimulants
12,ICE CREAM OREO KING CONE SNGL,8.0,28.568,262.64,12.95822682616,Ice cream
1,POTATO SWEET #1 STANDARD,9.0,360.0,261.91,163.2932532,Cassava and Other Roots
6,TUNA LIGHT CHUNK IN WATER,3.0,74.7,260.97,33.883350039,Fish (finfish)
4,PARSLEY CLN/WASH FRESH HERB,11.0,44.0,259.46,19.95806428,Grains/cereals (except rice)
3,PASTA TORTELLINI TRICOLOR,8.0,72.0,259.2,32.658650640000005,"Wheat/Rye (Bread, pasta, baked goods)"
4,CEREAL CHEERIOS HONEY,4.0,36.0,255.28,16.329325320000002,Grains/cereals (except rice)
2,PASTA NOODLE EGG XWIDE,8.0,80.0,253.44,36.2873896,"Wheat/Rye (Bread, pasta, baked goods)"
2,POTATO DICED CKD RED SKON,8.0,160.0,253.28,72.57477920000001,Potatoes
1,ICE CREAM SAND TOLL HSE CKIE,8.0,32.0,252.48,14.51495584,Ice cream
6,MILK SOY UNSWTND ORGANIC,9.0,234.0,250.47,106.14061458,Soy milk
48,ICE CREAM CHOC CUP 4 OZ,10.0,67.53,249.2,30.6310927461,Ice cream
10,RICE ARBORIO ITAL SUPERFINO,4.0,88.0,247.4,39.91612856,Rice
4,SHRIMP BRD POPCRN 60/80,5.0,50.0,244.85,22.6796185,Crustaceans (shrimp/prawns)
6,SAUCE TERIYAKI GLAZE,4.0,127.0,241.4,57.60623099,Vegetable oils
12,CHUTNEY MAJOR GRAY,2.0,45.2,239.76,20.502375124000004,Stimulants
1,COUSCOUS INTL,5.0,50.0,238.75,22.6796185,"Wheat/Rye (Bread, pasta, baked goods)"
24,ICE CREAM BAR STRAWBRY SHRTCK,8.0,36.88,237.53,16.7284866056,Ice cream
6,PASTE MISO WHT KOSHI,7.0,34.65,237.09,15.7169756205,Stimulants
6,KALE CHOPPED,8.0,96.0,234.64,43.54486752,Cabbages and other Brassicas (Broccoli)
2,BRATWURST CKD BEER CRAFT 4X1,6.0,60.0,231.83,27.2155422,Barley (Beer)
6,TEA HOT BAG HERBAL MINT MEDLY,8.0,5.864,230.72,2.65986565768,Stimulants
8,BUN BRIOCHE SLI 4,6.0,102.0,230.62,46.266421740000006,"Wheat/Rye (Bread, pasta, baked goods)"
720,BUTTER CUP USDA AA,6.0,48.0,229.86,21.77243376,Butter
10,BEEF CHUCK SHORT RIB BNLS,1.0,20.0,227.8,9.0718474,Beef & buffalo meat
1,SOYBEAN WHOLE SHELLED EDAMAME,4.0,96.0,226.44,43.54486752,Soybeans/Tofu
400,JELLY ASST 160G/160MF/80STR,4.0,38.0,225.08,17.23651006,Sugars and sweeteners
4,CEREAL CAP N CRUNCH,5.0,45.3,222.31,20.547734361,Grains/cereals (except rice)
3,BROCCOLI FRESH SWEET BABY,8.0,48.0,218.48,21.77243376,Cabbages and other Brassicas (Broccoli)
1,PICKLE CHIP DILL KO RE KK 5/16,5.0,228.0,217.62,103.41906036,"Wheat/Rye (Bread, pasta, baked goods)"
6,TEA BAG EARL GREY,9.0,9.0,217.35,4.082331330000001,Stimulants
2,POTATO DICED CKD RED SKON FRZN,8.0,160.0,215.28,72.57477920000001,Potatoes
2,CHEESE PARM SHRD USA,4.0,40.0,214.38,18.1436948,Cheese
1,SQUASH ZUCCHINI MEDIUM FRESH,9.0,180.0,214.33,81.6466266,Other vegetables
24,COOKIE CHOC CHIP GLTN FR I/W,7.0,38.5,212.8,17.463306245000002,"Wheat/Rye (Bread, pasta, baked goods)"
60,DRESSING CAESAR CREAMY PKT,8.0,45.04,210.0,20.4298003448,Vegetable oils
144,BREAD GARLIC TOAST SLI 4.5IN,5.0,76.65,207.7,34.767855160500005,"Wheat/Rye (Bread, pasta, baked goods)"
1,SQUASH ACORN FRESH,6.0,210.0,206.45,95.2543977,Corn (Maize)
3,SALAD MACARONI ELBOW,4.0,96.0,206.36,43.54486752,Vegetables (misc.)
2,HUSHPUPPY BUTTERMILK HOMESTYLE,10.0,100.0,206.1,45.359237,Yogurt
6,BEAN BAKED VEGETARIAN RED SOD,4.0,172.52,205.08,78.2537556724,Beans and pulses (dried)
1,BANANA PLANTAIN GREEN,6.0,300.0,201.96,136.077711,Bananas
1,APPLE RED DEL FANCY FRESH,6.0,240.0,201.84,108.8621688,Apples
10,CHIP WONTON STRIP,4.0,40.0,201.4,18.1436948,"Wheat/Rye (Bread, pasta, baked goods)"
6,DRESSING BLUE CHEESE POUR BTL,4.0,48.6,198.84,22.044589182000003,Cheese
1,EGGPLANT CUTLET BRD,4.0,40.0,198.04,18.1436948,Other vegetables
6,CORN BABY WHL CUT,7.0,294.0,197.89,133.35615678000002,Corn (Maize)
4,CELERY DICED 3/8,5.0,100.0,196.0,45.359237,Other vegetables
60,DRESSING RANCH PACKET,9.0,50.58,195.48,22.9427020746,Vegetable oils
1,ORANGE CHOICE FRESH,6.0,240.0,194.88,108.8621688,Citrus Fruit
60,DRESSING BLUE CHEESE PACKET,8.0,45.04,193.28,20.4298003448,Cheese
12,TOPPING WHPD ARSL,5.0,50.0,190.65,22.6796185,Vegetable oils
30,COFFEE GRND FP,4.0,15.0,188.69,6.80388555,Coffee
180,CREAMER COFFEE NONDAIRY FR VAN,11.0,53.35,187.55,24.199152939500003,Cream
4,JUICE ORANGE NO PULP,4.0,139.6,186.64,63.321494852,Citrus Fruit
252,CHEESE GOUDA SMK SLICE .75,3.0,35.439,185.79,16.07486000043,Cheese
2,CHICKEN TNDR FRTR HMSTYL JUMBO,5.0,50.0,184.3,22.6796185,"Poultry (chicken, turkey)"
2,MEAT ALTERNATE SEITAN STRIP,4.0,40.0,183.92,18.1436948,Soybeans/Tofu
8,CROUTON SEASONED CUBE ZTF,3.0,60.0,182.61,27.2155422,"Wheat/Rye (Bread, pasta, baked goods)"
10,MUSSEL WHL VP 23/29 CHL,7.0,70.0,181.09,31.751465900000003,Mollusks
4,LETTUCE ROMAINE ITAL BLEND,5.0,50.0,177.7,22.6796185,Cabbages and other Brassicas (Broccoli)
6,DRESSING CAESAR CRMY ESSENTIAL,4.0,47.796,177.36,21.67990091652,Vegetable oils
5,PASTA GNOCCHI,5.0,55.0,176.45,24.947580350000003,"Wheat/Rye (Bread, pasta, baked goods)"
1,ONION YELLOW JUMBO BAG,8.0,400.0,174.92,181.436948,Onions and Leeks
6,TOMATO DICED FIRE ROASTED,3.0,114.75,174.69,52.049724457500005,Tomatoes
4,MAYONNAISE HEAVY DUTY,4.0,116.0,173.83,52.61671492,Vegetable oils
384,CREAMER HALF AND HALF PC ASEP,7.0,53.865,172.63,24.432753010050003,Milk (cow's milk)
4,SAUCE BBQ KOREAN,3.0,58.371,170.97,26.476640229270004,Vegetable oils
1,RAISIN SEEDLESS GOLDEN,5.0,50.0,169.81,22.6796185,Fruits (misc.)
6,TORTILLA CORN WHITE 4.5 IN,8.0,100.0,168.08,45.359237,Corn (Maize)
1,GINGER ROOT FRESH,9.0,45.0,167.72,20.41165665,Roots and Tubers
144,WAFFLE JUMBO GOURM WHL GRN,6.0,70.2,166.32,31.842184374,"Wheat/Rye (Bread, pasta, baked goods)"
2,ICE CREAM BAR CRUNCH,6.0,48.0,165.99,21.77243376,Ice cream
12,CLAM OCEAN CANNED CHPD NO MSG,1.0,43.75,164.68,19.8446661875,Mollusks
180,CREAMER HZLNT NON DAIRY,7.0,33.95,162.26,15.399460961500004,Cream
1,FLOUR ALL PURP GLUTEN FREE,3.0,75.0,161.28,34.01942775,Grains/cereals (except rice)
12,JUICE CLAM OCEAN NO MSG,4.0,174.4,160.68,79.106509328,Mollusks
4,CEREAL FROOT LOOPS,3.0,27.75,159.54,12.5871882675,Grains/cereals (except rice)
6,SAUCE SOY TAMARI GLUTEN FREE,2.0,58.56,158.26,26.5623691872,Vegetable oils
4,CABBAGE RED SHRED 1/8,5.0,100.75,157.45,45.6994312775,Cabbages and other Brassicas (Broccoli)
2,ARUGULA BABY FRESH,9.0,36.0,153.79,16.329325320000002,Cabbages and other Brassicas (Broccoli)
6,PEAR SLICED CHOICE IN JUICE,2.0,78.0,150.76,35.38020486,Fruits (misc.)
4,POTATO SWEET DICED 3/8 SK/OFF,4.0,80.0,148.72,36.2873896,Cassava and Other Roots
6,NOODLE EGG LO MEIN THICK,3.0,90.0,148.53,40.8233133,Eggs
12,HAM PROSCIUTTO DOM AGED SLICED,1.0,12.0,147.64,5.4431084400000005,Pork (pig meat)
60,DRESSING 1000 ISLAND PACKET,8.0,45.04,146.88,20.4298003448,Vegetable oils
6,MILK ALMOND UNSWT,6.0,151.02,146.7,68.50151971740001,Almond milk
4,SAUCE SESAME GARLIC,2.0,39.2,145.44,17.780820904000002,Tree nuts and seeds
2,SAUSAGE CHORIZO CRUMBLE CKD,3.0,30.0,145.05,13.6077711,Pork (pig meat)
60,DRESSING ITALIAN GOLDEN PACKET,8.0,45.04,144.96,20.4298003448,Vegetable oils
6,PINEAPPLE TIDBIT JCE,2.0,91.4,144.62,41.458342618,Fruits (misc.)
6,ONION FRENCH CRISPY TOPPING,3.0,27.0,143.76,12.24699399,Onions and Leeks
12,SPINACH CHOPPED,5.0,180.0,143.55,81.6466266,Cabbages and other Brassicas (Broccoli)
1,MUSSEL BLUE PEI CANADA 23-27CT,4.0,40.0,142.16,18.1436948,Mollusks
1,CABBAGE RED FRSH,4.0,200.0,140.68,90.718474,Cabbages and other Brassicas (Broccoli)
2,CAKE LYR CHOC 12 SLI,1.0,17.84,139.78,8.092087880800001,"Wheat/Rye (Bread, pasta, baked goods)"
8,PASTA ROTINI GLUTEN FREE,6.0,36.0,136.98,16.329325320000002,"Wheat/Rye (Bread, pasta, baked goods)"
60,DRESSING FRENCH CREAMY PACKET,8.0,45.04,136.88,20.4298003448,Vegetable oils
6,VEGETABLE BLND FIESTA,4.0,60.0,136.8,27.2155422,Legumes (misc.)
1,PEPPER GREEN BELL CHOICE FRESH,6.0,150.0,136.14,68.0388555,Stimulants & Spices (misc.)
4,SOUP BASE CHICKEN LIQ CONC,2.0,23.0,134.8,10.43262451,"Poultry (chicken, turkey)"
3,SPICE ONION POWDER,0.0,16.5,134.63,7.484274105000001,Stimulants & Spices (misc.)
60,DRESSING ITALIAN CREAMY PACKET,8.0,45.04,134.08,20.4298003448,Vegetable oils
1200,SUGAR TURBINADO PACKET CANE,4.0,46.0,133.88,20.86524902,Sugars and sweeteners
2,PASTA SPAGHETTI 10 IN,4.0,83.6,133.88,37.920322132,"Wheat/Rye (Bread, pasta, baked goods)"
4,DIP MEXICAN ROASTD STREET CORN,2.0,40.0,133.34,18.1436948,Corn (Maize)
8,DIP ARTICHOKE & SPINACH BAGS,2.0,48.0,132.82,21.77243376,Vegetables (misc.)
3,LETTUCE MIX TUSCAN BABY KALE,8.0,24.0,131.76,10.88621688,Cabbages and other Brassicas (Broccoli)
2,BACON PRECOOKED THICK SLICE,2.0,7.5,130.4,3.401942775,Pork (pig meat)
6,SEASONING BLEND PERI PERI,1.0,7.87,130.0,3.5697719519000004,Stimulants & Spices (misc.)
24,BARLEY PEARLED 1LB,4.0,96.0,129.72,43.54486752,"Wheat/Rye (Bread, pasta, baked goods)"
4,CHEESE AMER 160 SLI WHT,2.0,40.0,128.44,18.1436948,Cheese
1,LETTUCE SPRING MIX CONV PLLW,10.0,30.0,127.24,13.6077711,Cabbages and other Brassicas (Broccoli)
2,SQUASH BUTTERNUT PLD FRSH,4.0,40.0,126.2,18.1436948,Fruits (misc.)
60,DRESSING BALSAMIC VINGT PKT,8.0,45.04,126.08,20.4298003448,Vegetable oils
1,BARLEY PEARLED DRIED,5.0,100.0,125.82,45.359237,"Wheat/Rye (Bread, pasta, baked goods)"
4,CABBAGE GREEN SHRD FRSH W/BAG,5.0,100.0,124.57,45.359237,Cabbages and other Brassicas (Broccoli)
2,CHEESE MOZZ FRSH BALL 16 OZ,4.0,24.0,124.4,10.88621688,Cheese
6,MILK EVAPORATED,2.0,90.4,124.28,41.00475024800001,Milk (cow's milk)
48,ICE CREAM STWBRY CUP 4 OZ,5.0,32.655,124.1,14.812058842350002,Ice cream
6,PRESERVE APRICOT,2.0,48.0,124.04,21.77243376,Fruits (misc.)
8,PASTA PENNE RIGATE GLUTEN FREE,5.0,30.0,122.25,13.6077711,"Wheat/Rye (Bread, pasta, baked goods)"
12,VINEGAR BALSAMIC ITALY,2.0,47.2,121.96,21.409559864,Stimulants
6,BREAD WHITE SNDW GLUTEN FREE,2.0,18.0,119.9,8.164662660000001,"Wheat/Rye (Bread, pasta, baked goods)"
6,BREAD LOAF MGRN GFR SLC,2.0,18.0,119.9,8.164662660000001,"Wheat/Rye (Bread, pasta, baked goods)"
4,CHEESE MONTEREY JACK FTHR SHRD,2.0,40.0,119.68,18.1436948,Cheese
60,DRESSING HONEY MUSTARD PKT,6.0,33.78,119.42,15.322350258600002,Tree nuts and seeds
6,TOMATO PASTE FANCY CA,2.0,83.25,117.98,37.7615648025,Tomatoes
1,THYME FRESH,6.0,12.0,116.9,5.4431084400000005,Vegetables (misc.)
8,CHEESE VEGAN CHED SLI,2.0,24.0,116.34,10.88621688,Soybeans/Tofu
4,SAUCE SOY,2.0,80.0,116.06,36.2873896,Vegetable oils
2,CHEESE QUESO FRESCO WHEEL 5LB,3.0,31.3,115.06,14.197441181,Cheese
6,ONION PIECES FRENCH FRIED,2.0,16.9,113.3,7.665711053,"Wheat/Rye (Bread, pasta, baked goods)"
1,BREAD NAAN DIPPERS MINI,6.0,12.0,112.98,5.4431084400000005,"Wheat/Rye (Bread, pasta, baked goods)"
1,POTATO BAKING IDAHO 90CT FRSH,5.0,250.0,110.6,113.3980925,Potatoes
6,HONEY PURE HOT CHILIES,2.0,10.0,110.06,4.535923700000001,Sugars and sweeteners
2,PASTA FETTUCINE FLAT,4.0,80.0,109.84,36.2873896,"Wheat/Rye (Bread, pasta, baked goods)"
3,SPICE PAPRIKA DOM GRND,0.0,18.0,109.08,8.164662660000001,Stimulants & Spices (misc.)
6,GLAZE BALSAMIC,5.0,24.5,108.65,11.113013065,Stimulants
1,CANDY M&M PLAIN BULK,1.0,24.6,108.38,11.158372302000002,Sugars and sweeteners
360,CREAMER COFFEE NON DAIRY REG,4.0,35.2,108.04,15.966451424000002,Cream
60,DRESSING ITALIAN LIGHT PACKET,8.0,45.04,108.0,20.4298003448,Vegetable oils
6,SAUERKRAUT SHREDDED FCY,2.0,88.0,107.74,39.91612856,Vegetables (misc.)
12,TORTILLA CORN YEL 6 IN,3.0,67.5,107.61,30.617484975,Corn (Maize)
4,SWEETENER AGAVE LGT BLORGANIC,1.0,23.0,107.51,10.43262451,Sugars and sweeteners
24,ICE CREAM SNDW COOKIES N CRM,3.0,13.32,105.69,6.0418503684,Ice cream
12,PASTA PENNE RIGATE WHL WHEAT,4.0,40.0,105.68,18.1436948,"Wheat/Rye (Bread, pasta, baked goods)"
8,JUICE APPLE 100% PET,3.0,114.0,103.86,51.70953018,Apples
60,DRESSING RASPBERRY LTE PKT,6.0,33.78,102.96,15.322350258600002,Berries
6,CHILI CON CARNE W/BEAN,1.0,39.55,102.83,17.9395782335,Beans and pulses (dried)
4,APTZR APPLE CARMEL EMPANADA,2.0,9.36,102.68,4.2456245832,Apples
6,GRAVY SAUSAGE COUNTRY RTU,1.0,38.0,100.29,17.23651006,Pork (pig meat)
1,ICE CREAM FRCH VAN,4.0,55.2,99.92,25.038298824,Ice cream
60,DRESSING FRENCH RED LIGHT PKT,6.0,33.78,99.84,15.322350258600002,Vegetable oils
4,CHICKEN CVP THIGHMEAT HALAL,1.0,40.0,99.55,18.1436948,Lamb/mutton & goat meat
1,HONEY PURE HOT JUG,1.0,8.34,99.25,3.7829603658,Sugars and sweeteners
2,PASTA PENNE WHL GRAIN 100%,3.0,60.0,98.52,27.2155422,"Wheat/Rye (Bread, pasta, baked goods)"
1,GRAIN SPCLTY WHEATBERRIES,3.0,30.0,98.49,13.6077711,Grains/cereals (except rice)
6,JUICE LEMON PSTRZD ULTRA PREM,4.0,52.0,98.44,23.58680324,Citrus Fruit
6,TEA BAG PPRMNT PURE,4.0,4.64,98.28,2.1046685968,Stimulants
6,SPICE TURMERIC GROUND,0.0,6.4,98.16,2.902991168,Stimulants & Spices (misc.)
4,ONION YELLOW SLI 1/4,2.0,40.0,97.7,18.1436948,Onions and Leeks
2,SALAD POTATO RED-SK DLX,4.0,40.0,97.56,18.1436948,Vegetables (misc.)
1,ROSEMARY FRESH,5.0,10.0,97.53,4.535923700000001,Vegetables (misc.)
12,PEA & CARROT GR A P,2.0,60.0,96.96,27.2155422,Peas
6,JUICE LIME PSTRZD ULTRA PREM,4.0,52.0,96.28,23.58680324,Citrus Fruit
8,CHEESE PEPPER JACK SLI .75OZ,2.0,24.0,96.26,10.88621688,Cheese
6,TEA HOT BAG BLK  ENV DECAF,2.0,6.0,95.6,2.72155422,Stimulants
1,EGGPLANT FRESH,3.0,81.0,95.16,36.74098197,Other vegetables
6,CHESTNUT WATER SLICED,1.0,38.23,94.57,17.340836305099998,Peanuts/groundnuts
2,BANANA SLICE IQF CHEF RDY CUT,4.0,40.0,93.24,18.1436948,Bananas
1,TOMATO SUNDRIED JULIENNE,2.0,10.0,92.94,4.535923700000001,Tomatoes
1,RICE BROWN PARBOILED WHLGRN QC,4.0,102.0,92.48,46.266421740000006,Rice
1,POTATO BAKING IDAHO 80CT FRSH,4.0,200.0,91.6,90.718474,Potatoes
6,BEAN REFRIED DEHY VEGW/WHLBEAN,3.0,33.75,91.56,15.3087424875,Beans and pulses (dried)
6,ARTICHOKE HEART QUARTER,1.0,33.0,89.88,14.968548210000002,Vegetables (misc.)
1,CHEESE CREAM NON DAIRY,1.0,30.0,89.6,13.6077711,Soybeans/Tofu
12,PEPPER SWEET VEGGIE FRSH,2.0,24.0,88.64,10.88621688,Legumes (misc.)
6,ONION SLICED CKD IN SAUCE,1.0,43.7,88.27,19.821986569000003,Onions and Leeks
1,GREEN COLLARD FRESH,3.0,57.0,87.78,25.85476509,Cabbages and other Brassicas (Broccoli)
6,MILK ALMOND ORIG UNSWT,4.0,100.16,87.44,45.4318117792,Almond milk
24,MILK CONDNS DULCE DE LECHE,1.0,20.1,87.4,9.117206637,Milk (cow's milk)
6,PEA BLACKEYE,2.0,81.0,87.06,36.74098197,Peas
6,SPICE GARLIC GRANULATED,0.0,19.5,87.0,8.845051215,Stimulants & Spices (misc.)
3,MANGO DICED,2.0,30.0,86.96,13.6077711,Fruits (misc.)
6,PEPPER JALAPENO SLI,2.0,77.9,86.82,35.33484562300001,Stimulants & Spices (misc.)
3,SPICE GARLIC GRANULATED,0.0,13.0,86.38,5.8967008100000005,Stimulants & Spices (misc.)
6,SAUCE CRANBERRY WHOLE,1.0,44.0,86.01,19.95806428,Berries
6,DRESSING CAESAR CMY POUR BTL,2.0,24.76,85.78,11.230947081200002,Vegetable oils
1,SUGAR GRANULATED XFINE CANE,2.0,100.0,85.66,45.359237,Sugars and sweeteners
12,SALAMI GENOA SLI,1.0,12.0,85.65,5.4431084400000005,Pork (pig meat)
12,MUSTARD YELLOW SQZ CLS,4.0,36.8,83.92,16.692199216,Tree nuts and seeds
6,BEAN GREAT NORTHERN,2.0,92.0,83.7,41.73049804,Beans and pulses (dried)
1,PARSNIP FRESH,3.0,60.0,82.08,27.2155422,Uncategorized
6,BEAN KIDNEY LIGHT RED,2.0,75.6,81.74,34.291583171999996,Beans and pulses (dried)
2,CLAM MEAT SEA CHOPPED IQF,1.0,10.0,81.68,4.535923700000001,Lamb/mutton & goat meat
2,SEAWEED DRIED DASHI KOMBU,1.0,4.4,81.58,1.9958064280000003,Stimulants & Spices (misc.)
4,DRESSING CAESAR CREAMY LIBERTY,1.0,32.6,81.27,14.787111262000002,Vegetable oils
24,ICE CREAM DRUMSTCK VAN,2.0,10.0,81.14,4.535923700000001,Ice cream
12,BREAD PITA 7 INCH,2.0,49.5,80.5,22.452822315,"Wheat/Rye (Bread, pasta, baked goods)"
6,MILK COCONUT UNSWEETEND,1.0,36.75,80.29,16.669519597500003,Tree nuts and seeds
1,BOK CHOY BABY FRESH,3.0,30.0,78.93,13.6077711,Cabbages and other Brassicas (Broccoli)
2,POTATO DICED CKD RSST SKLS SMA,3.0,60.0,77.73,27.2155422,Potatoes
12,SEASONING ALL PURP ADOBO PEPPR,0.0,38.25,77.58,17.3499081525,Stimulants & Spices (misc.)
6,CHEESE MOZZ LMPS  SLI .75OZ,2.0,18.0,76.47,8.164662660000001,Cheese
288,CREAMER NON-DAIRY IRISH CREME,3.0,27.0,76.26,12.24699399,Cream
12,CARROT SLI GR A P,2.0,48.0,75.52,21.77243376,Root Vegetables
900,MARGARINE SPREAD ZTF,2.0,19.84,75.4,8.999272620800001,Butter
1,CHOCOLATE CHIP IMIT 4000 CT,1.0,25.0,74.91,11.33980925,"Wheat/Rye (Bread, pasta, baked goods)"
5,PARSLEY ITALIAN BUNCHED/WASHED,2.0,10.0,74.61,4.535923700000001,Grains/cereals (except rice)
6,ICE CREAM BOMB POP,3.0,22.2,74.25,10.069750614,Ice cream
60,DRESSING RANCH LIGHT PACKET,4.0,22.52,73.76,10.2149001724,Vegetable oils
6,TEA ASST HERBAL,3.0,3.81,73.71,1.7281869297,Stimulants
2,DRESSING CILANTRO VINGT LFAT,2.0,35.5,73.52,16.102529135,Vegetable oils
12,SAUCE SOY SWEET KECAP MANIS,1.0,15.67,72.86,7.107792437900001,Vegetable oils
4,SAUCE WING BUFFALO RTU,1.0,35.45,72.37,16.0798495165,"Poultry (chicken, turkey)"
24,PEA PIGEON GREEN (GANDULES),2.0,47.94,72.26,21.7452182178,Peas
1,SAUSAGE CHORIZO LINK N/C 4X1,2.0,20.0,71.98,9.0718474,Pork (pig meat)
2,DRESSING BALSAMIC VINGT GARLIC,2.0,34.0,71.68,15.42214058,Vegetable oils
12,PASTE CHILI GOCHUJANG,1.0,13.0,70.64,5.8967008100000005,Stimulants
4,SAUCE ALFREDO,1.0,20.0,69.18,9.0718474,Vegetable oils
24,ICE CREAM SANDWICH VAN,3.0,15.9,67.14,7.212118683000001,Ice cream
1,SQUASH BUTTERNUT FRESH,2.0,100.0,66.84,45.359237,Fruits (misc.)
384,CREAMER COFFEE ORIGINAL ND,3.0,23.91,65.79,10.8453935667,Cream
1,PEA SNOW FRESH,2.0,20.0,65.4,9.0718474,Peas
2,FLOUR ALL PURP H&R BL EN MLT,3.0,150.0,64.34,68.0388555,Grains/cereals (except rice)
2,SAUCE ORANGE GNGR,1.0,20.0,64.05,9.0718474,Citrus Fruit
12,BREAD PITA GYRO PRE-OILED 7,2.0,42.0,63.28,19.05087954,"Wheat/Rye (Bread, pasta, baked goods)"
6,SPICE PAPRIKA SMK,0.0,3.187,62.13,1.44559888319,Stimulants & Spices (misc.)
4,SAUCE TARTAR SPECIAL RECIPE,1.0,32.0,61.68,14.51495584,Vegetable oils
4,SAUCE HOT LOUISIANA,1.0,36.0,61.56,16.329325320000002,Vegetable oils
2,DRESSING CUSABI AND DIP,1.0,16.0,61.27,7.25747792,Vegetable oils
6,SALSA JALAPENO FIRE ROASTED CA,1.0,37.95,61.21,17.2138304415,Stimulants
6,BEET SLI MED FCY,1.0,43.0,60.81,19.50447191,Root Vegetables
4,PEPPER BANANA RING HOT 1100 CT,1.0,36.0,59.71,16.329325320000002,Bananas
4,RELISH PICKLE SWEET,1.0,36.0,59.42,16.329325320000002,Legumes (misc.)
1,FLOUR GLUTEN FREE 1 TO 1 BKING,1.0,25.0,59.08,11.33980925,Grains/cereals (except rice)
2000,SUGAR STICK WHT,2.0,25.0,58.38,11.33980925,Sugars and sweeteners
5,CHIP NACHO BULK,3.0,15.0,57.99,6.80388555,"Wheat/Rye (Bread, pasta, baked goods)"
4,DRESSING ITALIAN GOLDEN,1.0,34.92,57.98,15.839445560400002,Vegetable oils
1,BEAN LENTIL DRIED,2.0,40.0,57.22,18.1436948,Beans and pulses (dried)
1,OKRA CUT GR A IQF,1.0,30.0,55.94,13.6077711,Vegetables (misc.)
1,CABBAGE GREEN FRSH LARGE,2.0,100.0,55.82,45.359237,Cabbages and other Brassicas (Broccoli)
4,DRESSING ITAL CRMY,1.0,36.2,55.49,16.420043794,Vegetable oils
3,SEASONING SEAFOOD,0.0,7.033,54.71,3.1901151382100004,Animal fats
12,CEREAL HOT GRITS QUICK,2.0,36.0,54.1,16.329325320000002,Grains/cereals (except rice)
4,COOKIE CRUMB OREO MED CRUNCH,1.0,10.0,54.05,4.535923700000001,"Wheat/Rye (Bread, pasta, baked goods)"
2,DRESSING VINGRT BLOOD ORG SHAL,1.0,17.86,53.99,8.1011597282,Vegetable oils
4,BAGEL PLAIN GLUTEN FREE,2.0,10.5,52.96,4.762719885,"Wheat/Rye (Bread, pasta, baked goods)"
1,MANGO FRESH,3.0,30.0,52.68,13.6077711,Fruits (misc.)
2,SAUCE HOT ORIG,1.0,9.0,51.79,4.082331330000001,Vegetable oils
6,BEET SHOESTRING FCY,1.0,39.37,51.16,17.8579316069,Root Vegetables
6,TEA ASST BLK,2.0,2.0,49.14,0.90718474,Stimulants
12,TOPPING RASPBERRY PLATESCAPER,1.0,15.0,48.67,6.80388555,Sugars and sweeteners
1,BEET FRESH GOLD,2.0,50.0,47.48,22.6796185,Root Vegetables
6,KETCHUP FANCY,1.0,42.28,47.17,19.1778854036,Tomatoes
12,PEPPER CHIPOTLE IN ADOBO SAUCE,2.0,12.4,46.82,5.6245453880000005,Vegetable oils
12,SAUCE CHILI SRIRACHA CHA,1.0,14.0,46.3,6.35029318,Vegetable oils
1,POTATO SWEET JUMBO,2.0,80.0,45.64,36.2873896,Cassava and Other Roots
1,TOMATILLO FRESH DEHUSKED,1.0,20.0,44.22,9.0718474,Other vegetables
2,SAUCE CHIPOTLE ANCHO SANDWICH,1.0,17.33,44.1,7.860755772099999,Vegetable oils
48,ICE CREAM RASP NF SHERBET CUP,2.0,18.528,44.1,8.40415943136,Ice cream
48,ICE CREAM ORANG NF SHERBET CUP,2.0,18.528,43.5,8.40415943136,Ice cream
12,BRUSSEL SPROUT MED GR A P,1.0,29.35,43.06,13.312936059500002,Beans and pulses (dried)
3,SPICE OREGANO LEAVES,0.0,3.5,41.08,1.587573295,Stimulants & Spices (misc.)
4,DRESSING RANCH BUTTERMILK,0.0,16.35,41.04,7.416235249500001,Yogurt
12,TOPPING CARAMEL SQUEEZE BTL FF,1.0,15.0,39.25,6.80388555,Vegetable oils
1,GRAPE GREEN SDLS FRESH,2.0,8.0,39.1,3.62873896,Citrus Fruit
4,OLIVE GREEN MANZ SALAD STYLE,0.0,9.375,39.1,4.25242846875,Vegetables (misc.)
1,EGG HARDBOILED WHL PEEL SEL,1.0,10.0,38.39,4.535923700000001,Eggs
4,SYRUP STRAWBERRY,1.0,11.9,38.09,5.397749203,Sugars and sweeteners
4,SYRUP GRENADINE,1.0,11.367,37.69,5.155984469790001,Sugars and sweeteners
12,SUGAR CONFECTIONER 10X CANE,1.0,24.0,37.28,10.88621688,Sugars and sweeteners
10,TOMATO CHERRY MIX HEIRLOOM,1.0,6.75,37.14,3.0617484975,Fruits (misc.)
4,SYRUP STRAWBERRY ROSE,1.0,11.332,36.99,5.14010873684,Sugars and sweeteners
4,SYRUP VANILLA PL BTL NONGMO,1.0,13.09,36.82,5.9375241233,Sugars and sweeteners
4,MUSTARD YELLOW PRPD,1.0,33.6,36.59,15.240703632,Tree nuts and seeds
12,SAUCE SOY,2.0,15.5,36.42,7.030681735,Vegetable oils
6,TOMATO CRUSHED JERSEY FRSH,1.0,44.5,36.01,20.184860465,Tomatoes
4,SYRUP CANE 100% PURE,1.0,11.9,35.84,5.397749203,Sugars and sweeteners
4,SYRUP CARAMEL,1.0,11.9,35.61,5.397749203,Sugars and sweeteners
4,SYRUP BLKBRY,1.0,11.58,35.61,5.2525996446,Sugars and sweeteners
4,SYRUP BLUEBERRY,1.0,11.89,35.61,5.3932132793,Sugars and sweeteners
4,SYRUP CINNAMON,1.0,12.0,35.26,5.4431084400000005,Sugars and sweeteners
12,RELISH SWT EASY SQUEEZE BTL,2.0,21.0,34.78,9.52543977,Legumes (misc.)
3,SPICE CHILI PWDR LIGHT,0.0,6.0,34.75,2.72155422,Stimulants
8,CORN MEAL YEL,1.0,40.0,34.34,18.1436948,Corn (Maize)
1,TWINE COTTON 16 PLY,1.0,2.5,33.48,1.133980925,Stimulants
12,TOMATO CRUSHED,1.0,24.0,33.41,10.88621688,Tomatoes
6,RICE BLK CHINA FORBIDDEN ORG,1.0,6.0,32.66,2.72155422,Rice
1,CRANBERRY DRIED CRAISINS,1.0,10.0,31.45,4.535923700000001,Fruits (misc.)
1,PEPPER JALAPENO FRSH,3.0,6.0,31.35,2.72155422,Stimulants & Spices (misc.)
6,SEASONING STEAK MONTREAL,0.0,7.0,30.94,3.17514659,Beef & buffalo meat
2,FLOUR ALL PURP UNBLCH,1.0,50.0,28.73,22.6796185,Grains/cereals (except rice)
1,PEPPER BELL RED HOTHOUSE #1,1.0,11.0,28.68,4.9895160700000005,Stimulants & Spices (misc.)
2,VINEGAR RICE SEASONED GOURM,1.0,20.3,28.55,9.207925111000002,Rice
4,LETTUCE SAL MIX SEPARATE FRESH,1.0,20.0,26.59,9.0718474,Cabbages and other Brassicas (Broccoli)
1,PINEAPPLE FRESH GOLDEN RIPE,1.0,12.0,25.29,5.4431084400000005,Fruits (misc.)
1,CABBAGE WHITE FRESH,1.0,51.0,23.74,23.133210870000003,Cabbages and other Brassicas (Broccoli)
1,BANANA SLICE IQF,1.0,20.0,23.44,9.0718474,Bananas
4,VINEGAR DISTILLED WHITE 5%,1.0,32.0,21.73,14.51495584,Stimulants
1,ONION RED JUMBO BOX,1.0,25.0,21.67,11.33980925,Onions and Leeks
6,CAPER NONPAREIL IMPORTED,0.0,9.25,21.15,4.1957294225,Sugars and sweeteners
6,SEASONING CAJUN,0.0,1.158,19.86,0.52525996446,Stimulants & Spices (misc.)
6,SPICE CUMIN GRND,0.0,2.625,19.62,1.19067997125,Stimulants & Spices (misc.)
6,MIX SEASONING TACO,1.0,3.05,17.5,1.3834567285,Corn (Maize)
12,FLAN TRES LECHE 4.5OZ REF,1.0,3.37,14.97,1.5286062869,Uncategorized
6,SPICE CORIANDER GRND,0.0,0.9,13.69,0.408233133,Stimulants & Spices (misc.)
1,CARROT CELLO PK MED,1.0,5.0,13.39,2.2679618500000003,Root Vegetables
1,ONIONS CRISPY FRIED,2.0,1.76,11.22,0.7983225712,Onions and Leeks
4,SAUCE WORCESTERSHIRE,0.0,9.05,5.67,4.1050109485,Vegetable oils
2,PASTA BOWTIE,0.0,0.0,0.0,0.0,"Wheat/Rye (Bread, pasta, baked goods)"
2,TURKEY BREAST BRAISED,118.0,2207.3,9687.85,1001.214438301,"Poultry (chicken, turkey)"
2,CHICKEN BRST BRD CRSPY  RAW,125.0,1250.0,5028.75,566.9904625,"Poultry (chicken, turkey)"
2,BEEF FOR STEW FRZN,60.0,610.42,4128.88,276.8818544954,Beef & buffalo meat
2,TOMATO SLI FRSH FC XL,115.0,2415.0,3685.5,1095.42557355,Tomatoes
2,BACON PRECOOKED REGULAR SLICE,58.0,237.8,3243.84,107.86426558600002,Pork (pig meat)
2,HAM 4X6 CKD DOMESTIC35%HW97%FF,42.0,966.0,3177.78,438.17022942,Pork (pig meat)
6,TUNA LIGHT SKIPJACK POUCH PACK,33.0,551.1,3116.85,249.974755107,Fish (finfish)
2,CHICKEN FAJ BRST STRIP CKD,60.0,600.0,3072.0,272.155422,"Poultry (chicken, turkey)"
6,BEEF PASTRAMI BRSK HRW SMK SLI,25.0,300.0,3037.25,136.077711,Beef & buffalo meat
4,BEEF CORNED SLI BRSKT,35.0,280.0,2334.5,127.0058636,Beef & buffalo meat
2,PORK BBQ SMKD PULLED PREMIUM,36.0,360.0,2206.44,163.2932532,Pork (pig meat)
1,CHIP VARIETY FRITO LAY,51.0,334.56,2131.29,151.75386330720002,"Wheat/Rye (Bread, pasta, baked goods)"
2,BEEF ROAST TOP RND C\O MR DF,22.0,293.8,2093.03,133.26543830600002,Beef & buffalo meat
1,HONEY PURE HOT JUG,20.0,166.8,1985.0,75.659207316,Sugars and sweeteners
8,CHEESE SWISS SLI .5OZ,32.0,384.0,1790.08,174.17947008000002,Cheese
104,CHIP POTATO REG SNG SRV,38.0,247.0,1775.36,112.03731539,"Wheat/Rye (Bread, pasta, baked goods)"
4,LETTUCE SHREDDED 1/8 IN FRESH,70.0,1400.0,1768.07,635.029318,Cabbages and other Brassicas (Broccoli)
8,CHEESE PEPPER JACK SLI .75OZ,35.0,420.0,1684.55,190.5087954,Cheese
104,CHIP POTATO BBQ SS,36.0,234.0,1681.92,106.14061458,"Wheat/Rye (Bread, pasta, baked goods)"
1,BANANA FRESH RIPE/READY,61.0,2505.087,1643.23,1136.28834938619,Bananas
1,APPLE RED DEL FANCY FRESH,43.0,1720.0,1573.54,780.1788764,Apples
4,ONION RED FRSH SLICED 1/8,22.0,440.0,1520.7,199.5806428,Onions and Leeks
2,PORK PULLED SMOKED,26.0,260.0,1499.42,117.9340162,Pork (pig meat)
4,MAYONNAISE HEAVY DUTY,34.0,986.0,1478.74,447.24207682,Vegetable oils
2,MEATBALL BEEF ITAL STYLE 1 OZ,30.0,300.0,1426.2,136.077711,Beef & buffalo meat
6,CHEESE MOZZ FRSH SLI 18 CT,37.0,222.0,1384.91,100.69750614,Cheese
1,COFFEE COLD BREW BIB,10.0,420.0,1369.9,190.5087954,Coffee
6,CHEESE PROVOLONE SLICED .75 TP,38.0,342.0,1328.34,155.12859054,Cheese
48,COOKIE CHOC CHIP BKD T&S,47.0,282.0,1261.01,127.91304834,"Wheat/Rye (Bread, pasta, baked goods)"
4,CHEESE MOZZARELLA SHRD WHL MLK,19.0,380.0,1205.78,172.3651006,Cheese
72,COOKIE SNICKERDOODLE BKD,48.0,216.0,1204.8,97.97595192,"Wheat/Rye (Bread, pasta, baked goods)"
6,PEPPER RED STRIPS FIRE RSTD,17.0,637.5,1145.8,289.16513587500003,Stimulants & Spices (misc.)
1,ORANGE FANCY FRESH,31.0,1240.0,1129.8,562.4545388,Citrus Fruit
96,BROWNIE COOKIE BAR,14.0,327.6,1129.66,148.596860412,"Wheat/Rye (Bread, pasta, baked goods)"
8,CHEESE CHDR MLD SLI INT .75 YL,24.0,288.0,1118.4,130.63460256000002,Cheese
2,SAUSAGE ITAL BULK MILD,35.0,350.0,1114.9,158.7573295,Pork (pig meat)
40,CHICKEN BRD ITL FULLY COOKED,25.0,250.0,1107.25,113.3980925,"Poultry (chicken, turkey)"
4,PEPPER BANANA HOT RING,21.0,698.46,1102.29,316.81612675020006,Bananas
48,COOKIE OATMEAL RSN BKD T&S,41.0,246.0,1090.19,111.58372302,"Wheat/Rye (Bread, pasta, baked goods)"
2,BROWNIE CHEESECAKE PRE-CUT,24.0,288.0,1084.32,130.63460256000002,Cheese
2,BROWNIE CHOC CHIP PRCT,22.0,264.0,993.96,119.74838568,"Wheat/Rye (Bread, pasta, baked goods)"
20,BROCCOLI RABE ICELESS,18.0,360.0,929.15,163.2932532,Cabbages and other Brassicas (Broccoli)
12,GUACAMOLE CALIFORNIA HPP FRZ,15.0,180.0,918.6,81.6466266,Fruits (misc.)
4,CHEESE AMER 160 DELI SLI YEL,14.0,280.0,858.68,127.0058636,Cheese
80,SNACK CHIP PLANTAIN 1.OZ,22.0,110.0,811.36,49.895160700000005,"Wheat/Rye (Bread, pasta, baked goods)"
1,HAM PROSCIUTTO DOM AGED,6.0,81.24,756.18,36.8498441388,Pork (pig meat)
4,BEEF ROAST TOP RND SLI C/O,8.0,80.0,726.8,36.2873896,Beef & buffalo meat
12,GUACAMOLE SOUTHWESTERN HPP FRZ,11.0,132.0,673.42,59.874192840000006,Fruits (misc.)
6,VEGETABLE BLND RST PEPR ONION,18.0,270.0,657.72,122.4699399,Legumes (misc.)
6,SAUCE PIZZA PRPD,12.0,492.0,630.48,223.16744604,Vegetable oils
1,MUSHROOM PORT SLCD FRESH,28.0,140.0,623.48,63.502931800000006,Vegetables (misc.)
6,HAM PROSCIUTTO SLICE,6.0,36.0,618.06,16.329325320000002,Pork (pig meat)
210,MAYONNAISE REAL STICK PACK GF,16.0,78.72,614.08,35.706791366400005,Vegetable oils
8,CHEESE PROV NONSMK SLI .75,12.0,144.0,578.2,65.31730128000001,Cheese
1,PICKLE DILL CHIP KK 1/4IN,17.0,773.5,575.79,350.853698195,"Wheat/Rye (Bread, pasta, baked goods)"
4,BEEF GROUND BULK 81/19 BRKT FZ,6.0,120.0,574.26,54.4310844,Beef & buffalo meat
38,CHICKEN BRST VEGTRN BREADED RW,7.0,83.125,554.4,37.70486575625,Legumes (misc.)
2,SAUCE MASALA TIKKA,15.0,120.0,534.45,54.4310844,Vegetable oils
2,CAULIFLOWER FLORET LRG CUT,15.0,96.75,512.65,43.8850617975,Cabbages and other Brassicas (Broccoli)
1,SYRUP LIQUID SWEETENER HFCS,16.0,892.96,503.68,405.03984271520005,Sugars and sweeteners
5,MEAT ALTERNATE JACKFRUIT NKD,11.0,104.83,483.23,47.5500881471,Fruits (misc.)
2,CHICKEN BRST BRD PCK HMSTY,15.0,150.0,469.5,68.0388555,"Poultry (chicken, turkey)"
12,CHEESE BOURSIN HERB FRENCH,10.0,39.0,465.8,17.69010243,Cheese
4,SAUCE BBQ KOREAN,8.0,155.656,455.92,70.60437394472001,Vegetable oils
64,CHIP TORTILLA COOL RANCH LSS,10.0,70.0,440.9,31.751465900000003,"Wheat/Rye (Bread, pasta, baked goods)"
1,BANANA FRESH GREEN TIP,17.0,731.0,429.93,331.57602247,Bananas
2,HAM PROSCIUTTO COLOSS DOM TRIM,6.0,51.86,361.67,23.5233003082,Pork (pig meat)
50,SAUSAGE VEGETARIAN ITAL SWT,3.0,33.0,344.22,14.968548210000002,Legumes (misc.)
3,OIL OLIVE,2.0,46.0,344.04,20.86524902,Olives (Oil)
1,PEAR FRESH,5.0,190.0,299.05,86.1825503,Fruits (misc.)
1,CUCUMBER FRESH MARINADE SLD,13.0,65.0,292.89,29.48350405,Other vegetables
1,EGG SHELL XL WHT USDA AA,1.0,50.0,287.83,22.6796185,Eggs
2,CHEESE PARM SHAVED DOM,6.0,60.0,285.06,27.2155422,Cheese
2,MEAT ALTERNATE SEITAN BULK,6.0,60.0,282.78,27.2155422,Soybeans/Tofu
12,PEPPER CHIPOTLE IN ADOBO SAUCE,12.0,74.4,280.92,33.747272328,Vegetable oils
6,PEPPER JALAPENO SLI,6.0,233.7,260.8,106.004536869,Stimulants & Spices (misc.)
120,CHIP POTATO REGULAR INDIV,9.0,33.75,260.28,15.3087424875,"Wheat/Rye (Bread, pasta, baked goods)"
2,TOMATO DICED 3/8IN TRAY,12.0,120.0,249.66,54.4310844,Tomatoes
4,CHEESE CHDR MILD FTHR SHRD YEL,4.0,80.0,239.46,36.2873896,Cheese
12,PEA SUGAR SNAP GR A USA,4.0,96.0,238.76,43.54486752,Peas
4,SAUCE BBQ ORIGINAL,4.0,155.2,235.16,70.397535824,Vegetable oils
42,CHICKEN CUTLET CLS VEGAN 3.7,3.0,29.1,234.15,13.199537967,Legumes (misc.)
12,TOFU EXTRA FIRM WTR PK NON-GMO,12.0,144.0,231.36,65.31730128000001,Soybeans/Tofu
4,DIP HUMMUS TRADITIONAL,5.0,75.0,230.05,34.01942775,Vegetable oils
3,OIL OLIVE POMACE,2.0,46.0,229.94,20.86524902,Olives (Oil)
1,DETERGENT POT/PAN PANTASTIC,2.0,92.0,223.74,41.73049804,Uncategorized
2,SAUCE PESTO NO NUT,7.0,28.0,215.39,12.70058636,Vegetable oils
1,MUSHROOM SLCD FRESH,9.0,90.0,207.06,40.8233133,Vegetables (misc.)
4,SAUCE PEPPER CAYENNE RED HOT,3.0,105.0,199.77,47.62719885,Vegetable oils
2,CHEESE VEGAN MOZZ SHRED,4.0,40.0,199.76,18.1436948,Soybeans/Tofu
4,DRESSING 1000 ISLAND POURABLE,3.0,98.76,196.65,44.7967824612,Vegetable oils
12,SAUCE CHILI SWEET THAI,5.0,120.0,190.45,54.4310844,Vegetable oils
2,ARUGULA BABY FRESH,11.0,44.0,187.77,19.95806428,Cabbages and other Brassicas (Broccoli)
6,SEASONING STEAK MONTREAL,0.0,21.879,185.19,9.924147463230002,Beef & buffalo meat
2,BEEF BRISKET SLICED SMKD CKD,1.0,16.6,180.04,7.529633342000001,Beef & buffalo meat
1,PLANTBASED MEATBALL VEGAN,3.0,30.0,179.28,13.6077711,Legumes (misc.)
2,CHEESE BRIE CREME BULK,4.0,24.0,176.36,10.88621688,Cheese
2,ONION RED DICED 3/8,4.0,40.0,174.24,18.1436948,Onions and Leeks
1,EGG HARDBOILED WHL PEEL SEL,2.0,50.0,174.02,22.6796185,Eggs
1,CLEANER FLOOR SANI WSH N WALK,1.0,21.6,167.39,9.797595192,Uncategorized
4,MUSTARD BROWN SPCY,2.0,112.0,166.48,50.80234544,Tree nuts and seeds
5,TEMPEH SOY,4.0,48.0,165.12,21.77243376,Soybeans/Tofu
2,CHEESE PARM SHRD USA,3.0,30.0,160.74,13.6077711,Cheese
500,MUSTARD BROWN SPCY PACKETS,5.0,49.6,150.0,22.498181552,Tree nuts and seeds
1,SQUASH YELLOW FCY FRSH,10.0,50.0,148.15,22.6796185,Fruits (misc.)
4,DRESSING RANCH ORIGINAL RFG,2.0,65.76,143.46,29.828234251200005,Vegetable oils
4,GIARDINIERA MILD TNGY FNE CUT,2.0,66.0,141.04,29.937096420000003,Other vegetables
6,SAUCE PIZZA FULLY PRPRD SMTH,3.0,120.3,136.98,54.567162111,Vegetable oils
4,SPREAD FRUIT FIG,2.0,28.24,135.72,12.8094485288,Fruits (misc.)
60,CHIP POTATO BAKED BBQ,5.0,16.4,134.8,7.438914868,"Wheat/Rye (Bread, pasta, baked goods)"
1,EGGPLANT FRESH,4.0,108.0,128.09,48.98797596,Other vegetables
3,DETERGENT POT/PAN HAND SMARTPW,1.0,6.0,127.26,2.72155422,Uncategorized
6,BREAD LOAF MGRN GFR SLC,2.0,18.0,119.9,8.164662660000001,"Wheat/Rye (Bread, pasta, baked goods)"
4,PEPPER BANANA RING HOT 1100 CT,2.0,72.0,119.42,32.658650640000005,Bananas
1,SQUASH ZUCCHINI FCY FRESH,10.0,50.0,118.54,22.6796185,Other vegetables
1,SANITIZER OASIS 146 MULTI QUAT,1.0,20.8,118.01,9.434721296,Uncategorized
8,CHEESE VEGAN CHED SLI,2.0,24.0,116.32,10.88621688,Soybeans/Tofu
50,SAUSAGE VEGETARIAN ORIG BRAT,1.0,10.0,114.61,4.535923700000001,Legumes (misc.)
48,BROWNIE CHOC CHIP GLUTEN FREE,2.0,21.0,111.1,9.52543977,"Wheat/Rye (Bread, pasta, baked goods)"
4,SALAMI GENOA SLICED .33OZ,2.0,20.0,110.42,9.0718474,Pork (pig meat)
6,SAUERKRAUT SHREDDED FCY,2.0,88.0,107.74,39.91612856,Vegetables (misc.)
6,LETTUCE ROMAINE SHREDDED 3/8,3.0,36.0,105.06,16.329325320000002,Cabbages and other Brassicas (Broccoli)
4,GARLIC PEELED FRESH,1.0,20.0,105.02,9.0718474,Stimulants & Spices (misc.)
4,DRESSING RANCH,1.0,49.5,103.58,22.452822315,Vegetable oils
4,CABBAGE GREEN SHRD FRSH W/BAG,4.0,80.0,99.88,36.2873896,Cabbages and other Brassicas (Broccoli)
4,ONION DICED 3/8 YEL,2.0,45.0,97.38,20.41165665,Onions and Leeks
6,CORN BABY WHL IN BRINE 130/150,1.0,46.0,97.34,20.86524902,Corn (Maize)
1,SPINACH BABY FRSH,5.0,20.0,95.87,9.0718474,Cabbages and other Brassicas (Broccoli)
1,PEPPER RED BELL FRESH,5.0,25.0,94.94,11.33980925,Stimulants & Spices (misc.)
64,CHIP POTATO BBQ BKD BIG GRAB,2.0,9.0,88.18,4.082331330000001,"Wheat/Rye (Bread, pasta, baked goods)"
64,CHIP POTATO BBQ LSS,2.0,12.0,88.18,5.4431084400000005,"Wheat/Rye (Bread, pasta, baked goods)"
4,DRESSING RANCH BUTTERMILK,1.0,32.7,81.91,14.832470499,Yogurt
5,BUTTER CHIP CNTL USDA AA 59CT,1.0,17.0,78.32,7.71107029,Butter
1,BASIL FRESH,4.0,8.0,74.55,3.62873896,Stimulants & Spices (misc.)
4,CARROT SHRD FRSH MATCH STK,2.0,40.0,72.12,18.1436948,Root Vegetables
6,QUINOA GRAIN RED FULLY COOKED,1.0,24.0,66.49,10.88621688,Grains/cereals (except rice)
4,VEGETABLE MIX SLAW POWER BLEND,3.0,24.0,63.87,10.88621688,Legumes (misc.)
12,BEAN CANNELLINI,2.0,21.42,63.36,9.715948565400002,Beans and pulses (dried)
1000,KETCHUP PACKET FOIL,2.0,30.86,62.66,13.9978605382,Tomatoes
1,PEPPER GREEN BELL LARGE FRESH,2.0,50.0,53.53,22.6796185,Stimulants & Spices (misc.)
1,APPLE GLDN DEL X-FANCY FRESH,1.0,40.0,49.18,18.1436948,Apples
6,ONION FRENCH CRISPY TOPPING,1.0,9.0,47.92,4.082331330000001,Onions and Leeks
4,DRESSING HONEY MUSTARD,0.0,16.8,45.44,7.620351816,Tree nuts and seeds
6,BEAN BLACK,1.0,45.9,44.86,20.819889783,Beans and pulses (dried)
24,SODA COCA COLA CLS,2.0,40.0,44.4,18.1436948,Stimulants
6,DRESSING CAESAR CRMY ESSENTIAL,1.0,11.949,44.34,5.41997522913,Vegetable oils
12,BRUSSEL SPROUT MED GR A P,1.0,29.35,43.06,13.312936059500002,Beans and pulses (dried)
80,WATER BOTTLED  PURIFD DRINKING,2.0,88.0,41.28,39.91612856,Uncategorized
6,GRAIN QUINOA RED FULLY COOKED,1.0,13.2,40.87,5.987419284,Grains/cereals (except rice)
4,CABBAGE RED SHRED 1/8,1.0,25.187,39.36,11.42463102319,Cabbages and other Brassicas (Broccoli)
2,MANGO CUBED,1.0,10.0,38.56,4.535923700000001,Fruits (misc.)
1,EGG HARDBOILED WHL PEEL SEL,1.0,10.0,38.1,4.535923700000001,Eggs
1,CILANTRO FRESH ICELESS,1.0,16.0,37.07,7.25747792,Stimulants & Spices (misc.)
6,BEAN GARBANZO LOW SODIUM,1.0,41.62,36.42,18.8785144394,Beans and pulses (dried)
1,SUGAR SUB BLUE PACKET,1.0,5.9,34.39,2.676194983,Sugars and sweeteners
4,BROCCOLI FLORET ICELESS,1.0,12.0,32.29,5.4431084400000005,Cabbages and other Brassicas (Broccoli)
6,SPICE PEPPER BLK GRND,0.0,2.25,25.92,1.0205828325,Stimulants & Spices (misc.)
1,LETTUCE SPRING MIX CONV PLLW,2.0,6.0,25.08,2.72155422,Cabbages and other Brassicas (Broccoli)
1,MOP HEAD CTN MED CUT END 24 OZ,1.0,5.0,23.17,2.2679618500000003,Uncategorized
80,WATER BOTTLED SPRING,1.0,44.0,22.14,19.95806428,Uncategorized
4,SAUCE HORSERADISH,0.0,8.0,21.95,3.62873896,Root Vegetables
2,VINEGAR BALSAMIC,1.0,18.0,20.06,8.164662660000001,Stimulants
2,CHEESE BLUE CRUMBLES,0.0,5.0,19.07,2.2679618500000003,Cheese
4,GARLIC PEELED CHINESE,0.0,5.0,16.48,2.2679618500000003,Stimulants & Spices (misc.)
6,SPICE CURRY POWDER,0.0,1.008,16.13,0.45722110896,Stimulants & Spices (misc.)
6,SEASONING ITALIAN,0.0,0.75,15.42,0.3401942775,Stimulants & Spices (misc.)
48,WATER SPRING INTERPACK DEP,1.0,31.15,14.16,14.1294023255,Uncategorized
1,BASIL FRESH HERB,2.0,0.1,12.3,0.045359237,Stimulants & Spices (misc.)
1,CILANTRO FRESH HERB,2.0,0.5,11.96,0.226796185,Stimulants & Spices (misc.)
4,CILANTRO CLEAN WASH FRESH HERB,0.0,0.0,0.0,0.0,Stimulants & Spices (misc.)
1,EGG SHELL XLRG GRD AA USDA WHT,0.0,0.0,0.0,0.0,Eggs
4,SAUCE WING BUFFALO XTRA HOT,0.0,0.0,0.0,0.0,"Poultry (chicken, turkey)"
4,BEEF ROAST SLI TOP RND C/O 10,0.0,0.0,0.0,0.0,Beef & buffalo meat
24,WATER SPRING SPORT TOP,100.0,4055.0,1509.0,1839.31706035,Uncategorized
6,MILK 2% UHT RDUC FAT,66.0,1815.0,1147.23,823.27015155,Milk (cow's milk)
24,DRINK ENERGY REDBULL SF,21.0,302.4,1018.5,137.16633268799998,Stimulants
6,MILK HOMOGENIZED ESL,42.0,1104.6,779.52,501.038131902,Milk (cow's milk)
24,DRINK ENERGY RED BULL,12.0,149.4,582.6,67.766700078,Stimulants
6,MILK ORIGINAL OAT XTRA CREAMY,26.0,570.96,517.66,258.9830995752,Oat milk
2,MILK 2% SHELF STABLE,9.0,216.0,365.76,97.97595192,Milk (cow's milk)
2,CREAMER HALF & HALF SHELF STAB,5.0,120.0,294.9,54.4310844,Milk (cow's milk)
48,NUT CASHEW WHL RSTD SLTD,3.0,20.25,286.44,9.1852454925,Tree nuts and seeds
12,SPREAD HUMMUS CLS W/PRETZELS,9.0,27.72,286.2,12.5735804964,"Wheat/Rye (Bread, pasta, baked goods)"
48,NUT ALMOND,2.0,13.5,274.32,6.123496995,Tree nuts and seeds
8,CANDY BAR SNICKER 1.86 OZ,0.0,22.32,251.36,10.1241816984,Sugars and sweeteners
1,BANANA FRESH RIPE/READY,9.0,369.603,242.71,167.64910072911002,Bananas
12,YOGURT PLAIN NONFAT GREEK,13.0,51.675,234.39,23.43938571975,Yogurt
12,SPREAD HUMMUS RED PEPR W/PRETZ,7.0,21.56,222.67,9.7794514972,Vegetable oils
12,SPREAD HUMMUS RST GRLC W/PRETZ,7.0,21.56,222.6,9.7794514972,Vegetable oils
64,CHIP POTATO SALT & VNGR KETTLE,4.0,22.0,176.36,9.97903214,"Wheat/Rye (Bread, pasta, baked goods)"
6,MILK ALMOND ORIGINAL,8.0,192.0,165.36,87.08973504000001,Almond milk
12,YOGURT BLUEBERRY GREEK NON FAT,8.0,32.0,144.24,14.51495584,Yogurt
12,YOGURT STWBRY GREEK NON FAT,8.0,32.0,144.24,14.51495584,Yogurt
12,YOGURT VANILLA GREEK NON FAT,8.0,36.0,144.24,16.329325320000002,Yogurt
12,YOGURT COCONUT ALMND LOCO FLIP,7.0,27.86,144.2,12.6370834282,Yogurt
6,SNACK BAR CRAN ALMOND PLUS,0.0,8.166,134.75,3.704035293420001,Tree nuts and seeds
12,YOGURT PEACH GREEK NONFAT,7.0,28.0,126.21,12.70058636,Yogurt
120,COOKIE SANDWICH OREO 1.59 OZ,2.0,23.76,109.72,10.7773547112,"Wheat/Rye (Bread, pasta, baked goods)"
12,HONEY PURE CLVR GR A TSC BEAR,2.0,17.6,105.78,7.983225712000001,Sugars and sweeteners
12,YOGURT KEY LIME CRUMBLE FLIP,5.0,25.0,103.0,11.33980925,Yogurt
6,SNACK BAR CARAMEL ALMD SEA SLT,0.0,5.25,96.8,2.3813599425,Tree nuts and seeds
6,SNACK BAR PEANUT BUTR CHOC,0.0,6.666,94.5,3.0236467384200005,Peas
6,SNACK BAR BLUBRY VAN & CASHEW,0.0,5.25,93.95,2.3813599425,Tree nuts and seeds
6,SNACK BAR CHOC DARK CHRY CASHW,0.0,5.833,92.8,2.6458042942100004,Tree nuts and seeds
24,SYRUP CHOCOLATE SQUEEZE BOTTLE,1.0,37.0,92.31,16.78291769,Sugars and sweeteners
2,BROWNIE CHEESECAKE PRE-CUT,2.0,24.0,90.36,10.88621688,Cheese
12,YOGURT BLACK CHERRY GREEK NF,5.0,22.5,90.15,10.205828325,Yogurt
12,YOGURT MANGO GREEK 2%,5.0,20.0,90.15,9.0718474,Yogurt
64,CHIP POTATO JALAPENO KETTLE,2.0,11.0,88.18,4.9895160700000005,"Wheat/Rye (Bread, pasta, baked goods)"
64,CHIP POTATO REG LG SS,2.0,12.0,88.18,5.4431084400000005,"Wheat/Rye (Bread, pasta, baked goods)"
64,CHIP TORTILLA COOL RANCH LSS,2.0,14.0,88.18,6.35029318,"Wheat/Rye (Bread, pasta, baked goods)"
64,CHIP TORTILLA NACHO CHS LSS,2.0,14.0,88.18,6.35029318,"Wheat/Rye (Bread, pasta, baked goods)"
24,CHIP PITA LSS PRMSN GRLIC HERB,5.0,11.25,79.7,5.1029141625,"Wheat/Rye (Bread, pasta, baked goods)"
6,COCOA MIX RICH INSTANT PCKT,1.0,13.31,77.98,6.037314444700001,Tree nuts and seeds
100,CHEESE CREAM ORIG SPREAD CUP,2.0,9.376,70.14,4.25288206112,Cheese
1200,SUGAR TURBINADO PACKET CANE,2.0,23.0,66.94,10.43262451,Sugars and sweeteners
24,CHIP PITA LSS SIMPLY NAKED,4.0,9.0,63.73,4.082331330000001,"Wheat/Rye (Bread, pasta, baked goods)"
48,CRACKER RITZ BIT SND W/CHS T/P,2.0,6.0,63.0,2.72155422,"Wheat/Rye (Bread, pasta, baked goods)"
4,SNACK BAR RICE KRISPIES TREAT,1.0,6.55,57.12,2.9710300235,"Wheat/Rye (Bread, pasta, baked goods)"
6,MILK ALMOND UNSWT,2.0,50.34,48.9,22.8338399058,Almond milk
2,BROWNIE CHOC CHIP PRCT,1.0,12.0,45.18,5.4431084400000005,"Wheat/Rye (Bread, pasta, baked goods)"
24,CEREAL OATMEAL MAPLE BRN SUG,1.0,2.886,36.36,1.3090675798200002,Grains/cereals (except rice)
12,MILK HOMOGENIZED UHT,24.0,619.2,433.98,280.864395504,Milk (cow's milk)
72,OMELET EGG W/CHEESE IQF FLDED,6.0,90.6,429.71,41.095468722,Cheese
24,WATER SPRING SPORT TOP,20.0,811.0,301.8,367.86341207,Uncategorized
24,DRINK ENERGY REDBULL SF,6.0,86.4,291.0,39.190380768,Stimulants
12,YOGURT RASPBERRY GREEK NF,13.0,58.5,234.39,26.535153645,Yogurt
6,MILK ORIGINAL OAT,9.0,197.64,179.19,89.6479960068,Oat milk
12,MILK SKIM UHT,11.0,284.79,168.48,129.1785710523,Milk (cow's milk)
32,BEEF STEAK STRIPS WM FC FRZN,1.0,40.0,146.67,18.1436948,Beef & buffalo meat
24,DRINK ENERGY RED BULL,3.0,37.35,145.65,16.9416750195,Stimulants
12,CREAMER HALF & HALF ESL,3.0,76.95,130.99,34.903932871500004,Milk (cow's milk)
6,MILK ORIGINAL OAT XTRA CREAMY,6.0,131.76,119.46,59.7653306712,Oat milk
24,MILK CONDENSED SWEETENED,2.0,42.0,115.02,19.05087954,Milk (cow's milk)
6,MILK ALMOND ORIGINAL,5.0,120.0,103.35,54.4310844,Almond milk
12,SPREAD HUMMUS RED PEPR W/PRETZ,3.0,9.24,95.43,4.191193498800001,Vegetable oils
12,SPREAD HUMMUS RST GRLC W/PRETZ,3.0,9.24,95.4,4.191193498800001,Vegetable oils
12,SPREAD HUMMUS CLS W/PRETZELS,3.0,9.24,95.4,4.191193498800001,"Wheat/Rye (Bread, pasta, baked goods)"
24,SYRUP CHOCOLATE SQUEEZE BOTTLE,1.0,37.0,92.31,16.78291769,Sugars and sweeteners
60,CEREAL ASSORTED CLASSIC PK CP,1.0,9.0,81.73,4.082331330000001,Grains/cereals (except rice)
1,CAKE POUND SLI LMN,4.0,17.0,79.46,7.71107029,"Wheat/Rye (Bread, pasta, baked goods)"
1,CAKE POUND SLI MARBLE,4.0,17.0,76.2,7.71107029,"Wheat/Rye (Bread, pasta, baked goods)"
12,YOGURT BLACK CHERRY GREEK NF,4.0,18.0,72.12,8.164662660000001,Yogurt
12,MILK CHOC 1% SHELF STABLE,3.0,34.8,69.93,15.785014476,Milk (cow's milk)
1200,SUGAR TURBINADO PACKET CANE,2.0,23.0,66.94,10.43262451,Sugars and sweeteners
12,YOGURT COCONUT ALMND LOCO FLIP,3.0,11.94,61.8,5.4158928978,Yogurt
12,YOGURT KEY LIME CRUMBLE FLIP,3.0,15.0,61.8,6.80388555,Yogurt
1,CAKE POUND SLI BAN NUT,3.0,12.75,56.3,5.783302717500001,"Wheat/Rye (Bread, pasta, baked goods)"
12,TEA LEMON PETE BTL,5.0,75.0,55.8,34.01942775,Citrus Fruit
12,YOGURT BLUEBERRY GREEK NON FAT,3.0,12.0,54.09,5.4431084400000005,Yogurt
12,YOGURT MANGO GREEK 2%,3.0,12.0,54.09,5.4431084400000005,Yogurt
12,YOGURT PEACH GREEK NONFAT,3.0,12.0,54.09,5.4431084400000005,Yogurt
12,YOGURT PLAIN NONFAT GREEK,3.0,11.925,54.09,5.409089012250001,Yogurt
12,YOGURT VANILLA GREEK NON FAT,3.0,13.5,54.09,6.123496995,Yogurt
1,GRAPE GREEN SEEDLS LG,1.0,18.0,50.05,8.164662660000001,Citrus Fruit
12,MILK STRAWBERRY 1% SHLF STBLE,2.0,23.2,46.62,10.523342984,Milk (cow's milk)
80,SAUSAGE PORK PATTY CKD MILD CN,1.0,10.0,43.96,4.535923700000001,Pork (pig meat)
1,GRAPE RED SEEDLS LG,1.0,18.0,42.52,8.164662660000001,Citrus Fruit
12,YOGURT STRAWBERRY GREEK L&F,2.0,20.0,40.24,9.0718474,Yogurt
1,MELON CANTALOUPE FRESH,1.0,34.5,40.03,15.648936765,Fruits (misc.)
6,MILK HOMOGENIZED ESL,2.0,52.6,36.76,23.858958662000003,Milk (cow's milk)
12,YOGURT COCONUT GREEK BLNDED,2.0,7.95,36.06,3.6060593415,Yogurt
12,YOGURT STWBRY GREEK NON FAT,2.0,8.0,36.06,3.62873896,Yogurt
12,YOGURT STRAW/BAN GREEK 2%,2.0,9.0,36.06,4.082331330000001,Yogurt
12,YOGURT PINEAPPLE GREEK 2%,2.0,9.0,36.06,4.082331330000001,Yogurt
12,YOGURT VANILLA 0%,2.0,7.944,34.12,3.60333778728,Yogurt
1,MELON HONEYDEW FRSH,1.0,24.0,33.22,10.88621688,Fruits (misc.)
1,PINEAPPLE FRESH GOLDEN RIPE,1.0,12.0,25.29,5.4431084400000005,Fruits (misc.)
6,MILK ALMOND UNSWT,1.0,25.17,24.45,11.4169199529,Almond milk
6,MILK ALMOND VANILLA,1.0,24.0,20.67,10.88621688,Almond milk
6,SNACK BAR CARAMEL ALMD SEA SLT,0.0,1.05,19.36,0.4762719885,Tree nuts and seeds
12,WATER COCONUT JUICE 100%,1.0,9.0,19.31,4.082331330000001,Tree nuts and seeds
6,SNACK BAR CRAN ALMOND PLUS,0.0,1.166,19.25,0.5288887034199999,Tree nuts and seeds
6,SNACK BAR PEANUT BUTR CHOC,0.0,1.333,18.9,0.60463862921,Peas
6,SNACK BAR ALMOND AND COCONT,0.0,1.283,18.9,0.58195901071,Tree nuts and seeds
6,SNACK BAR DK CHOC NUT SEA SALT,0.0,1.283,18.84,0.58195901071,Tree nuts and seeds
6,SNACK BAR BLUBRY VAN & CASHEW,0.0,1.05,18.79,0.4762719885,Tree nuts and seeds
6,SNACK BAR CHOC DARK CHRY CASHW,0.0,1.166,18.56,0.5288887034199999,Tree nuts and seeds
12,YOGURT POMEGRANATE GREEK NF,1.0,4.5,18.03,2.0411656650000003,Yogurt
6,MILK 2% UHT RDUC FAT,1.0,27.5,17.46,12.473790175,Milk (cow's milk)
12,YOGURT STRAWBERRY FOB,1.0,4.55,10.82,2.0638452835,Yogurt
12,YOGURT STW/BLU BLK CHRY GREEK,0.0,0.0,0.0,0.0,Yogurt
40,PIZZA CRUST PRBKD THIN 10IN,103.0,1453.33,4122.06,659.2193990921,"Wheat/Rye (Bread, pasta, baked goods)"
6,CHEESE PIZZA BLND MOZZ/PROV WM,48.0,1440.0,4031.88,653.1730128,Cheese
72,OMELET EGG W/CHEESE IQF FLDED,16.0,241.6,1146.36,109.587916592,Cheese
6,SAUCE PIZZA PRPD,16.0,656.0,840.64,297.55659472,Vegetable oils
2,CHICKEN FAJ BRST STRIP CKD,14.0,140.0,716.8,63.502931800000006,"Poultry (chicken, turkey)"
2,BEEF SLICED PEPPERONI HALAL,11.0,110.0,705.21,49.895160700000005,Beef & buffalo meat
2,BACON BIT REAL CKD 1/2 GF,9.0,135.0,686.61,61.23496995,Pork (pig meat)
1,GRAPE RED SEEDLS LG,12.0,216.0,623.28,97.97595192,Citrus Fruit
8,STRAWBERRY FRESH DRISCOLL,13.0,104.0,512.8,47.17360648,Berries
48,COOKIE SNICKERDOODLE BKD,17.0,102.0,480.25,46.266421740000006,"Wheat/Rye (Bread, pasta, baked goods)"
1,MUSHROOM SLCD FRESH,19.0,190.0,439.12,86.1825503,Vegetables (misc.)
1,GRAPE GREEN SEEDLS LG,7.0,126.0,421.37,57.152638620000005,Citrus Fruit
1,PINEAPPLE FRESH GOLDEN RIPE,16.0,192.0,403.72,87.08973504000001,Fruits (misc.)
2,ONION RED DICED 3/8,8.0,80.0,349.4,36.2873896,Onions and Leeks
3,CHEESE CUBE CHDR/SWISS/PEP JCK,6.0,90.0,340.22,40.8233133,Cheese
2,MILK 2% SHELF STABLE,8.0,192.0,325.12,87.08973504000001,Milk (cow's milk)
1,MELON CANTALOUPE FRESH,7.0,280.0,301.44,127.0058636,Fruits (misc.)
2,BACON PRECOOKED REGULAR SLICE,5.0,20.5,279.83,9.298643585,Pork (pig meat)
1,ORANGE CHOICE FRESH,8.0,320.0,279.2,145.14955840000002,Citrus Fruit
6,PEPPER RED STRIPS FIRE RSTD,4.0,150.0,269.6,68.0388555,Stimulants & Spices (misc.)
1,CRANBERRY DRIED SWEETENED,11.0,55.0,265.1,24.947580350000003,Berries
6,PINEAPPLE CHUNK JCE,4.0,182.8,258.73,82.916685236,Fruits (misc.)
6,OLIVE BLACK RIPE SLICED,3.0,61.8,247.98,28.032008466,Other vegetables
1,APPLE GLDN DEL X-FANCY FRESH,5.0,200.0,246.2,90.718474,Apples
24,WATER SPRING SPORT TOP,16.0,648.8,241.44,294.290729656,Uncategorized
2,CREAMER HALF & HALF SHELF STAB,4.0,96.0,235.92,43.54486752,Milk (cow's milk)
4,JUICE ORANGE PSTRZD ULTRA PREM,5.0,175.0,233.4,79.37866475,Citrus Fruit
160,SAUSAGE PORK PTY CKD MILD 1 OZ,5.0,50.0,230.87,22.6796185,Pork (pig meat)
2,PORK PULLED SMOKED,4.0,40.0,230.68,18.1436948,Pork (pig meat)
4,CEREAL GRANOLA FRUIT BULKPAK,3.0,37.5,218.46,17.009713875,Grains/cereals (except rice)
1,BANANA FRESH RIPE/READY,8.0,328.536,215.4,149.02142287032,Bananas
12,CEREAL HOT OAT QUICK,3.0,105.6,197.92,47.899354272,Grains/cereals (except rice)
2,SOUP TOMATO BISQUE,4.0,64.0,196.28,29.02991168,Tomatoes
6,YOGURT STRAWBERRY PARFAIT POUC,5.0,120.0,195.2,54.4310844,Yogurt
90,SAUSAGE BREAKFAST PATTY VEGAN,2.0,18.38,165.52,8.3370277606,Legumes (misc.)
8,CHEESE MOZZ FRSH PEARLS CRYO,4.0,32.0,165.06,14.51495584,Cheese
6,YOGURT BLUBRY LF PARFAITPRO,4.0,96.0,156.16,43.54486752,Yogurt
2,SOUP VEGETARIAN 3 BEAN W/CHILI,3.0,48.0,151.7,21.77243376,Beans and pulses (dried)
24,DRINK ENERGY RED BULL,3.0,37.35,145.65,16.9416750195,Stimulants
2,MEATBALL BEEF ITAL STYLE 1 OZ,3.0,30.0,144.2,13.6077711,Beef & buffalo meat
4,SAUCE ALFREDO,2.0,40.0,138.36,18.1436948,Vegetable oils
2,SOUP CHICKEN NDLE,3.0,48.0,130.46,21.77243376,"Poultry (chicken, turkey)"
1,BASIL FRESH,7.0,14.0,130.42,6.35029318,Stimulants & Spices (misc.)
4,SWEETENER AGAVE AMBER NECT ORG,2.0,23.0,122.42,10.43262451,Sugars and sweeteners
1,PLANTBASED MEATBALL VEGAN,2.0,20.0,119.52,9.0718474,Legumes (misc.)
6,GARLIC CHOPPED IN OIL OLIVE,2.0,24.0,119.26,10.88621688,Olives (Oil)
6,YOGURT VANILLA PARFAIT POUCH,3.0,72.0,117.12,32.658650640000005,Yogurt
6,MILK OAT BARISTA EDITION,6.0,76.8,116.16,34.835894016,Oat milk
3,OIL OLIVE POMACE,1.0,23.0,114.97,10.43262451,Olives (Oil)
1,ORANGE FANCY FRESH,3.0,120.0,108.71,54.4310844,Citrus Fruit
3,NUT MIXED W/PEANUT SLTD,2.0,12.0,105.9,5.4431084400000005,Peas
1,NUT MIXED NO PEANUT FCY,2.0,30.0,100.12,13.6077711,Peas
2,CHEESE VEGAN MOZZ SHRED,2.0,20.0,99.88,9.0718474,Soybeans/Tofu
24,DRINK ENERGY REDBULL SF,2.0,28.8,97.0,13.063460256,Stimulants
12,SPREAD HUMMUS CLS W/PRETZELS,3.0,9.24,95.4,4.191193498800001,"Wheat/Rye (Bread, pasta, baked goods)"
12,SPREAD HUMMUS RST GRLC W/PRETZ,3.0,9.24,95.4,4.191193498800001,Vegetable oils
1,PICKLE CHIP BRDBTR REF 500-650,3.0,57.3,91.51,25.990842801,"Wheat/Rye (Bread, pasta, baked goods)"
10,MANDARIN FRESH EASY PEEL,2.0,60.0,91.12,27.2155422,Citrus Fruit
2,BROWNIE CHEESECAKE PRE-CUT,2.0,24.0,90.36,10.88621688,Cheese
1,CAKE POUND SLI LMN,4.0,17.0,82.88,7.71107029,"Wheat/Rye (Bread, pasta, baked goods)"
1,CAKE POUND SLI MARBLE,4.0,17.0,79.48,7.71107029,"Wheat/Rye (Bread, pasta, baked goods)"
1,CAKE POUND SLI BAN NUT,4.0,17.0,79.44,7.71107029,"Wheat/Rye (Bread, pasta, baked goods)"
1,CHICKEN TNDR BRD LOW SOD VEGAN,1.0,12.0,79.17,5.4431084400000005,Legumes (misc.)
4,DRESSING HONEY MUSTARD PM BNQT,1.0,33.6,78.44,15.240703632,Tree nuts and seeds
4,DRESSING HONEY MUSTARD DIJON,1.0,35.2,77.63,15.966451424000002,Tree nuts and seeds
3,NUT MIXED ULTRA MIX,1.0,6.0,76.59,2.72155422,Uncategorized
1,BANANA FRESH GREEN TIP,3.0,129.0,75.87,58.513415730000006,Bananas
1,CAKE POUND SLI PLAIN,4.0,17.0,72.44,7.71107029,"Wheat/Rye (Bread, pasta, baked goods)"
2,PORK LOIN BNLS CC STR/OFF 1/8I,2.0,31.35,70.66,14.220120799500002,Pork (pig meat)
12,MILK CHOC 1% SHELF STABLE,3.0,34.8,69.93,15.785014476,Milk (cow's milk)
500,MAYONNAISE PKT,1.0,13.22,65.77,5.996491131400001,Vegetable oils
12,SPREAD HUMMUS RED PEPR W/PRETZ,2.0,6.16,63.62,2.7941289992,Vegetable oils
4,CHEESE AMER 120 SLI YEL,1.0,19.0,63.25,8.61825503,Cheese
4,CHEESE AMER 160 DELI SLI YEL,1.0,20.0,61.77,9.0718474,Cheese
2,LETTUCE SPRING MIX ORGANIC,4.0,12.0,61.08,5.4431084400000005,Cabbages and other Brassicas (Broccoli)
12,HONEY NATURAL BEAR BTL,1.0,9.0,59.29,4.082331330000001,Sugars and sweeteners
4,SAUCE BBQ ORIGINAL,1.0,40.56,57.86,18.3977065272,Vegetable oils
12,YOGURT STWBRY GREEK NON FAT,3.0,12.0,54.09,5.4431084400000005,Yogurt
12,HONEY PURE CLVR GR A TSC BEAR,1.0,8.8,52.89,3.9916128560000006,Sugars and sweeteners
2,MEATBALL ITAL BEEF PREM 2OZ,1.0,10.0,49.69,4.535923700000001,Beef & buffalo meat
4,JUICE ORANGE NO PULP,1.0,34.9,46.66,15.830373713,Citrus Fruit
6,SEASONING ITALIAN,0.0,2.25,46.26,1.0205828325,Stimulants & Spices (misc.)
2,BROWNIE CHOC CHIP PRCT,1.0,12.0,45.18,5.4431084400000005,"Wheat/Rye (Bread, pasta, baked goods)"
2,SOUP BUTTERNUT & APPLE FZ,1.0,16.0,44.49,7.25747792,Fruits (misc.)
80,SAUSAGE PORK PATTY CKD MILD CN,1.0,10.0,44.45,4.535923700000001,Pork (pig meat)
24,SUGAR BROWN DARK CANE,1.0,26.95,38.15,12.2243143715,Sugars and sweeteners
1,EGG HARDBOILED WHL PEEL SEL,1.0,10.0,38.1,4.535923700000001,Eggs
12,YOGURT BLUEBERRY GREEK NON FAT,2.0,8.0,36.06,3.62873896,Yogurt
12,MILK HOMOGENIZED UHT,2.0,51.6,35.76,23.405366292,Milk (cow's milk)
2,SOUP PASTA FAGIOLI,1.0,0.16,35.02,0.0725747792,"Wheat/Rye (Bread, pasta, baked goods)"
6,SPICE GARLIC POWDER,0.0,4.0,34.76,1.81436948,Stimulants & Spices (misc.)
1,MUSHROOM CRIMINI UNSZD FRESH,2.0,10.0,32.42,4.535923700000001,Vegetables (misc.)
12,MILK SKIM UHT,2.0,51.78,30.61,23.4870129186,Milk (cow's milk)
6,SPICE NUTMEG GROUND,0.0,1.05,24.72,0.4762719885,Stimulants & Spices (misc.)
6,TEA BAG PPRMNT PURE,1.0,1.16,24.57,0.5261671492,Stimulants
6,TEA GREEN,1.0,1.2,24.15,0.544310844,Stimulants
1,CHEESE PARMESAN IMPTD GRTD TUB,1.0,5.0,21.2,2.2679618500000003,Cheese
6,TEA GREEN DECAF,1.0,1.3,20.45,0.5896700810000001,Stimulants
6,TEA HERBAL COZY CHAMOMILE,1.0,0.73,20.45,0.3311224301,Pork (pig meat)
6,MILK HOMOGENIZED ESL,1.0,26.3,18.65,11.929479331,Milk (cow's milk)
12,YOGURT PEACH GREEK NONFAT,1.0,4.0,18.03,1.81436948,Yogurt
12,YOGURT VANILLA GREEK NON FAT,1.0,4.5,18.03,2.0411656650000003,Yogurt
2000,SUGAR PACKET,1.0,12.5,17.75,5.669904625,Sugars and sweeteners
12,TOMATO GRAPE FRSH,1.0,10.0,17.74,4.535923700000001,Tomatoes
200,JUICE LEMON PACKET,1.0,1.76,11.92,0.7983225712,Citrus Fruit
1,BASIL FRESH HERB,1.0,1.0,11.03,0.45359237,Stimulants & Spices (misc.)
1,MUSHROOM CRIMINI SLCD FRESH,0.0,0.0,0.0,0.0,Vegetables (misc.)
1,SUPPLY EQUIPMENT BID ITEM,2.0,2.0,5000.85,0.90718474,Uncategorized
6,DETERGENT MACHINE SMRTPWR,18.0,729.0,3172.14,330.66883773,Uncategorized
3,DETERGENT POT/PAN HAND SMARTPW,23.0,138.0,2926.98,62.59574706,Uncategorized
1,CLEANER FLOOR SANI WSH N WALK,15.0,324.0,2510.85,146.96392788,Uncategorized
1,DETERGENT POT/PAN LIQ PINK RTU,36.0,1522.8,1980.0,690.7304610360001,Uncategorized
1,SANITIZER OASIS 146 MULTI QUAT,16.0,332.8,1888.16,150.95554073600002,Uncategorized
1,CLEANER SANITIZER S&S SMRTPWR,6.0,141.0,1047.06,63.95652417,Uncategorized
100,LINER TRASH 38X58 .95 ML CLR,20.0,282.0,941.4,127.91304834,Uncategorized
1,CLEANER DEGRSR ORGFRC OASIS137,7.0,148.4,736.33,67.313107708,Uncategorized
4,PLATE PAPER FBR PFAS FREE 9IN,8.0,129.6,685.6,58.785571152,Uncategorized
4,DETERGENT MACHINE SMRTPWR,4.0,108.0,508.64,48.98797596,Uncategorized
75,LINER TRASH 38X58 2 ML CLR,6.0,132.0,443.94,59.874192840000006,Uncategorized
4,COFFEE FRZDRY 100% ARABE ALEGR,3.0,6.6,394.08,2.993709642,Coffee
12,WIPER FDSVC SANITIZING TLBTRN,7.0,172.9,366.03,78.42612077300001,Uncategorized
1000,CUP PLAS COMPST CLR GRN STRIPE,2.0,52.0,328.92,23.58680324,Uncategorized
1,SUPPLY SOTF KITCHEN,4.0,24.0,324.44,10.88621688,Uncategorized
6,BLEACH LIQ GRMCDL ULTRA 6%,9.0,526.5,249.84,238.816382805,Uncategorized
6,COFFEE CAPP FRCH VAN,3.0,36.0,229.77,16.329325320000002,Coffee
6,DEGREASER HVY GREASE EXPRESS,2.0,26.2,211.02,11.884120094,Uncategorized
1,CHARGE FREIGHT,7.0,7.0,209.49,3.17514659,Uncategorized
16,KETCHUP SQUEEZE RED UPSIDE DWN,6.0,105.6,208.44,47.899354272,Tomatoes
4,CLEANER DEGRSR GRS CTTR PLS NP,3.0,102.0,205.8,46.266421740000006,Uncategorized
1,BOWL PAPER RND 8IN 32OZ EC PFR,2.0,42.32,197.9,19.1960290984,Uncategorized
24,SAUCE HOT,3.0,24.63,187.8,11.1719800731,Vegetable oils
50,COVER PLAS BUN PAN RACK 15MC,4.0,29.2,164.92,13.244897204,"Wheat/Rye (Bread, pasta, baked goods)"
4,DETERGENT MACH SUPM TRUMP,1.0,45.35,164.3,20.570413979500003,Uncategorized
12,FLAN TRES LECHE 4.5OZ REF,10.0,33.7,149.7,15.286062869000002,Uncategorized
20,CONTAINER PAPER SOUP 12 OZ,1.0,12.78,149.38,5.7969104886,Uncategorized
1,PAD SCOUR XHV NYLON 3.5X6 BLUE,7.0,4.9,140.84,2.2226026130000003,Uncategorized
2,PRESOAK FLATWARE SILVER POWER,1.0,16.0,126.56,7.25747792,Uncategorized
1,APRON BIB DISHWASHER VINYL CLR,2.0,4.0,118.66,1.81436948,Uncategorized
1,PAN DUST LOBBY W 2 PC HNDL,3.0,7.8,108.12,3.538020486,Uncategorized
8,PLATE PAPER BGSSE 6IN PFF,1.0,14.77,98.52,6.6995593049,Uncategorized
10,LID PLASTIC WHT DOME LRG HOT,2.0,14.12,93.82,6.4047242643999995,Uncategorized
4,GLOVE LATEX LRG FLCK-LIN YELW,1.0,7.7,90.49,3.492661249,Uncategorized
10,HAIRNET NYLON LRG BLK LT WGT,0.0,1.584,87.36,0.7184903140800001,Uncategorized
1,GLOVE NITRILE 19 LG GREEN,3.0,2.01,85.05,0.9117206637,Uncategorized
6,PAD SCRUB S-S 35 GRAM 1.25 OZ,0.0,7.0,71.43,3.17514659,Uncategorized
6,POLISH STNLS MDALLN NON ARSL,1.0,9.25,70.6,4.1957294225,Uncategorized
200,WIPER TOWEL PINK 11.5X24 DRY,2.0,8.8,70.06,3.9916128560000006,Uncategorized
20,CUP PAPER HOT WHT 12OZ,1.0,25.9,68.73,11.748042383,Uncategorized
1,BOWL PAPER COMPOSTABLE 12OZ,1.0,16.578,67.18,7.51965430986,Uncategorized
1,MOP HEAD COTTN CUT END #32,3.0,15.0,61.47,6.80388555,Uncategorized
10,GLOVE VINYL FDSRV PF XL,1.0,18.16,58.34,8.237237439200001,Uncategorized
1,SPATULA FRSTNG OFFSET STRAIGHT,6.0,1.236,46.44,0.56064016932,Uncategorized
1,SUPPLY EQUIPMENT ON THE FLY,1.0,6.0,33.3,2.72155422,Uncategorized
4,CLEANER GLASS BLUE RTU,1.0,33.3,31.76,15.104625921,Uncategorized
1,GLOVE NITRILE DISHWSH MED 19,1.0,0.667,28.35,0.30254611079,Uncategorized
6,BROOM ANGULAR FLAGGED,0.0,3.999,24.36,1.81391588763,Uncategorized
1,PUMP FOR 1L PLAS BTL WHT,1.0,0.5,18.9,0.226796185,Uncategorized
3,BOTTLE PLAS SPRAY W/TRIG 32OZ,1.0,5.0,12.74,2.2679618500000003,Uncategorized
1,SUPPLY EQUIPMENT BID ITEM,1.0,1.0,292.1,0.45359237,Uncategorized
1,CHARGE FREIGHT,1.0,1.0,34.32,0.45359237,Uncategorized
1,SUPPLY EQUIPMENT BID ITEM,1.0,1.0,924.54,0.45359237,Uncategorized
1,SUPPLY SOTF JANSAN,2.0,12.0,151.68,5.4431084400000005,Uncategorized
1,SUPPLY SOTF KITCHEN,2.0,12.0,105.6,5.4431084400000005,Uncategorized
1,SUPPLY OFFICE SOTF COM,1.0,6.0,44.8,2.72155422,Uncategorized
1,CHARGE FREIGHT,4.0,4.0,36.94,1.81436948,Uncategorized
2,SOUP CHICKEN & DUMPLING,4.0,64.0,198.88,29.02991168,"Poultry (chicken, turkey)"
2,SOUP MINESTRONE RTU REFRI,4.0,64.0,163.6,29.02991168,"Wheat/Rye (Bread, pasta, baked goods)"
6,MILK ORIGINAL OAT XTRA CREAMY,8.0,175.68,159.28,79.6871075616,Oat milk
2,SOUP LENTIL VEGETERIAN,4.0,64.0,156.28,29.02991168,Beans and pulses (dried)
2,SOUP CHICKEN NDLE,3.0,48.0,126.46,21.77243376,"Poultry (chicken, turkey)"
6,MILK HOMOGENIZED ESL,6.0,157.8,111.9,71.576875986,Milk (cow's milk)
1,BANANA FRESH RIPE/READY,4.0,164.268,107.84,74.51071143516,Bananas
6,MILK 2% UHT RDUC FAT,6.0,165.0,104.76,74.84274105,Milk (cow's milk)
6,MILK ALMOND UNSWT,4.0,100.68,97.8,45.6676798116,Almond milk
24,DRINK ENERGY REDBULL SF,2.0,28.8,97.0,13.063460256,Stimulants
24,WATER SPRING SPRKLG BLUE GLASS,3.0,101.85,78.03,46.1983828845,Uncategorized
72,OMELET EGG W/CHEESE IQF FLDED,1.0,15.1,71.56,6.849244787,Cheese
12,SPREAD HUMMUS RED PEPR W/PRETZ,2.0,6.16,63.62,2.7941289992,Vegetable oils
12,SPREAD HUMMUS RST GRLC W/PRETZ,2.0,6.16,63.6,2.7941289992,Vegetable oils
8,CANDY BAR SNICKER 1.86 OZ,0.0,5.58,62.84,2.5310454246000003,Sugars and sweeteners
12,YOGURT COCONUT ALMND LOCO FLIP,3.0,11.94,61.8,5.4158928978,Yogurt
24,WATER STILL BLUE BTL GLASS,2.0,70.0,52.02,31.751465900000003,Uncategorized
24,DRINK ENERGY RED BULL,1.0,12.45,48.55,5.6472250065,Stimulants
10,CANDY BAR MILKY WAY,0.0,5.3,46.49,2.404039561,Milk (cow's milk)
2,BROWNIE CHOC CHIP PRCT,1.0,12.0,45.18,5.4431084400000005,"Wheat/Rye (Bread, pasta, baked goods)"
80,SAUSAGE PORK PATTY CKD MILD CN,1.0,10.0,44.45,4.535923700000001,Pork (pig meat)
64,CHIP POTATO JALAPENO KETTLE,1.0,5.5,44.09,2.4947580350000003,"Wheat/Rye (Bread, pasta, baked goods)"
12,CREAMER HALF & HALF ESL,1.0,25.65,43.71,11.6346442905,Milk (cow's milk)
2,SOUP ITALIAN WEDDING W/MTBALLS,1.0,16.0,42.09,7.25747792,Lamb/mutton & goat meat
12,YOGURT KEY LIME CRUMBLE FLIP,2.0,10.0,41.2,4.535923700000001,Yogurt
24,TEA BREW BLEND PACK FILTER BAG,1.0,4.4,40.87,1.9958064280000003,Stimulants
6,VEGETABLE BLEND CHFCT SAN FRAN,1.0,23.885,38.2,10.83405375745,Legumes (misc.)
12,YOGURT PEACH GREEK NONFAT,2.0,8.0,36.06,3.62873896,Yogurt
12,YOGURT STWBRY GREEK NON FAT,2.0,8.0,36.06,3.62873896,Yogurt
12,YOGURT VANILLA GREEK NON FAT,2.0,9.0,36.06,4.082331330000001,Yogurt
24,WATER SPARKLING GRPFRT POMPL,1.0,18.096,32.77,8.20820752752,Citrus Fruit
24,CHIP PITA LSS SIMPLY NAKED,2.0,4.5,31.85,2.0411656650000003,"Wheat/Rye (Bread, pasta, baked goods)"
12,SPREAD HUMMUS CLS W/PRETZELS,1.0,3.08,31.8,1.3970644996,"Wheat/Rye (Bread, pasta, baked goods)"
1,RICE SEASONED YELLOW PAELLA,1.0,15.3,28.79,6.939963261000001,Rice
6,MILK SOY PLAIN 64OZ,1.0,24.0,27.88,10.88621688,Soy milk
500,CRACKER SALTINE,1.0,7.5,25.66,3.401942775,"Wheat/Rye (Bread, pasta, baked goods)"
6,CHEESE MOZZ FRSH SLI THIN,1.0,6.0,25.62,2.72155422,Cheese
24,WATER SPRKLG LIMONATA,1.0,16.73,22.31,7.588600350100001,Uncategorized
6,SNACK BAR CARAMEL ALMD SEA SLT,0.0,1.05,19.36,0.4762719885,Tree nuts and seeds
6,SNACK BAR CRAN ALMOND PLUS,0.0,1.166,19.25,0.5288887034199999,Tree nuts and seeds
6,SNACK BAR PEANUT BUTR CHOC,0.0,1.333,18.9,0.60463862921,Peas
6,SNACK BAR BLUBRY VAN & CASHEW,0.0,1.05,18.79,0.4762719885,Tree nuts and seeds
6,SNACK BAR CHOC DARK CHRY CASHW,0.0,1.166,18.56,0.5288887034199999,Tree nuts and seeds
12,YOGURT BLUEBERRY GREEK NON FAT,1.0,4.0,18.03,1.81436948,Yogurt
12,YOGURT PLAIN NONFAT GREEK,1.0,3.975,18.03,1.80302967075,Yogurt
12,YOGURT RASPBERRY GREEK NF,1.0,4.5,18.03,2.0411656650000003,Yogurt
12,YOGURT MANGO GREEK 2%,1.0,4.0,18.03,1.81436948,Yogurt
2000,SUGAR PACKET,1.0,12.5,17.75,5.669904625,Sugars and sweeteners
24,WATER SPRING STILL ALUM W/ELEC,40.0,1060.0,1123.6,480.8079122,Uncategorized
4,CHICKEN CVP BRST 6OZ HAL,12.0,240.0,1097.36,108.8621688,"Poultry (chicken, turkey)"
6,BEEF TENDER PSMO SELCT USA,1.0,40.2,593.07,18.234413274,Beef & buffalo meat
1,AVOCADO HASS GREEN FRESH,6.0,148.2,574.5,67.222389234,Fruits (misc.)
24,SODA COKE DIET,25.0,444.062,555.0,201.42313500694,Stimulants
6,LOBSTER MEAT CLW KNCKLE DRY,1.0,12.0,554.51,5.4431084400000005,Lamb/mutton & goat meat
1,TUNA YEL FIN SAKU 8-10 CO IDN,4.0,40.0,537.44,18.1436948,Fish (finfish)
24,SODA COCA COLA CLS,21.0,420.0,466.2,190.5087954,Stimulants
6,APTZR FRANK IN BLNKT,5.0,40.0,456.4,18.1436948,Beef & buffalo meat
4,OIL OLIVE EXTRA VIRGIN,2.0,52.0,420.0,23.58680324,Olives (Oil)
12,JUICE ORANGE PET,11.0,287.76,393.36,130.5257403912,Citrus Fruit
1,WHIP KETTLE STNLS 48L,4.0,21.6,391.92,9.797595192,Uncategorized
2,SALMON ATL SMK SLI FIL USA,5.0,26.45,378.27,11.9975181865,Fish (finfish)
24,SODA SPRITE CANS,17.0,306.0,373.49,138.79926522,Stimulants
6,BEEF SHLDR TNDR TERES MAJOR CH,1.0,54.4,364.04,24.675424928,Beef & buffalo meat
24,SODA GINGER ALE CUBE,22.0,458.7,339.68,208.062820119,Stimulants
144,PETITFOUR ASSORTED,2.0,7.38,328.96,3.3475116906,Uncategorized
18,BEEF FLANK STKS PLD CH 3PK 6EA,1.0,44.4,318.84,20.139501228,Beef & buffalo meat
4,SHRIMP BRD COCO RND 16/20,4.0,48.0,307.84,21.77243376,Crustaceans (shrimp/prawns)
12,CREAMER HALF & HALF ESL,7.0,179.55,305.55,81.44251003350001,Milk (cow's milk)
2,APTZR VEGETABLE SAMOSA SMALL,5.0,40.0,281.6,18.1436948,"Wheat/Rye (Bread, pasta, baked goods)"
104,CHIP POTATO REG SNG SRV,6.0,39.0,280.32,17.69010243,"Wheat/Rye (Bread, pasta, baked goods)"
8,STRAWBERRY FRESH DRISCOLL,7.0,56.0,278.82,25.40117272,Berries
12,JUICE ORANGE PET 100%,12.0,144.6,270.48,65.589456702,Citrus Fruit
24,WATER SPARKLING,18.0,360.0,267.48,163.2932532,Uncategorized
12,CRACKER ASSORTMENT FOR CHEESE,4.0,28.4,261.52,12.882023308,Cheese
2,TOMATO SLI FRSH FC XL,8.0,168.0,255.29,76.20351816,Tomatoes
1,PINEAPPLE FRESH GOLDEN RIPE,10.0,120.0,251.98,54.4310844,Fruits (misc.)
1,CUCUMBER ENGLISH LONG,17.0,204.0,246.39,92.53284348,Other vegetables
8,JUICE APPLE 100% PET,7.0,266.0,242.34,120.65557042,Apples
4,RICE ARBORIO,2.0,88.0,239.88,39.91612856,Rice
150,APTZR POTSTICKER CH LEMONGRASS,6.0,45.0,235.74,20.41165665,Citrus Fruit
1,MANGO FRESH,16.0,160.0,234.05,72.57477920000001,Fruits (misc.)
12,RASPBERRY RED FRESH,4.0,28.8,227.03,13.063460256,Berries
1,EGGPLANT FRESH,7.0,189.0,224.03,85.72895793,Other vegetables
6,MILK HOMOGENIZED ESL,12.0,315.6,221.91,143.153751972,Milk (cow's milk)
1,ORANGE FANCY FRESH,6.0,240.0,206.28,108.8621688,Citrus Fruit
8,APTZR POTSTICKER PRECKD PORK,4.0,64.0,202.28,29.02991168,Pork (pig meat)
6,OIL OLIVE CANOLA EVO 75/25,2.0,87.6,196.18,39.734691612,Rapeseed/canola (Oil)
4,MAYONNAISE EXTRA HVY,2.0,60.0,192.52,27.2155422,Vegetable oils
4,CHEESE MOZZ PIZZ BLD FEATHERED,3.0,60.0,192.48,27.2155422,Cheese
104,CHIP POTATO SRCRM & ONION SS,4.0,26.0,186.88,11.79340162,"Wheat/Rye (Bread, pasta, baked goods)"
104,CHIP POTATO BBQ SS,4.0,26.0,186.88,11.79340162,"Wheat/Rye (Bread, pasta, baked goods)"
24,PIZZA CRUST CAULIFLWR GF 10,3.0,23.4,184.44,10.614061458,"Wheat/Rye (Bread, pasta, baked goods)"
2,BROWNIE CHOC CHIP PRCT,4.0,48.0,180.72,21.77243376,"Wheat/Rye (Bread, pasta, baked goods)"
2,LAMB GROUND DOM 296 FINE,2.0,20.0,180.32,9.0718474,Lamb/mutton & goat meat
150,APTZR POTSTICKER KALE AND VEG,4.0,30.0,180.28,13.6077711,Legumes (misc.)
2,CHEESE GOAT WINE CURED MURCIA,1.0,11.65,172.79,5.2843511105,Lamb/mutton & goat meat
100,CHEESE CREAM CHIVE & ONION,4.0,25.0,170.32,11.33980925,Cheese
12,BLUEBERRY FRESH,3.0,38.25,169.81,17.3499081525,Berries
8,CHEESE MONT JACK SLI INT .75OZ,4.0,48.0,167.96,21.77243376,Cheese
100,CHEESE CREAM ORIG SPREAD CUP,4.0,25.0,166.24,11.33980925,Cheese
1,KIWI FRUIT FCY FRESH,7.0,54.6,163.96,24.766143402,Fruits (misc.)
4,LETTUCE FRESH TENDER GREENS,4.0,48.0,155.4,21.77243376,Cabbages and other Brassicas (Broccoli)
1,GRAPE RED SEEDLS LG,3.0,54.0,154.86,24.49398798,Citrus Fruit
1,MELON HONEYDEW FRSH,3.0,72.0,150.99,32.658650640000005,Fruits (misc.)
60,APTZR QUICHE SPIN SWISS CRSTLS,1.0,15.0,150.05,6.80388555,Sugars and sweeteners
6,POTSTICKER VEG 1 OZ,2.0,25.4,148.52,11.521246198,Legumes (misc.)
8,JUICE CRNBRY RTS PET,5.0,173.07,148.45,78.5032314759,Citrus Fruit
4,APTZR VEG FALAFEL BALL,3.0,48.0,147.3,21.77243376,Legumes (misc.)
12,BLACKBERRY FRESH,4.0,36.0,145.43,16.329325320000002,Berries
36,BUTTER SOLID UNSLTD 83% EUROPN,1.0,36.0,144.71,16.329325320000002,Butter
120,DOUGH COOKIE CHOC CHIP VEGN GF,2.0,22.5,141.26,10.205828325,Legumes (misc.)
10,APTZR BEEF DLX WELLINGTON,1.0,5.3,139.76,2.404039561,Beef & buffalo meat
4,DIP HUMMUS TRADITIONAL,3.0,45.0,138.03,20.41165665,Vegetable oils
36,BUTTER SOLID USDA AA SALTED,1.0,36.0,137.85,16.329325320000002,Butter
1,TOMATO GRAPE FRSH,7.0,70.0,135.87,31.751465900000003,Tomatoes
1,MUSHROOM PORT SLCD FRESH,6.0,30.0,133.8,13.6077711,Vegetables (misc.)
40,WATER BOTTLED DRINKING,10.0,456.0,132.4,206.83812072,Uncategorized
1,GREEN MICRO SAKURA MIX,6.0,3.0,132.39,1.36077711,Vegetables (misc.)
24,WATER STILL BLUE BTL GLASS,5.0,175.0,130.05,79.37866475,Uncategorized
24,WATER SPRING SPRKLG BLUE GLASS,5.0,169.75,130.05,76.9973048075,Uncategorized
48,JUICE ORANGE PURE PREM CRTN,4.0,72.0,128.12,32.658650640000005,Citrus Fruit
1,LETTUCE FRISSEE BABY FRESH,3.0,18.0,126.62,8.164662660000001,Cabbages and other Brassicas (Broccoli)
6,OIL OLIVE EXTRA VIRGIN FRUTATO,1.0,16.25,124.86,7.3708760125,Olives (Oil)
4,OLIVE GREEN QUEEN PIT 100/120,1.0,15.75,124.39,7.144079827500001,Other vegetables
24,LYCHEE WHL IN HEAVY SYRUP,1.0,30.0,124.39,13.6077711,Sugars and sweeteners
1,GRAPE GREEN SEEDLS LG,2.0,36.0,122.8,16.329325320000002,Citrus Fruit
4,SHELL PASTRY DOUGH PHYLLO,4.0,3.2,116.56,1.451495584,"Wheat/Rye (Bread, pasta, baked goods)"
1,MUSHROOM SHIITAKE LRG SLI 3/16,4.0,12.0,114.44,5.4431084400000005,Vegetables (misc.)
6,MUSTARD DIJON PLS JAR,2.0,36.0,113.78,16.329325320000002,Tree nuts and seeds
4,DRESSING MAYONNAISE VEGAN,1.0,31.04,112.72,14.0795071648,Soybeans/Tofu
4,HAM HONEY SMK SLI .67OZ,2.0,20.0,112.14,9.0718474,Pork (pig meat)
1,ASPARAGUS FRESH STANDARD,3.0,33.0,111.26,14.968548210000002,Other vegetables
1,CHEESE MANCHEGO 3 MONTHS AGED,1.0,7.16,109.68,3.2477213692,Cheese
4,OLIVE KALAMATA PTD PLAS KEG,1.0,17.0,109.36,7.71107029,Other vegetables
4,SHRIMP WHT P&D TLOF 31/40,2.0,20.0,108.48,9.0718474,Crustaceans (shrimp/prawns)
8,JUICE CRANBERRY CKTL27% PET,2.0,64.0,108.44,29.02991168,Berries
12,YOGURT STWBRY GREEK NON FAT,6.0,24.0,108.18,10.88621688,Yogurt
12,HONEY PURE CLVR GR A TSC BEAR,2.0,17.6,105.78,7.983225712000001,Sugars and sweeteners
12,CRAB MEAT CLAW PSTRZD ASIA,1.0,12.0,103.91,5.4431084400000005,Crustaceans (shrimp/prawns)
4,MAYONNAISE REAL,1.0,30.37,102.54,13.7756002769,Vegetable oils
2,ARUGULA BABY FRESH,6.0,24.0,102.48,10.88621688,Cabbages and other Brassicas (Broccoli)
1,APPLE RED DEL FANCY FRESH,3.0,120.0,100.92,54.4310844,Apples
1,CARROT MATCHSTICK PREMIUM,8.0,40.0,95.6,18.1436948,Root Vegetables
1,JAM RASP SEEDLS,1.0,12.1,95.38,5.488467677,Berries
2,CHEESE PARM SHAVED DOM,2.0,20.0,95.02,9.0718474,Cheese
6,OLIVE QUEEN STFD BLUE CHEESE,0.0,13.5,92.79,6.123496995,Cheese
2,SAUCE PESTO NO NUT,3.0,12.0,92.31,5.4431084400000005,Vegetable oils
2,TURKEY BRST SMOKED SKON,1.0,20.15,91.96,9.1398862555,"Poultry (chicken, turkey)"
12,MILK SKIM UHT,6.0,155.34,91.83,70.4610387558,Milk (cow's milk)
1,PASTRY MINI CONE NEUTRAL 2.4,1.0,2.394,91.56,1.08590013378,"Wheat/Rye (Bread, pasta, baked goods)"
750,BUTTER SALTED POP OUT ROSE,1.0,10.688,90.39,4.84799525056,Butter
12,YOGURT BLUEBERRY GREEK NON FAT,5.0,20.0,90.15,9.0718474,Yogurt
12,YOGURT VANILLA GREEK NON FAT,5.0,22.5,90.15,10.205828325,Yogurt
12,YOGURT PINEAPPLE GREEK 2%,5.0,22.5,90.15,10.205828325,Yogurt
12,YOGURT PLAIN NONFAT GREEK,5.0,19.875,90.15,9.01514835375,Yogurt
3,SALAMI ITALIAN SOPRESATA,0.0,12.95,88.79,5.8740211915,Pork (pig meat)
1,MELON CANTALOUPE FRESH,2.0,69.0,86.92,31.29787353,Fruits (misc.)
6,MILK COCONUT UNSWT,1.0,38.0,86.01,17.23651006,Tree nuts and seeds
5,GREEN COLLARD CHOPPED,2.0,20.0,84.82,9.0718474,Cabbages and other Brassicas (Broccoli)
2,PORK BELLY SKIN ON,1.0,27.9,84.82,12.655227123,Pork (pig meat)
1,PEPPER SWEET BELL MEDLEY HH,2.0,40.0,83.9,18.1436948,Stimulants & Spices (misc.)
100,CHEESE CREAM GARDEN VEGETABLE,2.0,12.5,83.88,5.669904625,Cheese
5,APTZR SPANAKOPITA,1.0,3.75,83.78,1.7009713875,"Wheat/Rye (Bread, pasta, baked goods)"
2,COOKIE MINI ASSORTED MACARONS,1.0,4.05,83.44,1.8370490985,"Wheat/Rye (Bread, pasta, baked goods)"
105,CROISSANT BUTTER SML PREPROOF,1.0,12.02,82.41,5.4521802874,Butter
240,PASTRY CANAPE MINI RND NEUTRL,1.0,3.3,80.92,1.496854821,"Wheat/Rye (Bread, pasta, baked goods)"
30,NOODLE RICE VERMICELLI,1.0,30.0,80.06,13.6077711,"Wheat/Rye (Bread, pasta, baked goods)"
1,CAKE POUND SLI MARBLE,4.0,17.0,79.48,7.71107029,"Wheat/Rye (Bread, pasta, baked goods)"
6,CHEESE PARM GRTD DRY CARTON US,0.0,15.0,79.32,6.80388555,Cheese
4,CHICKEN CVP THIGH B/S HALAL,1.0,40.0,78.8,18.1436948,"Poultry (chicken, turkey)"
1,ENDIVE BELGIAN FRESH,2.0,20.0,78.79,9.0718474,Uncategorized
3,NUT CASHEW RSTD UNSLTD,1.0,6.37,78.79,2.8893833969,Tree nuts and seeds
24,WATER BOTTLED SPRING,12.0,328.8,78.36,149.141171256,Uncategorized
2,TURKEY BRST SMOKED MULTI PC,1.0,20.58,76.72,9.3349309746,"Poultry (chicken, turkey)"
1,GREEN MICRO RNBOW MIX 8OZ,4.0,2.0,75.57,0.90718474,Cabbages and other Brassicas (Broccoli)
12,SOYBEAN WHOLE SHELLED EDAMAME,1.0,24.0,75.55,10.88621688,Soybeans/Tofu
1,LUNCH MEAT MORTADELLA,1.0,8.45,74.82,3.8328555265,Lamb/mutton & goat meat
4,ONION GREEN ICELS,3.0,18.45,73.91,8.368779226500001,Onions and Leeks
1,RICE JASMINE,2.0,49.4,73.52,22.407463078,Rice
1,ORANGE FANCY FRESH,2.0,80.0,73.36,36.2873896,Citrus Fruit
24,PEA PIGEON GREEN (GANDULES),2.0,47.94,72.26,21.7452182178,Peas
6,BREAD CRUMB PANKO GLUTEN FREE,1.0,15.0,71.79,6.80388555,"Wheat/Rye (Bread, pasta, baked goods)"
60,CHEESE BRIE MINI,1.0,3.38,71.56,1.5331422106,Cheese
6,PAN COATING BUTR SPRAY,2.0,12.74,70.96,5.7787667938,Vegetable oils
12,SAUCE BROWN TAMARIND,1.0,13.31,70.81,6.037314444700001,Vegetable oils
12,CREAM HEAVY WHIPPING 36% ESL,1.0,25.66,70.73,11.6391802142,Cream
4,CEREAL GRANOLA OATS N HNY PARF,1.0,12.5,70.05,5.669904625,Grains/cereals (except rice)
4,CEREAL GRANOLA OATSN HNY BLKPK,1.0,12.5,70.05,5.669904625,Grains/cereals (except rice)
12,CREAM CLOTTED ENGLISH,1.0,4.0,69.9,1.81436948,Cream
8,TOFU FIRM SUPER ORGANIC,2.0,32.0,69.72,14.51495584,Soybeans/Tofu
4,BANANA PLANTAIN SLI SWEET,2.0,48.0,69.54,21.77243376,Bananas
1,SALAD SEAWEED GOMA WAKAME,2.0,8.8,69.38,3.9916128560000006,Vegetables (misc.)
4,ONION RED FRSH SLICED 1/8,1.0,20.0,69.29,9.0718474,Onions and Leeks
1,MUSHROOM SLCD FRESH,3.0,30.0,68.79,13.6077711,Vegetables (misc.)
1200,SUGAR TURBINADO,2.0,24.3,67.64,11.022294591,Sugars and sweeteners
8,CUPCAKE ASST,1.0,6.2,66.64,2.812272694,"Wheat/Rye (Bread, pasta, baked goods)"
1,HAM PIT BNLS SMKD OLD FSHN W/A,1.0,17.8,65.43,8.073944186,Pork (pig meat)
12,CRACKER RICE PLAIN,2.0,7.0,65.08,3.17514659,"Wheat/Rye (Bread, pasta, baked goods)"
500,LEMON CRYSTAL PKT,2.0,1.54,64.4,0.6985322498000001,Citrus Fruit
1,BANANA PLANTAIN GREEN,2.0,100.0,64.28,45.359237,Bananas
12,MAYONNAISE SQUEEZE BTL,1.0,8.62,64.16,3.9099662294,Vegetable oils
2,BEEF SLICED PEPPERONI HALAL,1.0,10.0,64.11,4.535923700000001,Beef & buffalo meat
1,CRANBERRY DRIED CRAISINS,2.0,20.0,62.9,9.0718474,Fruits (misc.)
16,PASTA ORZO,2.0,32.0,62.9,14.51495584,"Wheat/Rye (Bread, pasta, baked goods)"
12,TOFU FIRM SILKEN,2.0,18.5,62.88,8.391458845,Soybeans/Tofu
12,PALM HEART,1.0,21.0,61.85,9.52543977,Vegetables (misc.)
2,HAM PROSCIUTTO COLOSS DOM TRIM,1.0,8.66,60.39,3.9281099242,Pork (pig meat)
3,ALMOND NATURAL SLICED,1.0,6.0,59.94,2.72155422,Tree nuts and seeds
1,CAKE POUND SLI BAN NUT,3.0,12.75,59.58,5.783302717500001,"Wheat/Rye (Bread, pasta, baked goods)"
120,CHIP POTATO REGULAR INDIV,2.0,7.5,57.84,3.401942775,"Wheat/Rye (Bread, pasta, baked goods)"
3,CHEESE CUBE CHDR/SWISS/PEP JCK,1.0,15.0,57.79,6.80388555,Cheese
6,SAUCE PIZZA PREPARED CA,1.0,39.75,57.75,18.0302967075,Vegetable oils
2,CREAM CREME FRAICHE,1.0,9.5,57.41,4.309127515,Cream
120,APTZR POTSTICKER CHICKEN,1.0,8.0,56.98,3.62873896,"Poultry (chicken, turkey)"
6,BUN PLAIN BAO FLD BTRFLY SHPD,1.0,8.0,56.63,3.62873896,"Wheat/Rye (Bread, pasta, baked goods)"
2,CHEESE BRIE PLAIN 60% DOMSTC,2.0,8.0,56.26,3.62873896,Cheese
12,SAUCE WORCESTERSHIRE BTL,1.0,9.008,55.9,4.0859600689599995,Vegetable oils
24,WATER SPARKLING LMN,3.0,54.0,55.78,24.49398798,Citrus Fruit
6,MILK SOY PLAIN 64OZ,2.0,48.0,55.76,21.77243376,Soy milk
6,CHEESE RICOTTA OLD FASHND,1.0,18.0,55.21,8.164662660000001,Cheese
12,YOGURT COCONUT GREEK BLNDED,3.0,11.925,54.09,5.409089012250001,Yogurt
2,SALSA PICO DE GALLO,2.0,20.0,53.82,9.0718474,Stimulants
4,PLANTAIN FROZEN RIPE SLICES,1.0,24.0,53.7,10.88621688,Bananas
1,BANANA FRESH RIPE/READY,2.0,82.134,53.5,37.25535571758,Bananas
10,POWDER WASABI,0.0,8.8,53.4,3.9916128560000006,Vegetables (misc.)
4,PEPPER CHERRY HOT WHOLE,1.0,30.85,52.83,13.9933246145,Fruits (misc.)
4,GARLIC PEELED FRESH,0.0,10.0,52.63,4.535923700000001,Stimulants & Spices (misc.)
2,CHEESE ASIAGO SHRD 6MO USA,1.0,9.5,52.62,4.309127515,Cheese
6,TEA BAG AWAKE ENG BRKFST ORGNC,2.0,1.08,50.18,0.4898797596000001,Stimulants
6,TEA BAG ZEN ORG,2.0,0.92,50.18,0.4173049804,Stimulants
6,TEA EARLGREY ORGANIC,2.0,1.032,50.18,0.46810732584,Stimulants
6,TEA GREEN GINGER ORGANIC,2.0,0.926,50.18,0.42002653462,Stimulants
6,TEA HERBAL CALM ORGANIC,2.0,1.34,50.18,0.6078137758000001,Stimulants
6,TEA MINT REFRESH ORGANIC,2.0,1.34,50.18,0.6078137758000001,Stimulants
6,TEA SWEET ORANGE WILD SWEET,2.0,1.19,50.18,0.5397749203,Citrus Fruit
2,CHEESE VEGAN MOZZ SHRED,1.0,10.0,49.94,4.535923700000001,Soybeans/Tofu
2,CHICKEN TNDR BRD GF HALAL,1.0,10.0,49.75,4.535923700000001,"Poultry (chicken, turkey)"
12,CORN WHL KERNEL GR A P,1.0,30.0,49.32,13.6077711,Corn (Maize)
2,CHICKEN WING BNLS HMSTYL PCK,1.0,10.0,49.0,4.535923700000001,"Poultry (chicken, turkey)"
6,MILK ALMOND ESL,2.0,51.02,48.98,23.142282717400004,Almond milk
24,GINGER PICKLED PINK SUSHI,1.0,10.0,48.94,4.535923700000001,Rice
4,CHEESE CHEDDAR SHARP SLICE WHT,1.0,10.0,48.59,4.535923700000001,Cheese
1,FENNEL ANISE BUNCH FRSH,2.0,22.0,47.84,9.97903214,"Wheat/Rye (Bread, pasta, baked goods)"
1,CABBAGE NAPA CHINESE FRESH,1.0,30.0,47.57,13.6077711,Cabbages and other Brassicas (Broccoli)
4,CHEESE CREAM WHPD TUB SPREAD,1.0,12.0,47.28,5.4431084400000005,Cheese
8,CHEESE CHDR MLD SLI INT .75 YL,1.0,12.0,46.61,5.4431084400000005,Cheese
12,SAUCE CHILI SRIRACHA CHA,1.0,14.0,46.3,6.35029318,Vegetable oils
4,CELERY STICK FRESH,1.0,20.0,46.09,9.0718474,Other vegetables
10,MANDARIN FRESH EASY PEEL,1.0,30.0,46.03,13.6077711,Citrus Fruit
1,BROCCOLI RABE RAPINI FRSH,1.0,20.0,45.63,9.0718474,Cabbages and other Brassicas (Broccoli)
1,ASPARAGUS FRESH LARGE,1.0,11.0,44.77,4.9895160700000005,Other vegetables
24,WATER SPARKLING MANGO,3.0,60.0,44.58,27.2155422,Fruits (misc.)
24,WATER SPARKLING ORG,3.0,60.0,44.58,27.2155422,Uncategorized
24,WATER SPARKLING PASSIONFRUIT,3.0,60.0,44.58,27.2155422,Fruits (misc.)
24,WATER SPARKLING PEACH PEAR,3.0,60.0,44.58,27.2155422,Fruits (misc.)
24,WATER SPARKLING BERRY,3.0,54.0,44.58,24.49398798,Berries
24,WATER SPARKLING CRAN RASP,3.0,60.0,44.58,27.2155422,Berries
24,WATER SPARKLING GUAVA,3.0,60.0,44.58,27.2155422,Fruits (misc.)
4,DRESSING BLUE CHEESE CHNKY PRM,0.0,15.6,43.94,7.076040972,Cheese
12,BREAD PITA PLAIN 2 OZ 6 IN,1.0,9.0,43.45,4.082331330000001,"Wheat/Rye (Bread, pasta, baked goods)"
2,TOMATO DICED 3/8IN TRAY,2.0,20.0,41.84,9.0718474,Tomatoes
200,JELLY ASSORTED #3 CUP,2.0,12.5,41.78,5.669904625,Sugars and sweeteners
1,PEPPER BELL RED HOT HSE,1.0,25.0,41.72,11.33980925,Stimulants & Spices (misc.)
6,ONION GRILLED CARAMELIZED,1.0,12.0,40.99,5.4431084400000005,Onions and Leeks
1,LIME FLORIDA FRESH,2.0,20.0,40.35,9.0718474,Citrus Fruit
2,CHICKEN WING BNLS BRD NO/PEPPR,1.0,10.0,40.11,4.535923700000001,"Poultry (chicken, turkey)"
6,TOMATO WHOLE PEELD PLM NTRL,1.0,45.0,40.0,20.41165665,Tomatoes
6,MILK ORIGINAL OAT,2.0,43.92,39.82,19.9217768904,Oat milk
12,SAUCE TABASCO HOT,1.0,3.8,39.65,1.723651006,Vegetable oils
4,GUACAMOLE FRESH ORIG BLEND HPP,1.0,8.0,39.45,3.62873896,Fruits (misc.)
6,YOGURT VANILLA PARFAIT POUCH,1.0,24.0,39.04,10.88621688,Yogurt
6,BEAN BLACK FRESH READY TO EAT,1.0,24.0,38.77,10.88621688,Beans and pulses (dried)
2,MANGO CUBED,1.0,10.0,38.56,4.535923700000001,Fruits (misc.)
200,JELLY ASST CUP  GRAP SB MIXFRT,2.0,13.4,38.26,6.078137758,Sugars and sweeteners
1,EGG HARDBOILED WHL PEEL SEL,1.0,10.0,38.1,4.535923700000001,Eggs
1,BASIL FRESH,2.0,4.0,37.36,1.81436948,Stimulants & Spices (misc.)
1,LEMON CHOICE FRESH,1.0,40.0,36.97,18.1436948,Citrus Fruit
2,CHEESE FETA CRUMBLED,1.0,10.0,36.76,4.535923700000001,Cheese
12,YOGURT BLACK CHERRY GREEK NF,2.0,9.0,36.06,4.082331330000001,Yogurt
12,YOGURT MANGO GREEK 2%,2.0,8.0,36.06,3.62873896,Yogurt
4,CILANTRO CLEAN WASH FRESH HERB,1.0,7.05,34.98,3.1978262085,Stimulants & Spices (misc.)
2,CHEESE MOZZ FRSH CILIEGN 1/3OZ,1.0,6.0,32.7,2.72155422,Cheese
1,SQUASH ZUCCHINI MEDIUM FRESH,1.0,20.0,32.59,9.0718474,Other vegetables
1,SQUASH YELLOW S/N MEDIUM FRESH,1.0,24.0,32.47,10.88621688,Fruits (misc.)
4,GIARDINIERA GREEK,1.0,32.0,31.56,14.51495584,Other vegetables
2,CHICKEN WING BNLS BRD,1.0,10.0,30.23,4.535923700000001,"Poultry (chicken, turkey)"
4,SPINACH CLIPPED FRESH,1.0,10.0,30.18,4.535923700000001,Cabbages and other Brassicas (Broccoli)
24,WATER SPARKLING LIME,2.0,36.0,29.72,16.329325320000002,Citrus Fruit
8,LETTUCE BABY GEM,1.0,10.0,28.92,4.535923700000001,Cabbages and other Brassicas (Broccoli)
2,CHEESE FETA PAIL,0.0,8.0,27.62,3.62873896,Cheese
1,MUSHROOM LARGE FRESH,1.0,10.0,25.86,4.535923700000001,Vegetables (misc.)
6,CHEESE MOZZ FRSH SLI THIN,1.0,6.0,25.62,2.72155422,Cheese
4,LETTUCE SHREDDED 1/8 IN FRESH,1.0,20.0,25.33,9.0718474,Cabbages and other Brassicas (Broccoli)
200,SAUCE SOY PACKET,2.0,8.0,25.08,3.62873896,Vegetable oils
6,JUICE LEMON PSTRZD ULTRA PREM,1.0,13.0,24.61,5.8967008100000005,Citrus Fruit
6,JUICE LIME PSTRZD ULTRA PREM,1.0,13.0,24.07,5.8967008100000005,Citrus Fruit
1,ONION RED MEDIUM BOX,1.0,25.0,24.05,11.33980925,Onions and Leeks
4,PARSLEY CLN/WASH FRESH HERB,0.0,4.0,23.6,1.81436948,Grains/cereals (except rice)
1,LETTUCE RADICCHIO FRESH,1.0,6.0,23.22,2.72155422,Cabbages and other Brassicas (Broccoli)
1,POTATO SWEET JUMBO,1.0,40.0,22.82,18.1436948,Cassava and Other Roots
4,SAUCE HORSERADISH,0.0,8.0,21.95,3.62873896,Root Vegetables
6,GLAZE BALSAMIC,1.0,4.9,21.73,2.2226026130000003,Stimulants
4,SHALLOT PEELED FRESH,0.0,4.0,21.59,1.81436948,Onions and Leeks
1,POTATO BAKING IDAHO 90CT FRSH,1.0,50.0,21.34,22.6796185,Potatoes
1,ONION YELLOW JUMBO BAG,1.0,50.0,21.2,22.6796185,Onions and Leeks
1,CAKE POUND SLI LMN,1.0,4.25,20.72,1.9277675725,"Wheat/Rye (Bread, pasta, baked goods)"
1,PEAR FRESH,1.0,5.0,20.48,2.2679618500000003,Fruits (misc.)
12,BUTTERMILK 1.5%,1.0,26.0,19.91,11.79340162,Yogurt
4,CHEESE SWISS FEATHER SHRED,0.0,5.0,19.86,2.2679618500000003,Cheese
1,CARROT BABY PLD 1 TOP,1.0,5.0,19.83,2.2679618500000003,Root Vegetables
1,SPICE PEPPER RED CRUSHED,0.0,0.666,19.75,0.30209251842,Stimulants & Spices (misc.)
1,ROSEMARY FRESH,1.0,2.0,19.54,0.90718474,Vegetables (misc.)
1,GINGER ROOT FRESH,1.0,5.0,19.08,2.2679618500000003,Roots and Tubers
12,YOGURT PEACH GREEK NONFAT,1.0,4.0,18.03,1.81436948,Yogurt
12,YOGURT POMEGRANATE GREEK NF,1.0,4.5,18.03,2.0411656650000003,Yogurt
12,YOGURT RASPBERRY GREEK NF,1.0,4.5,18.03,2.0411656650000003,Yogurt
4,HORSERADISH WHITE PRPD,0.0,8.0,17.98,3.62873896,Root Vegetables
1,CARROT STK ST 3/8X4 STACK,1.0,5.0,17.87,2.2679618500000003,Root Vegetables
1,RADISH RED FRSH,1.0,5.0,16.76,2.2679618500000003,Root Vegetables
3,LETTUCE MIX TUSCAN BABY KALE,1.0,3.0,16.47,1.36077711,Cabbages and other Brassicas (Broccoli)
4,SAUCE COCKTAIL RTU,0.0,8.0,16.07,3.62873896,Vegetable oils
24,WATER SPARKLING KEY LIME CAN,1.0,18.0,14.86,8.164662660000001,Citrus Fruit
24,WATER SPARKLING TANGERINE CAN,1.0,18.0,14.86,8.164662660000001,Uncategorized
1,CHIVE FRESH HERB,1.0,0.35,13.68,0.1587573295,Other vegetables
1,OREGANO FRESH HERB,2.0,0.5,13.1,0.226796185,Stimulants & Spices (misc.)
1,DILL BABY FRESH HERB,2.0,0.5,12.06,0.226796185,Stimulants & Spices (misc.)
1,THYME FRESH HERB,2.0,0.5,12.06,0.226796185,Vegetables (misc.)
1,HONEYCOMB WHOLE SQUARE,1.0,1.13,11.73,0.5125593781,Sugars and sweeteners
1,BASIL FRESH HERB,1.0,1.0,11.03,0.45359237,Stimulants & Spices (misc.)
6,SPICE CHILI POWDER LT,0.0,1.016,6.38,0.46084984792,Stimulants
1,KIWI FRUIT SLICES,0.0,0.0,0.0,0.0,Fruits (misc.)
1,MANGO HALF IQF,0.0,0.0,0.0,0.0,Fruits (misc.)
1,CELERY ROOT FRSH,0.0,0.0,0.0,0.0,Other vegetables
30,BEEF PATTY RR HALAL 75/25 FRZ,350.0,3500.0,18021.5,1587.573295,Beef & buffalo meat
2,CHICKEN WING BNLS HMSTYL PCK,218.0,2180.0,10684.76,988.8313666,"Poultry (chicken, turkey)"
1,SALAD FRUIT NO ORANGES,120.0,2880.0,9381.6,1306.3460256,Fruits (misc.)
3,CHICKEN WING BRD PCK CRISPY,167.0,2505.0,9361.29,1136.24888685,"Poultry (chicken, turkey)"
8,BUN HAMBURGER WHT S/TP 4IN SLI,211.0,3798.0,9356.34,1722.74382126,Pork (pig meat)
6,CHEESE STICK MOZZ WG,65.0,1950.0,7245.55,884.5051215000001,Cheese
40,CHICKEN BRST BRD PCK NAE,158.0,1580.0,7160.56,716.6759446,"Poultry (chicken, turkey)"
40,WATER BOTTLED SPRING,441.0,20109.6,6447.42,9121.561123752,Uncategorized
2,EGG LIQ WHL CAGE FREE W/CITRIC,33.0,1320.0,5980.09,598.7419284,Eggs
6,POTATO FRY KK 3/8 COAT XL,83.0,2490.0,5819.73,1129.4450013,Oats (Oatmeal)
2,CHICKEN NUG CKD BRD DINO,150.0,1500.0,5535.0,680.388555,"Poultry (chicken, turkey)"
2,CHICKEN TNDR BRD PCK,102.0,1020.0,4277.88,462.6642174,"Poultry (chicken, turkey)"
1,SHORTENING FRY CANOLA CLR ZTF,126.0,4410.0,4071.2,2000.3423517,Rapeseed/canola (Oil)
72,SANDWICH PEANUT BTR&GRAPE WHET,59.0,690.3,3900.49,313.11481301099997,Peas
2,CHICKEN MEAT DICED WHT LSOD,78.0,780.0,3761.2,353.80204860000003,Lamb/mutton & goat meat
4,JUICE LEMONADE READY TO USE,107.0,3745.0,3698.99,1698.70342565,Citrus Fruit
6,ONION RING BEER BATTER 5/8,59.0,870.25,3695.35,394.7387599925,Onions and Leeks
2,CHICKEN BRST NUG TEMPURA BTR,137.0,1370.0,3559.26,621.4215469000001,"Poultry (chicken, turkey)"
12,GUACAMOLE SOUTHWESTERN HPP FRZ,58.0,696.0,3550.26,315.70028952,Fruits (misc.)
6,POTATO FRY SKON WAFFLE MILD,60.0,1620.0,3446.4,734.8196394,"Wheat/Rye (Bread, pasta, baked goods)"
2,ICE CREAM MIX SFTSR VAN 10%,51.0,2130.984,3104.96,966.59808299208,Ice cream
6,APTZR CHEESE MAC WEDGES BTR,29.0,522.0,3062.28,236.77521714,Cheese
1,EGG SHELL XLRG GRD AA USDA WHT,22.0,555.5,3058.79,251.970561535,Eggs
4,CHEESE CHEDDR JACK FANCY SHRED,50.0,1000.0,3031.75,453.59237,Cheese
40,BURGER VEG BEYOND PATTY,29.0,290.0,2667.5,131.5417873,"Wheat/Rye (Bread, pasta, baked goods)"
6,POTATO FRY SKON COIL 1/4 SPCY,52.0,1560.0,2648.69,707.6040972000001,Potatoes
6,POTATO FRY 3/8 LONG SPCY,43.0,1290.0,2607.49,585.1341573000001,Potatoes
1,CANDY M&M PLAIN BULK,23.0,565.8,2492.74,256.642562946,Sugars and sweeteners
6,MIX SMOOTHIE STRWBRY BAN SHLF,22.0,660.0,2366.1,299.3709642,Fruits (misc.)
60,POPCORN PLAIN 100 CALORIE BAG,30.0,120.0,2162.4,54.4310844,Corn (Maize)
24,SODA COKE DIET,97.0,1722.961,2153.4,781.5219634075701,Stimulants
2,ICE CREAM MIX 10% CHOC SFT SRV,32.0,1468.8,2034.36,666.236473056,Ice cream
6,POTATO FRY SWEET KK 7/16,45.0,675.0,1978.35,306.17484975,Potatoes
6,MIX SMOOTHIE MANGO SHL STABLE,18.0,540.0,1935.9,244.9398798,Fruits (misc.)
6,POTATO FRY WDG SKON SRCRM CHV,30.0,900.0,1921.8,408.233133,Potatoes
60,CHIP POTATO VARIETY KETTLE STY,46.0,239.2,1913.6,108.499294904,"Wheat/Rye (Bread, pasta, baked goods)"
60,CEREAL ASSORTED PACK  CUP,24.0,161.04,1879.92,73.04651526480001,Grains/cereals (except rice)
1,TOMATO BULK RNDM SZ,78.0,1950.0,1813.47,884.5051215000001,Tomatoes
30,KETCHUP SQUEEZE UPSIDE DOWN,27.0,1012.5,1774.44,459.262274625,Tomatoes
60,COOKIE MILANO,37.0,139.305,1743.07,63.18768510285,"Wheat/Rye (Bread, pasta, baked goods)"
3,SPRINGROLL VEGETABLE,21.0,189.0,1682.88,85.72895793,Legumes (misc.)
40,TURKEY BURGER SAVORY WHITE,34.0,453.22,1638.07,205.57713393140003,"Poultry (chicken, turkey)"
4,COOKIE CRUMB OREO MED CRUNCH,30.0,300.0,1621.5,136.077711,"Wheat/Rye (Bread, pasta, baked goods)"
24,JUICE ORANGE PET,53.0,795.0,1618.8,360.60593415,Citrus Fruit
24,SODA COKE ZERO CANS SUITECASE,72.0,1365.12,1598.4,619.2080161343999,Stimulants
24,SODA COCA COLA CLS,71.0,1420.0,1576.2,644.1011654,Stimulants
6,CHEESE STICK MOZZ BTRD 2.75,16.0,223.2,1561.76,101.241816984,Cheese
6,SAUCE MARINARA NO SALT ADD CA,23.0,897.0,1513.66,406.87235589,Vegetable oils
24,SODA SPRITE CANS,68.0,1224.0,1493.96,555.19706088,Stimulants
60,CEREAL ASSORTED CLASSIC PK CP,18.0,162.0,1471.14,73.48196394,Grains/cereals (except rice)
24,MILK WHL BTL ESL,69.0,890.1,1466.46,403.742568537,Milk (cow's milk)
24,JUICE CRNBRY CKTAIL,57.0,855.0,1452.3,387.82147635,Citrus Fruit
12,YOGURT STRAWBERRY GREEK,148.0,444.0,1345.32,201.39501228,Yogurt
4,CHEESE AMER 160 SLI YEL,21.0,420.0,1335.85,190.5087954,Cheese
12,YOGURT BLUEBERRY GREEK,142.0,426.0,1290.78,193.23034962,Yogurt
4,CREAM SOUR CULTRD GRADE A,29.0,580.0,1270.11,263.0835746,Cream
1,CHIP VARIETY FRITO LAY,30.0,196.8,1253.7,89.26697841600001,"Wheat/Rye (Bread, pasta, baked goods)"
12,YOGURT VANILLA GREEK NONFAT,134.0,402.0,1224.76,182.34413274,Yogurt
2,BACON BIT REAL CKD FINE GF,16.0,160.0,1220.51,72.57477920000001,Pork (pig meat)
120,COOKIE SANDWICH OREO 1.59 OZ,22.0,261.36,1206.92,118.5509018232,"Wheat/Rye (Bread, pasta, baked goods)"
24,TORTILLA FLOUR 6IN,50.0,1200.0,1205.6,544.310844,Grains/cereals (except rice)
8,BEVERAGE MIX FROTHY ALEGRIA,6.0,96.0,1167.96,43.54486752,Uncategorized
6,POTATO FRY STEAK,30.0,900.0,1146.08,408.233133,Potatoes
24,ICE CREAM SNDW COOKIES N CRM,32.0,142.08,1127.36,64.44640392960001,Ice cream
1,COFFEE COLD BREW BIB,23.0,274.62,1096.41,124.5655366494,Coffee
24,SODA GINGER ALE CUBE,69.0,1438.65,1065.36,652.5606631005,Stimulants
4,COFFEE FRZDRY ALEGRIA DELICATE,9.0,19.8,1065.15,8.981128926,Coffee
4,CELERY STICK FRESH,22.0,440.0,1009.15,199.5806428,Other vegetables
12,CREAM HEAVY WHIPPING 36% ESL,14.0,359.24,988.69,162.9485229988,Cream
108,SNACK BAR GRANOLA OAT&HNY 2PK,11.0,142.01,986.81,64.4146524637,Oats (Oatmeal)
24,MUFFIN ASST BL/BN/CHC/CHS I/W,31.0,197.47,963.65,89.5708853039,"Wheat/Rye (Bread, pasta, baked goods)"
4,SALSA CHUNKY MILD AUTHENTIC,12.0,405.0,961.44,183.70490985,Stimulants
4,LETTUCE SHREDDED 1/8 IN FRESH,38.0,760.0,951.05,344.7302012,Cabbages and other Brassicas (Broccoli)
54,WAFFLE MAPLE LIEGE EGGO,22.0,144.1,950.62,65.362660517,Eggs
4,CHICKEN CVP BRST B/S 4OZ NAE,11.0,220.0,938.2,99.7903214,"Poultry (chicken, turkey)"
2,BEEF ROAST POT SHLDR CLOD CH20,5.0,122.35,909.06,55.4970264695,Beef & buffalo meat
60,COOKIE MINI CHIPS AHOY,26.0,195.0,901.68,88.45051215000001,"Wheat/Rye (Bread, pasta, baked goods)"
2,MAYONNAISE POUCH DISPENSER,11.0,264.0,901.23,119.74838568,Vegetable oils
2,CHICKEN TNDR BRD FC NAE,20.0,200.0,901.0,90.718474,"Poultry (chicken, turkey)"
60,CRACKER CHEEZITS ORIG SNACK,25.0,140.0,900.3,63.502931800000006,"Wheat/Rye (Bread, pasta, baked goods)"
64,CHIP MULTIGRAIN GRDN SALSA LSS,20.0,120.0,881.8,54.4310844,Grains/cereals (except rice)
64,SNACK CHEESE CRNCHY JALA CHEDR,20.0,160.0,881.8,72.57477920000001,Cheese
72,CROISSANT BUTTER CURVED BAKED,13.0,117.0,867.44,53.07030729,Butter
6,PAN COATING BUTR SPRAY,24.0,152.88,851.52,69.3452015256,Vegetable oils
2,SAUCE BBQ ORIG DISP PK,13.0,317.46,825.11,143.9974337802,Vegetable oils
24,MILK SKIM BTL ESL,40.0,522.0,811.95,236.77521714,Milk (cow's milk)
2,DRESSING HONEY MUST DSPNSR PAK,17.0,412.25,808.35,186.9934545325,Vegetable oils
24,CEREAL HOT OATMEAL APPLE CINN,22.0,56.892,794.62,25.80577711404,Grains/cereals (except rice)
48,CRACKER RITZ BIT SND W/CHS T/P,25.0,75.0,787.5,34.01942775,"Wheat/Rye (Bread, pasta, baked goods)"
2,EGG WHOLE W/CITRIC ACID CF,6.0,240.0,783.96,108.8621688,Eggs
4,DIP HUMMUS TRADITIONAL,17.0,255.0,782.17,115.66605435,Vegetable oils
72,CRACKER GOLDFISH CHDR CHS,24.0,117.6,772.8,53.342462712,Fish (finfish)
24,ICE CREAM BAR NESTLE CRUN,23.0,103.5,764.29,46.946810295,Ice cream
6,SAUCE CHEESE AGED CHED ZTF,10.0,400.8,745.28,181.79982189600003,Cheese
24,SNACK CHEESE JUMBO PUFFS XVL,24.0,76.488,743.52,34.69437319656,Cheese
6,MIX PANCAKE BTRMLK COMPLT,18.0,540.0,739.8,244.9398798,"Wheat/Rye (Bread, pasta, baked goods)"
2,SALSA PICO DE GALLO,27.0,270.0,733.71,122.4699399,Stimulants
4,JUICE APPLE CONC DISP 6X1,4.0,128.0,719.08,58.05982336,Apples
1,BEEF ROAST TOP RND C\O CH RAR,6.0,88.44,714.51,40.1157092028,Beef & buffalo meat
24,NOODLE CHICKEN TOP RAMEN,30.0,120.0,711.6,54.4310844,"Poultry (chicken, turkey)"
1,SALMON FIL BAY OF FUNDY SKLS,5.0,55.0,711.48,24.947580350000003,Fish (finfish)
16,CHICKEN CVP 8PC CUT TR HAL,7.0,338.25,699.5,153.4276191525,"Poultry (chicken, turkey)"
3,KETCHUP FANCY POUCH DSPNSR,15.0,660.0,697.05,299.3709642,Tomatoes
30,CHEESE BABYBEL ORIGINAL,41.0,54.12,695.36,24.5484190644,Cheese
6,COCOA MIX ALEGRIA,7.0,73.5,691.67,33.339039195000005,Tree nuts and seeds
24,CEREAL OATMEAL MAPLE BRN SUG,19.0,54.834,690.84,24.872284016580004,Grains/cereals (except rice)
4,CHICKEN CVP BRST RAND HALAL,8.0,320.0,677.44,145.14955840000002,"Poultry (chicken, turkey)"
1,TOMATO GRAPE FRSH,35.0,350.0,676.94,158.7573295,Tomatoes
2,CHEESECAKE CKIE &CRM OREOS 14S,8.0,80.0,671.84,36.2873896,Cheese
72,SNACK TRAIL MIX NUT & CHOC,11.0,99.0,663.19,44.905644630000005,Tree nuts and seeds
6,CANDY GUMMY GOLD BEARS,6.0,180.0,662.1,81.6466266,Sugars and sweeteners
1,TILAPIA FIL BTRD PUBHSE 3 OZ.,11.0,110.0,660.11,49.895160700000005,Fish (finfish)
6,EGG SCRAMBLE MIX BNB,8.0,240.0,621.9,108.8621688,Eggs
600,CAKE FUNNEL FRIES,10.0,80.0,620.6,36.2873896,"Wheat/Rye (Bread, pasta, baked goods)"
72,SNACK TRAIL MIX FRUIT & NUT,10.0,90.0,620.2,40.8233133,Tree nuts and seeds
24,JUICE GRAPE 100% PLAS,24.0,360.0,597.84,163.2932532,Citrus Fruit
2,PETIT FOUR ASST,8.0,38.0,596.8,17.23651006,Sugars and sweeteners
1,EGG SHELL LARGE GR AA USDA WHT,4.0,100.0,593.96,45.359237,Eggs
4,FRANK ALL-BEEF 4X1 6,5.0,100.0,592.85,45.359237,Beef & buffalo meat
1,ORANGE FANCY FRESH,17.0,680.0,580.82,308.4428116,Citrus Fruit
1,EGG SHELL XL WHT USDA AA,2.0,100.0,575.66,45.359237,Eggs
48,JUICE PNAPL NOT FRM CONC 100%,18.0,309.6,575.46,140.432197752,Fruits (misc.)
12,PORK RIB ST LOUIS 2.25-2.5# FZ,6.0,162.36,574.43,73.64525719320001,Pork (pig meat)
64,POPCORN CHEDDAR WHT LSS,13.0,52.0,573.17,23.58680324,Corn (Maize)
64,CHIP TORTILLA FLAMIN HOT,13.0,91.0,573.17,41.276905670000005,"Wheat/Rye (Bread, pasta, baked goods)"
48,PATTY VEG BLK BN CHIPOTL VEGAN,7.0,89.25,566.65,40.4831190225,Legumes (misc.)
4,JUICE APPLE BOX 100% 6.75OZ,33.0,484.77,560.67,219.8879732049,Apples
24,MILK CHOC 1% BTL ESL,27.0,324.0,556.47,146.96392788,Milk (cow's milk)
12,YOGURT PLAIN LO FAT,51.0,226.95,551.82,102.9427883715,Yogurt
2,CHEESECAKE WHT CHOC RASP 14CT,6.0,60.0,551.46,27.2155422,Cheese
6,POTATO FRY 1/4 SS ULTIMATE CSP,11.0,297.0,546.92,134.71693389,Potatoes
4,STEAK BEEF SHAVED XLEAN,0.0,90.0,543.06,40.8233133,Beef & buffalo meat
4,LETTUCE FRESH TENDER GREENS,14.0,168.0,541.08,76.20351816,Cabbages and other Brassicas (Broccoli)
4,BEEF FAJ STRIP RAW MAR SW FRZ,4.0,80.0,540.48,36.2873896,Beef & buffalo meat
2,CORN DOG CHKN MINI HNY BTR .67,16.0,160.0,538.88,72.57477920000001,"Poultry (chicken, turkey)"
6,PLANTBASED BEEF GROUND,5.0,60.0,536.15,27.2155422,Legumes (misc.)
6,COFFEE CAPP FRCH VAN,7.0,84.0,536.13,38.10175908,Coffee
2,CREAMER HALF & HALF SHELF STAB,9.0,216.0,527.86,97.97595192,Milk (cow's milk)
2,TURKEY BRST SMOKED SKON,6.0,114.9,524.4,52.117763313000005,"Poultry (chicken, turkey)"
72,POP TART STWBRY FRSTD POUCH,8.0,80.0,518.0,36.2873896,Berries
24,DRINK FRUIT PUNCH LOOSE PK,32.0,617.6,517.44,280.138647712,Fruits (misc.)
3,SALAD MACARONI ELBOW,10.0,240.0,515.9,108.8621688,Vegetables (misc.)
2,CHICKEN POPCORN FRTR ORIG,13.0,130.0,509.12,58.9670081,"Poultry (chicken, turkey)"
4,CARROT BABY CUT PLD,18.0,311.4,500.23,141.248664018,Root Vegetables
4,SYRUP PANCAKE AND WAFFLE,10.0,460.0,499.4,208.6524902,Sugars and sweeteners
2,BACON PRECOOKED REGULAR SLICE,9.0,36.9,499.14,16.737558453000002,Pork (pig meat)
6,CHIP PITA SIMPLY NAKED,15.0,90.0,495.87,40.8233133,"Wheat/Rye (Bread, pasta, baked goods)"
1,CATFISH FIL IQF 5-7 OZ,7.0,105.0,495.81,47.62719885,Fish (finfish)
1,MUSHROOM SLCD FRESH,21.0,210.0,484.29,95.2543977,Vegetables (misc.)
1,SPINACH BABY FRSH,25.0,100.0,477.63,45.359237,Cabbages and other Brassicas (Broccoli)
24,ICE CREAM BAR STRAWBRY SHRTCK,16.0,73.76,477.43,33.4569732112,Ice cream
48,ICE CREAM SANDWICH VAN,17.0,120.785,475.79,54.78715441045,Ice cream
64,CHIP TORTILLA SPCY SWEET CHILI,10.0,70.0,440.9,31.751465900000003,"Wheat/Rye (Bread, pasta, baked goods)"
72,POP TART S MORES,7.0,115.5,438.06,52.389918735,Sugars and sweeteners
72,POP TART BRN SUGAR CINN FRSTD,7.0,70.0,436.24,31.751465900000003,Sugars and sweeteners
1,SALMON BURGER ALASKAN 5 OZ,5.0,50.0,424.05,22.6796185,Fish (finfish)
1,EGG SHELL LG WHT PASTEURIZED,5.0,120.0,422.9,54.4310844,Eggs
6,CLEANER GRL AND PANINI HGH TMP,4.0,64.8,421.24,29.392785576,Uncategorized
1,PLANTBASED MEATBALL VEGAN,7.0,70.0,418.32,31.751465900000003,Legumes (misc.)
2,ICE CREAM BAR CRUNCH,15.0,120.0,416.1,54.4310844,Ice cream
1,CHOCOLATE CHIP SEMI REAL 4000,4.0,96.0,407.64,43.54486752,"Wheat/Rye (Bread, pasta, baked goods)"
6,PICKLE SLI DILL KO THICK FP,8.0,297.0,398.8,134.71693389,Stimulants
64,SNACK CHEESE CRNCH BG GRB LSS,9.0,72.0,396.81,32.658650640000005,Cheese
1,APPLE GLDN DEL X-FANCY FRESH,8.0,320.0,394.64,145.14955840000002,Apples
120,SNACK BAR GRANOLA CHOC CHIP,6.0,45.0,391.2,20.41165665,Oats (Oatmeal)
2,MEATBALL BEEF ITAL STYLE 1 OZ,8.0,80.0,389.8,36.2873896,Beef & buffalo meat
4,BEEF GRND BULK 81/19 CHUB FRS,2.0,81.4,383.31,36.922418918000005,Beef & buffalo meat
4,JUICE ORANGE CONC 5X1 ORIG,2.0,64.0,379.44,29.02991168,Citrus Fruit
6,OIL OLIVE EXTRA VIRGIN FRUTATO,3.0,48.75,374.58,22.1126280375,Olives (Oil)
4,CANDY GUMMY NERD CLSTR 3OZ,4.0,36.0,373.16,16.329325320000002,Sugars and sweeteners
24,MILK ALMOND BREEZE CHOC ASPT,11.0,132.0,369.6,59.874192840000006,Almond milk
15,EGG WHL LIQ CRTN,3.0,90.0,359.64,40.8233133,Eggs
2,MANGO FRESH DICED,4.0,40.0,355.4,18.1436948,Fruits (misc.)
4,SAUCE BBQ & WING GOLDEN,5.0,195.855,353.45,88.83833362634999,Vegetable oils
48,APTZR STEAK & CHEESE ROLL,5.0,50.25,353.45,22.793016592500003,Beef & buffalo meat
2,CHEESECAKE CHOC DOUBLE GODIVA,3.0,30.0,345.66,13.6077711,Cheese
4,SHRIMP WHT P&D TLOF 51/60,7.0,70.0,343.42,31.751465900000003,Crustaceans (shrimp/prawns)
6,WRAP TORTILLA WHEAT 12 IN,8.0,132.0,342.88,59.874192840000006,"Wheat/Rye (Bread, pasta, baked goods)"
2,PEPPER GREEN DICED FRESH,11.0,110.0,342.51,49.895160700000005,Stimulants & Spices (misc.)
24,DANISH ASST IW,12.0,60.0,342.18,27.2155422,Uncategorized
1,APPLE RED DEL FANCY FRESH,10.0,400.0,336.4,181.436948,Apples
18,MILK SOY CHOC,15.0,135.0,335.1,61.23496995,Soy milk
1,CLEANER FLOOR SANI WSH N WALK,2.0,43.2,334.78,19.595190384,Uncategorized
18,MILK SOY VAN SILK ASP PRISMA,15.0,135.0,334.35,61.23496995,Soy milk
24,CAKE POUND IND WRPD,19.0,46.075,332.53,20.899268447750003,"Wheat/Rye (Bread, pasta, baked goods)"
24,ICE CREAM SNDW M&M COOKIE,10.0,40.29,330.2,18.2752365873,Ice cream
6,TEA ASST 6 FLVR,11.0,22.0,329.34,9.97903214,Stimulants
6,TEA ASST HERB 6 FLAVORS,16.0,18.08,327.2,8.2009500496,Stimulants
2,TOFU FIRM BTRD NUGGET,3.0,60.0,309.66,27.2155422,Soybeans/Tofu
24,DRINK ORANGE LOOSE PACK,19.0,370.5,307.23,168.055973085,Citrus Fruit
53,PORK RIB PTY PRE-COOKED,6.0,59.58,303.96,27.0250334046,Pork (pig meat)
6,POTATO SWEET CENTER CUT,4.0,120.0,292.5,54.4310844,Cassava and Other Roots
4,SAUCE HOT HNY WING GLZ,6.0,116.1,287.52,52.662074157,Vegetable oils
1,EGG SHELL LRG BRN A CAGE FREE,6.0,135.0,286.4,61.23496995,Eggs
1,AVOCADO HASS BRKNG #2 GUAC PAK,6.0,141.0,285.76,63.95652417,Fruits (misc.)
2,MILK 2% SHELF STABLE,7.0,168.0,284.48,76.20351816,Milk (cow's milk)
1,CANDY MINT STARLIGHT POUCH PPM,3.0,90.0,283.98,40.8233133,Sugars and sweeteners
24,WATER SPARKLING GUAVA,19.0,380.0,282.34,172.3651006,Fruits (misc.)
2,APTZR VEGETABLE SAMOSA SMALL,5.0,40.0,281.6,18.1436948,"Wheat/Rye (Bread, pasta, baked goods)"
6,YOGURT VANILLA PARFAIT POUCH,7.0,168.0,273.28,76.20351816,Yogurt
1,EGG HARDBOILED WHL PEEL SEL,3.0,75.0,272.46,34.01942775,Eggs
2,CHEESE COTTAGE SMALL CURD 4%,10.0,100.0,271.3,45.359237,Cheese
20,BREAD FRENCH LF GRLC,4.0,60.0,270.44,27.2155422,"Wheat/Rye (Bread, pasta, baked goods)"
144,SNACK BAR CHOC CHIP OATMEAL,4.0,44.64,268.68,20.2483633968,Oats (Oatmeal)
6,BEEF GRND BULK 81/19 CHUB FRS,1.0,60.4,268.48,27.396979148,Beef & buffalo meat
4,CAKE LEMON BRY CRM MASCARPONE,2.0,45.6,266.72,20.683812072,"Wheat/Rye (Bread, pasta, baked goods)"
4,MAYONNAISE XHV,5.0,155.0,263.9,70.30681735,Vegetable oils
24,PIE CRUST 9IN GLUTEN FREE,1.0,15.0,257.54,6.80388555,"Wheat/Rye (Bread, pasta, baked goods)"
96,BREAKFAST BAR CINN TST CRNCH,6.0,51.12,255.96,23.1876419544,Oats (Oatmeal)
6,VEGETABLE BLND RST PEPR ONION,7.0,105.0,255.78,47.62719885,Legumes (misc.)
4,PORK BELLY SOUS VIDE FC,3.0,43.26,255.45,19.6224059262,Pork (pig meat)
8,CHIP POTATO REG RDGD,8.0,64.0,251.92,29.02991168,"Wheat/Rye (Bread, pasta, baked goods)"
8,PORK BUTT BNLS 1/4 6-9#EA,2.0,138.0,250.75,62.59574706,Pork (pig meat)
6,CAULIFLOWER FRZN BATTERED,4.0,72.0,244.44,32.658650640000005,Cabbages and other Brassicas (Broccoli)
2,SALAD POTATO RED-SK DLX,10.0,100.0,243.9,45.359237,Vegetables (misc.)
24,NOODLE ASIAN RAMEN ORIG,6.0,31.5,242.22,14.288159655,"Wheat/Rye (Bread, pasta, baked goods)"
36,"POPCORN KIT W/CORN, SALT & OIL",7.0,126.0,241.99,57.152638620000005,Corn (Maize)
50,CHICKEN PTY JAMACN UNBKD,4.0,56.24,238.88,25.510034888800003,"Poultry (chicken, turkey)"
4,SAUCE BBQ CHIPOTLE CITRUS,3.0,125.4,238.08,56.88048319800001,Citrus Fruit
2,WATER SPARKLING BEACH PLUM,16.0,288.0,237.76,130.63460256000002,Fruits (misc.)
4,CHICKEN CVP THIGH B/S HALAL,3.0,120.0,236.4,54.4310844,"Poultry (chicken, turkey)"
6,POTATO MASHED RED/SKN RST GRLC,4.0,96.0,231.76,43.54486752,Potatoes
12,YOGURT STW/BLU BLK CHRY GREEK,15.0,59.625,229.95,27.04544506125,Yogurt
50,SAUSAGE VEGETARIAN ITAL HOT,2.0,22.0,229.48,9.97903214,Legumes (misc.)
4,SAUCE CHILI SWEET RED HOT,4.0,86.0,227.04,39.00894382,Vegetable oils
4,DRESSING MAYONNAISE VEGAN,2.0,62.08,225.38,28.1590143296,Soybeans/Tofu
400,JELLY ASST 160G/160MF/80STR,4.0,38.0,225.2,17.23651006,Sugars and sweeteners
48,BREAKFAST BAR NUTRI-GRN RASP,6.0,23.7,224.23,10.750139169,Oats (Oatmeal)
12,EGG WHITE LIQ W/TEC OPT CHOICE,3.0,72.0,224.04,32.658650640000005,Eggs
1,OAT REGULAR GLUTEN FREE,4.0,100.0,222.64,45.359237,Oats (Oatmeal)
48,BREAKFAST BAR NUTRI-GRN APPLE,6.0,30.0,222.49,13.6077711,Oats (Oatmeal)
12,CANDY GUMMY PEACHES,10.0,37.5,222.0,17.009713875,Fruits (misc.)
150,APTZR POTSTICKER EDAMAME,5.0,37.5,221.45,17.009713875,Vegetables (misc.)
4,POTATO CKD MASHED YELLOW DELUX,5.0,120.0,219.35,54.4310844,Potatoes
1,MEAT GYRO IQF SLICES,4.0,40.0,218.28,18.1436948,Lamb/mutton & goat meat
6,APPLESAUCE FANCY SWEETENED,4.0,182.4,218.28,82.73524828800001,Apples
48,BREAKFAST BAR NUTRI-GRN STWBRY,6.0,23.7,217.92,10.750139169,Oats (Oatmeal)
3,MANGO DICED,5.0,75.0,217.4,34.01942775,Fruits (misc.)
4,SAUCE WING BUFFALO RTU,3.0,106.35,217.11,48.2395485495,"Poultry (chicken, turkey)"
60,BUN BRIOCHE SANDWICH,4.0,45.0,213.92,20.41165665,"Wheat/Rye (Bread, pasta, baked goods)"
5,GREEN COLLARD CHOPPED,5.0,50.0,213.2,22.6796185,Cabbages and other Brassicas (Broccoli)
48,APTZR PIZZA PEPPERONI ROLL,3.0,30.15,212.07,13.6758099555,Pork (pig meat)
12,CANDY MINT CREME DE MENTHE,2.0,33.2,210.98,15.059266684000002,Sugars and sweeteners
1,CLEANER DEGRSR ORGFRC OASIS137,2.0,42.4,210.38,19.232316488,Uncategorized
24,WATER SPARKLING BERRY,14.0,252.0,208.04,114.30527724,Berries
24,WATER FLAVOR COCONUT CAN,14.0,252.0,208.04,114.30527724,Tree nuts and seeds
4,ONION DICED 3/8 YEL,0.0,95.0,205.33,43.09127515,Onions and Leeks
2,CHICKEN FAJ BRST STRIP CKD,4.0,40.0,204.8,18.1436948,"Poultry (chicken, turkey)"
48,ICE CREAM CHOC MARBLE CUP,8.0,57.216,199.4,25.952741041920003,Ice cream
2,ENTREE VEGETARIAN ALU CHOLE,5.0,40.0,198.85,18.1436948,Legumes (misc.)
150,APTZR POTSTICKER CH LEMONGRASS,5.0,37.5,196.45,17.009713875,Citrus Fruit
4,APTZR VEG FALAFEL BALL,4.0,64.0,196.4,29.02991168,Legumes (misc.)
6,YOGURT STRAWBERRY PARFAIT POUC,5.0,120.0,195.2,54.4310844,Yogurt
2,LAMB GROUND DOM 296 FINE,2.0,20.0,191.4,9.0718474,Lamb/mutton & goat meat
1,TOMATO BULK UTILITY FRESH,8.0,200.0,190.2,90.718474,Tomatoes
1,PUMP FOR 1L PLAS BTL WHT,10.0,5.0,189.0,2.2679618500000003,Uncategorized
1,APTZR EGGROLL SANTA FE CHKN,2.0,30.5,188.12,13.834567285,"Poultry (chicken, turkey)"
1,RICE JASMINE THAI PR GRADE,6.0,150.0,187.86,68.0388555,Rice
4,POTATO SWEET DICED 3/8 SK/OFF,5.0,100.0,185.1,45.359237,Cassava and Other Roots
2,CRANBERRY DRIED CRAISINS,9.0,54.0,184.14,24.49398798,Fruits (misc.)
6,CHEESE CREAM WHPD TUB,0.0,33.0,183.48,14.968548210000002,Cheese
6,CHIP TORTILLA YEL CORN RND,5.0,60.0,181.15,27.2155422,Corn (Maize)
2,APTZR CHICKEN CRDN BLEU MINI,4.0,40.0,180.44,18.1436948,"Poultry (chicken, turkey)"
6,ARTICHOKE HEART QUARTER,2.0,66.0,179.76,29.937096420000003,Vegetables (misc.)
24,WATER SPARKLING MANGO,12.0,240.0,178.32,108.8621688,Fruits (misc.)
1,BANANA FRESH GREEN TIP,7.0,301.0,177.03,136.53130337000002,Bananas
100,PRETZEL SOFT BAKED SUPER,4.0,64.8,176.64,29.392785576,"Wheat/Rye (Bread, pasta, baked goods)"
64,CHIP POTATO SALT & VNGR KETTLE,4.0,22.0,176.36,9.97903214,"Wheat/Rye (Bread, pasta, baked goods)"
4,SAUCE BBQ ORIGINAL,3.0,121.68,173.58,55.19311958160001,Vegetable oils
6,PRETZEL TINY TWIST BULK,11.0,66.0,173.25,29.937096420000003,"Wheat/Rye (Bread, pasta, baked goods)"
32,BREAD BOULE FRENCH MINI,4.0,56.0,171.12,25.40117272,"Wheat/Rye (Bread, pasta, baked goods)"
4,CHEESE MOZZARELLA LMPS FTHR SH,1.0,55.0,170.87,24.947580350000003,Cheese
96,BREAKFAST BAR COCOA PUFFS,4.0,34.08,170.64,15.4584279696,Oats (Oatmeal)
6,ONION PIECES FRENCH FRIED,3.0,25.35,169.95,11.498566579500002,"Wheat/Rye (Bread, pasta, baked goods)"
72,ICE CREAM MOCHI CKIE & CRM IW,3.0,20.46,167.31,9.280499890200002,Ice cream
6,HONEY PURE HOT CHILIES,3.0,15.0,165.09,6.80388555,Sugars and sweeteners
6,MILK COCONUT UNSWEETEND,2.0,73.5,161.33,33.339039195000005,Tree nuts and seeds
12,SAUSAGE CHORIZO BULK MEXICAN,4.0,48.0,161.32,21.77243376,Pork (pig meat)
2,APTZR FRANK PUFF PASTRY,3.0,10.2,159.18,4.626642174,Beef & buffalo meat
1,RICE PARBOILED PERFECT,4.0,203.0,158.16,92.07925111,Rice
4,GARLIC PEELED FRESH,0.0,30.0,157.89,13.6077711,Stimulants & Spices (misc.)
5,BUTTER CHIP CNTL USDA AA 59CT,2.0,34.0,156.64,15.42214058,Butter
6,DRESSING RANCH LITE ESSENTIAL,4.0,49.904,153.32,22.63607363248,Vegetable oils
1,SEED CHIA BLK ORGANC,2.0,20.0,153.06,9.0718474,Tree nuts and seeds
8,CHEESE PANEER,1.0,40.0,152.89,18.1436948,Cheese
4,SAUCE WING SPICY GARLIC BUFF,3.0,52.512,145.83,23.81904253344,Vegetable oils
4,SAUCE SESAME GARLIC,2.0,39.2,145.44,17.780820904000002,Tree nuts and seeds
1,EGG SHELL LRG WHT A CAGE FREE,3.0,67.5,144.75,30.617484975,Eggs
4,SAUCE BBQ HNY,2.0,81.12,144.4,36.7954130544,Vegetable oils
48,ICE CREAM BAR FUDGE,6.0,58.464,144.06,26.51882431968,Ice cream
2,SOUP VEGETARIAN 3 BEAN W/CHILI,3.0,48.0,143.7,21.77243376,Beans and pulses (dried)
4,NOODLE SOBA,3.0,60.0,143.67,27.2155422,"Wheat/Rye (Bread, pasta, baked goods)"
2,CHEESE SWISS SNDW CUT GRADE A,2.0,35.77,143.29,16.2249990749,Cheese
12,HAM PROSCIUTTO DOM AGED SLICED,1.0,12.0,140.98,5.4431084400000005,Pork (pig meat)
12,CREAM WHIPPED ARSL XTRA CREAMY,3.0,37.53,139.56,17.0233216461,Cream
6,MILK ORIGINAL OAT XTRA CREAMY,7.0,153.72,139.37,69.7262191164,Oat milk
4,SAUCE WING SWT TERIYAKI,3.0,62.172,137.52,28.20074482764,Vegetable oils
2,ARUGULA BABY FRESH,8.0,32.0,136.53,14.51495584,Cabbages and other Brassicas (Broccoli)
4,SAUCE WING BUFFALO,2.0,71.08,134.46,32.2413456596,"Poultry (chicken, turkey)"
1,SAUSAGE ITALIAN LINK SWEET 4X1,4.0,40.0,131.0,18.1436948,Pork (pig meat)
6,PINEAPPLE TIDBIT JCE,2.0,91.4,130.98,41.458342618,Fruits (misc.)
12,SALT KOSHER FLAKE COARSE,2.0,74.2,130.38,33.656553854,Stimulants & Spices (misc.)
60,STEAK PHILLY ORIG EGGRLL,2.0,18.65,130.0,8.4594977005,Beef & buffalo meat
4,CHERRY MARA STEM LG PLAS,1.0,37.5,129.6,17.009713875,Fruits (misc.)
1,BANANA FRESH GREEN,5.0,215.0,126.18,97.52235955,Bananas
6,FILLING PIE BLUEBERRY,1.0,21.188,126.18,9.61071513556,"Wheat/Rye (Bread, pasta, baked goods)"
4,CHEESE GRUYERE SHRED,0.0,15.0,124.38,6.80388555,Cheese
24,CHIP TORTILLA SPC SWT CHL XVL,4.0,15.2,123.92,6.894604024,"Wheat/Rye (Bread, pasta, baked goods)"
6,POTATO FRY 3/8 LONG PHANTM,2.0,60.0,122.78,27.2155422,Potatoes
6,TURKEY BREAST SLI OIL BR .75 F,2.0,24.0,121.94,10.88621688,"Poultry (chicken, turkey)"
2,PASTA MACARONI ELBOW SMOOTH,3.0,60.0,121.56,27.2155422,"Wheat/Rye (Bread, pasta, baked goods)"
50,TURNOVER BEEF JAMAICAN STYLE,2.0,28.12,118.68,12.755017444400002,Beef & buffalo meat
6,CORN YEL RSTD,3.0,45.0,117.75,20.41165665,Corn (Maize)
6,BEAN BLACK FRESH READY TO EAT,3.0,72.0,115.51,32.658650640000005,Beans and pulses (dried)
4,CHEESE MONTEREY JACK FCY SHRED,2.0,40.0,115.5,18.1436948,Cheese
24,SUGAR BROWN DARK CANE,3.0,80.85,114.45,36.6729431145,Sugars and sweeteners
24,SUGAR BROWN LIGHT CANE,3.0,80.55,114.45,36.5368654035,Sugars and sweeteners
6,PEPPER JALAPENO SLI FIELD RUN,3.0,114.75,114.09,52.049724457500005,Stimulants & Spices (misc.)
4,SAUCE BBQ KOREAN,2.0,38.914,113.98,17.651093486180002,Vegetable oils
15,EGG LIQUID WHITES CGFREE,1.0,30.0,113.75,13.6077711,Eggs
4,SYRUP GRENADINE,3.0,34.101,113.07,15.46795340937,Sugars and sweeteners
72,ICE CREAM MOCHI MANGO SWEET IW,2.0,13.64,111.54,6.1869999268,Ice cream
72,ICE CREAM MOCHI STWBR RIPE IW,2.0,13.64,111.54,6.1869999268,Ice cream
12,BUN POTATO MINI,3.0,23.4,111.33,10.614061458,"Wheat/Rye (Bread, pasta, baked goods)"
6,WRAP TORTILLA SPINACH 12 IN,4.0,66.0,111.0,29.937096420000003,"Wheat/Rye (Bread, pasta, baked goods)"
6,CHEESE QUESO BRAVO DIP BAG WHT,1.0,30.0,109.64,13.6077711,Cheese
1,BEEF BRISKET,1.0,16.957,109.47,7.691565818090001,Beef & buffalo meat
12,BUN HOT DOG POTATO IND 6,2.0,32.4,107.84,14.696392788,"Wheat/Rye (Bread, pasta, baked goods)"
12,CANDY SOUR PATCH WTRMLN FF,4.0,24.0,106.36,10.88621688,Sugars and sweeteners
2,ICE CREAM ORG DREAM BAR,5.0,39.36,106.2,17.853395683200002,Ice cream
36,EMPANADA BEEF ARGENTINIAN RAW,2.0,13.6,106.04,6.168856232,Beef & buffalo meat
6,TUNA TONGOL CHUNK IN WTR,1.0,27.95,105.2,12.6779067415,Fish (finfish)
4,SAUCE WING BOURBON,2.0,41.45,104.62,18.801403736500003,Vegetable oils
6,"VEG BLEND SWT POT,RSTD ROOTVEG",2.0,30.0,104.44,13.6077711,Legumes (misc.)
24,WATER SPARKLING PEACH PEAR,7.0,140.0,104.02,63.502931800000006,Fruits (misc.)
3,SPICE PEPPER BLK GRND,0.0,9.8,104.0,4.445205226000001,Stimulants & Spices (misc.)
1,CHICKEN MEAT PULLED WHT PCK,2.0,20.0,103.8,9.0718474,Lamb/mutton & goat meat
120,EGG PATTY BAKED PLANT BASED,1.0,15.0,103.01,6.80388555,Eggs
12,SPINACH CHOPPED IQF,2.0,48.3,101.36,21.908511471,Cabbages and other Brassicas (Broccoli)
2,CHEESE VEGAN MOZZ SHRED,2.0,20.0,99.89,9.0718474,Soybeans/Tofu
6,DRESSING BLUE CHEESE POUR BTL,2.0,24.3,99.42,11.022294591,Cheese
6,VEGETABLE BLEND CHFCUT ASIAN,2.0,48.04,99.28,21.7905774548,Legumes (misc.)
1,EGGPLANT CUTLET BRD,2.0,20.0,99.02,9.0718474,Other vegetables
4,CHEESE COTIJA POLVO,0.0,15.0,97.29,6.80388555,Cheese
4,POTATO SKIN 200 CT,2.0,34.0,95.44,15.42214058,Potatoes
12,GRAVY BROWN,2.0,72.0,93.88,32.658650640000005,Uncategorized
2,PASTA ZITI,2.0,39.4,93.06,17.871539378,"Wheat/Rye (Bread, pasta, baked goods)"
24,SYRUP CHOCOLATE SQUEEZE BOTTLE,1.0,37.0,92.31,16.78291769,Sugars and sweeteners
1,SUPPLY SOTF KITCHEN,2.0,12.0,90.3,5.4431084400000005,Uncategorized
48,BREAD NAAN TANDOORI TEARDROP,2.0,26.44,89.66,11.992982262800002,"Wheat/Rye (Bread, pasta, baked goods)"
1,TOMATILLO FRESH DEHUSKED,2.0,40.0,87.98,18.1436948,Other vegetables
5,MEAT ALTERNATE JACKFRUIT NKD,2.0,19.06,87.86,8.6454705722,Fruits (misc.)
4,NOODLE UDON JAPNSE,2.0,40.0,87.72,18.1436948,"Wheat/Rye (Bread, pasta, baked goods)"
4,CHEESE SWISS FEATHER SHRED,1.0,20.0,87.6,9.0718474,Cheese
5,PANCETTA ITAL DICED 1/4 INCH,1.0,10.0,86.91,4.535923700000001,Pork (pig meat)
12,PEPPER CHILI GREEN DICED,1.0,22.0,84.91,9.97903214,Stimulants
6,MILK SOY PLAIN 64OZ,3.0,72.0,83.64,32.658650640000005,Soy milk
1,TOPPING WHPD BASE,1.0,30.0,82.82,13.6077711,Vegetable oils
2,BEEF BACON STRIPS HALAL,1.0,10.0,81.53,4.535923700000001,Beef & buffalo meat
24,ICE CREAM DRUMSTCK VAN,2.0,10.0,81.14,4.535923700000001,Ice cream
2,PORK BUTT BURNT ENDS SEASONED,1.0,10.0,80.46,4.535923700000001,Pork (pig meat)
4,CHUTNEY TAMARIND,2.0,16.0,80.46,7.25747792,Stimulants
12,CANDY BAR KIT KAT 1.5 OZ,0.0,7.5,79.54,3.401942775,Sugars and sweeteners
48,ROLL CIABATTA PARBAKED 6X3,3.0,33.33,79.41,15.1182336921,Rice
38,CHICKEN BRST VEGTRN BREADED RW,1.0,11.875,79.2,5.38640939375,Legumes (misc.)
6,CHEESE MUENSTER RED RIND,0.0,22.97,78.5,10.4190167389,Cheese
6,YOGURT BLUBRY LF PARFAITPRO,2.0,48.0,78.08,21.77243376,Yogurt
1,SQUASH YELLOW FCY FRSH,5.0,25.0,78.05,11.33980925,Fruits (misc.)
15,SEASONING SAZON CORNDR ANNATTO,1.0,5.94,77.69,2.6943386778,Corn (Maize)
6,BEAN GARBANZO FRESH RTE,2.0,48.0,77.14,21.77243376,Beans and pulses (dried)
1,SQUASH ZUCCHINI FCY FRESH,6.0,30.0,75.61,13.6077711,Other vegetables
1,PEPPER ANCHO DRIED,1.0,5.0,74.48,2.2679618500000003,Stimulants & Spices (misc.)
4,SYRUP STRAWBERRY ROSE,2.0,22.664,73.98,10.28021747368,Sugars and sweeteners
1,CHICKEN BREAST BRD PLNT BSD,1.0,10.0,73.72,4.535923700000001,"Poultry (chicken, turkey)"
4,CEREAL GRANOLA NO NUT/RSN LFAT,1.0,12.5,73.7,5.669904625,Grains/cereals (except rice)
4,SYRUP VANILLA PL BTL NONGMO,2.0,26.18,73.64,11.8750482466,Sugars and sweeteners
6,MILK ALMOND UNSWT,3.0,75.51,73.35,34.25075985870001,Almond milk
1,MUSHROOM WILD BLND #1 SLI 3/16,3.0,9.0,73.32,4.082331330000001,Vegetables (misc.)
6,TOMATO CRUSHED JERSEY FRSH,2.0,89.0,72.02,40.36972093,Tomatoes
4,SAUCE BBQ GOLD SWEET & TANGY,1.0,37.6,71.85,17.055073112000002,Vegetable oils
4,SYRUP CANE 100% PURE,2.0,23.8,71.68,10.795498406,Sugars and sweeteners
4,SYRUP BLUE CURACAO,2.0,23.8,71.22,10.795498406,Sugars and sweeteners
1,ONION RED MEDIUM BOX,3.0,75.0,71.15,34.01942775,Onions and Leeks
6,PEPPER RED WHL FIRE RSTD,1.0,36.75,70.64,16.669519597500003,Stimulants & Spices (misc.)
200,JUICE LEMON PAC,4.0,7.04,70.44,3.1932902848,Citrus Fruit
4,CAKE RED VELVET LYR 9,1.0,13.25,70.22,6.0100989025,"Wheat/Rye (Bread, pasta, baked goods)"
4,BANANA PLANTAIN SLI SWEET,2.0,48.0,69.54,21.77243376,Bananas
6,PINEAPPLE SLI JCE,1.0,46.4,69.25,21.046685968,Fruits (misc.)
24,BUN HAMBURGER GLUTEN FREE IW,2.0,9.6,69.2,4.354486752,Pork (pig meat)
6,APTZR PICKLE CHIPS BRD,1.0,15.0,68.82,6.80388555,"Wheat/Rye (Bread, pasta, baked goods)"
1,SUGAR SUB BLUE PACKET,2.0,11.8,68.78,5.3523899660000005,Sugars and sweeteners
4,CLEANER DEGRSR GRS CTTR PLS NP,1.0,34.0,68.6,15.42214058,Uncategorized
6,BAR GRANOLA HONEY ALMOND FLAX,1.0,7.01,67.34,3.1796825137,Oats (Oatmeal)
5,CHEESE PROV SLICE,1.0,11.0,67.28,4.9895160700000005,Cheese
2,PASTA SPAGHETTI 10 IN,2.0,41.8,66.94,18.960161066,"Wheat/Rye (Bread, pasta, baked goods)"
12,BEAN LIMA BABY GR A P,1.0,30.0,66.92,13.6077711,Beans and pulses (dried)
213,DOUGH COOKIE CHOC CHIP,1.0,21.0,65.93,9.52543977,"Wheat/Rye (Bread, pasta, baked goods)"
6,BAR GRANOLA TRAIL MIX,1.0,7.01,65.84,3.1796825137,Oats (Oatmeal)
4,CHEESE CHDR SHRP FTHR SHRD YEL,1.0,20.0,65.5,9.0718474,Cheese
216,WAFFLE STIX,1.0,11.2,65.39,5.080234544,"Wheat/Rye (Bread, pasta, baked goods)"
1,PASTE CHILI GUAJILLO,2.0,2.0,64.5,0.90718474,Stimulants
1,SHERBET RAINBOW CUP,3.0,27.072,63.96,12.27965264064,Stimulants & Spices (misc.)
6,CHERRY MARA STEM LG PLAS,0.0,12.999,63.81,5.896247217630001,Fruits (misc.)
8,CROUTON SEASONED HMSTY ZTF,1.0,20.0,63.47,9.0718474,"Wheat/Rye (Bread, pasta, baked goods)"
2,SALAD TUNA,1.0,10.9,63.28,4.944156833,Fish (finfish)
24,SAUCE HOT GREEN PPR,1.0,8.25,62.66,3.7421370525,Vegetable oils
24,SAUCE HOT,1.0,8.21,62.6,3.7239933577,Vegetable oils
100,CHURRO MEXICAN CINN 51% WHLGRN,2.0,19.4,61.52,8.799691978,Sugars and sweeteners
192,BREAD NAAN CARMLZD ONION RND,1.0,12.675,61.2,5.749283289750001,"Wheat/Rye (Bread, pasta, baked goods)"
6,BEET SLI MED FCY,1.0,43.0,60.81,19.50447191,Root Vegetables
2,RASPBERRY RED WHOLE IQF,1.0,9.95,60.54,4.5132440815,Berries
6,SEASONING CAJUN,0.0,3.474,59.58,1.5757798933800002,Stimulants & Spices (misc.)
120,COOKIE LORNA DOONE,1.0,11.45,59.48,5.1936326365,"Wheat/Rye (Bread, pasta, baked goods)"
4,APTZR CRAB RANGOON 1 OZ EA,1.0,7.7,59.28,3.492661249,Crustaceans (shrimp/prawns)
6,MUSHROOM BREADED,1.0,14.1,59.15,6.395652417,"Wheat/Rye (Bread, pasta, baked goods)"
6,KALE CHOPPED,2.0,24.0,58.66,10.88621688,Cabbages and other Brassicas (Broccoli)
4,CILANTRO CLEAN WASH FRESH HERB,0.0,11.75,58.24,5.3297103475,Stimulants & Spices (misc.)
8,CHEESE VEGAN CHED SLI,1.0,12.0,58.16,5.4431084400000005,Soybeans/Tofu
1,CUCUMBER ENGLISH LONG,4.0,48.0,57.92,21.77243376,Other vegetables
2,SPICE ACHOTE BRCK FORM,1.0,5.0,57.88,2.2679618500000003,Stimulants & Spices (misc.)
24,MILK CONDENSED SWEETENED,1.0,21.0,57.51,9.52543977,Milk (cow's milk)
4,SAUCE WING LEMON PEP,1.0,16.542,57.23,7.503324984540001,Citrus Fruit
1,OKRA CUT GR A IQF,1.0,30.0,55.94,13.6077711,Vegetables (misc.)
6,MILK COCONUT ORIG ESL,2.0,51.02,55.72,23.142282717400004,Tree nuts and seeds
4,CABBAGE RED SHRED 1/8,0.0,35.261,55.01,15.99412055857,Cabbages and other Brassicas (Broccoli)
6,CHILI CRISP SPICY 7OZ,1.0,5.1,54.68,2.313321087,Stimulants
12,PEA GREEN GR A P,1.0,27.9,54.63,12.655227123,Peas
6,SAUERKRAUT SHREDDED FCY,1.0,44.0,53.87,19.95806428,Vegetables (misc.)
6,COOKIE VANILLA WAFER BULK PACK,3.0,15.0,53.4,6.80388555,"Wheat/Rye (Bread, pasta, baked goods)"
4,SAUCE MANGO HABANERO WING GLZ,1.0,19.179,53.12,8.69944806423,Fruits (misc.)
6,CHEESE PARM GRTD DRY CARTON US,0.0,10.0,52.88,4.535923700000001,Cheese
1,PEPPER GUAJILLO DRIED,1.0,5.0,52.7,2.2679618500000003,Stimulants & Spices (misc.)
6,ONION RING TANGLERS FLOUR BRD,1.0,11.5,52.49,5.216312255,Grains/cereals (except rice)
12,WAFFLE HOMESTYLE 4,2.0,22.2,52.32,10.069750614,"Wheat/Rye (Bread, pasta, baked goods)"
36,EMPANADA CHICKEN ARGENTINIAN,1.0,6.8,52.28,3.084428116,"Poultry (chicken, turkey)"
72,BURRITO BF&BN RD CHILI,1.0,18.0,52.22,8.164662660000001,Stimulants
8,CHEESE MOZZARELLA L/M WHL MLK,0.0,18.53,51.89,8.405066616100001,Cheese
6,CABBAGE NAPA KIMCHI,2.0,1.75,51.42,0.7937866475,Cabbages and other Brassicas (Broccoli)
6,PUDDING VANILLA ZTF,1.0,41.85,51.21,18.9828406845,Sugars and sweeteners
4,CABBAGE GREEN SHRD FRSH W/BAG,0.0,40.0,49.72,18.1436948,Cabbages and other Brassicas (Broccoli)
1,BREAKFAST SAUS EGG CHS NUGGET,1.0,10.0,49.64,4.535923700000001,Eggs
4,PEPPER HOT CHERRY SLICED,1.0,33.85,49.6,15.3541017245,Fruits (misc.)
384,CREAMER HALF AND HALF PC ASEP,2.0,15.39,49.34,6.980786574300001,Milk (cow's milk)
6,SPICE CINNAMON GRND,0.0,3.294,48.6,1.49413326678,Stimulants & Spices (misc.)
30,COFFEE GRND FP,1.0,3.75,48.35,1.7009713875,Coffee
8,CHEESE PROV NONSMK SLI .75,1.0,12.0,47.72,5.4431084400000005,Cheese
1,SAUSAGE TURKEY PTY CKD 1.6OZ,1.0,10.0,47.39,4.535923700000001,"Poultry (chicken, turkey)"
144,BISCUIT BUTTERMILK SIMPL SPLIT,1.0,20.3,47.14,9.207925111000002,Yogurt
1,PEPPER CHILI CHIPOTLE BRN PWD,1.0,1.25,47.05,0.5669904625000001,"Wheat/Rye (Bread, pasta, baked goods)"
12,PEPPER CHIPOTLE IN ADOBO SAUCE,2.0,12.4,46.82,5.6245453880000005,Vegetable oils
100,CHEESE CHEDDAR MED I/W SNACK,1.0,4.7,46.81,2.1318841390000003,Cheese
8,CHEESE CHDR MLD SLI INT .75 YL,1.0,12.0,46.61,5.4431084400000005,Cheese
6,STRAWBERRY SLICED 4X1,0.0,19.674,46.59,8.92397628738,Berries
10,CANDY BAR MILKY WAY,0.0,5.3,46.49,2.404039561,Milk (cow's milk)
12,SAUCE CHILI SRIRACHA CHA,1.0,14.0,46.3,6.35029318,Vegetable oils
120,BISCUIT BUTTERMILK RDY TOPSPLT,1.0,18.75,46.18,8.5048569375,Yogurt
4,CHEESE CHEDDAR SHARP SLICE WHT,1.0,10.0,46.14,4.535923700000001,Cheese
10,SUGAR GRANULATED XFINE CANE,1.0,40.0,45.32,18.1436948,Sugars and sweeteners
4,CHEESE CHDR MILD FCY SHRD YEL,0.0,15.0,45.24,6.80388555,Cheese
2,BROWNIE CHOC CHIP PRCT,1.0,12.0,45.18,5.4431084400000005,"Wheat/Rye (Bread, pasta, baked goods)"
84,DONUT RING WHL GRAIN,1.0,12.863,45.06,5.83455865531,Grains/cereals (except rice)
12,CANDY GUMMY BEAR GOLDEN,2.0,7.5,44.98,3.401942775,Sugars and sweeteners
12,PEPPER SWEET VEGGIE FRSH,1.0,12.0,44.32,5.4431084400000005,Legumes (misc.)
1,RICE PARBOILED PERFECT,2.0,51.0,44.04,23.133210870000003,Rice
12,BREAD PITA PLAIN 2 OZ 6 IN,1.0,9.0,43.45,4.082331330000001,"Wheat/Rye (Bread, pasta, baked goods)"
6,SPICE CINNAMON STICK,0.0,0.966,43.4,0.43817022942,Stimulants & Spices (misc.)
4,ONION GREEN ICELS,0.0,10.759,43.17,4.88020030883,Onions and Leeks
48,ICE CREAM RASP NF SHERBET CUP,2.0,18.528,42.91,8.40415943136,Ice cream
96,YOGURT STRAWBERRY GOGURT,1.0,12.0,42.51,5.4431084400000005,Yogurt
1000,SUGAR SUBSTITUTE PACKET GREEN,1.0,2.2,41.91,0.997903214,Sugars and sweeteners
4,MUSTARD DIJON SMOOTH,0.0,9.05,41.82,4.1050109485,Tree nuts and seeds
2,PUREE PASSION FRT FRZN,1.0,4.4,41.66,1.9958064280000003,Fruits (misc.)
24,CORN STARCH,1.0,24.0,41.62,10.88621688,Corn (Maize)
12,CHEESE CHEDDAR MILD SLICE .5,1.0,12.0,41.5,5.4431084400000005,Cheese
24,SAUCE CRANBERRY JELLIED,1.0,21.0,40.98,9.52543977,Berries
8,CHEESE MOZZ FRSH LOG CRYO,1.0,8.0,40.94,3.62873896,Cheese
6,WRAP TORTILLA TOMATO BASIL 12,1.0,16.5,40.87,7.484274105000001,"Wheat/Rye (Bread, pasta, baked goods)"
2,CHEESE GOAT CRUMBLES,1.0,4.0,40.71,1.81436948,Lamb/mutton & goat meat
6,DRESSING BALSAMIC VGR ESSNTIAL,1.0,13.143,40.0,5.96156451891,Vegetable oils
4,SWEETENER LIQUID AGAVE,1.0,13.05,39.83,5.9193804285,Sugars and sweeteners
6,SPICE ALLSPICE GROUND,0.0,2.0,39.5,0.90718474,Stimulants & Spices (misc.)
12,SAUCE CHILI SWEET THAI,1.0,24.0,38.79,10.88621688,Vegetable oils
1000,MUSTARD YELLOW PACKETS,1.0,12.5,38.6,5.669904625,Tree nuts and seeds
6,CHEESE MOZZ LMPS  SLI .75OZ,1.0,9.0,38.47,4.082331330000001,Cheese
2,CHEESE BLUE CRUMBLES,0.0,10.0,38.21,4.535923700000001,Cheese
24,MILK EVAPORATED,1.0,46.5,38.09,21.092045205,Milk (cow's milk)
2,CHEESE GOUDA SMOKED,0.0,8.08,38.06,3.6650263496,Cheese
4,CLEANER ALL PURPOSE PINE RTU,1.0,33.7,37.82,15.286062869000002,Uncategorized
24,ICE ITALIAN CHERRY TUBE,2.0,9.8,37.71,4.445205226000001,Fruits (misc.)
4,SYRUP HAZELNUT ROASTED,0.0,11.348,37.68,5.147366214760001,Tree nuts and seeds
2,CHEESE FETA CRUMBLED,1.0,10.0,36.61,4.535923700000001,Cheese
2,CHEESE PEPPER JACK LOAF,1.0,10.0,36.51,4.535923700000001,Cheese
5,COCONUT SHRED MED SWT,1.0,10.0,35.84,4.535923700000001,Tree nuts and seeds
2000,SUGAR PACKET,2.0,25.0,35.5,11.33980925,Sugars and sweeteners
1000,KETCHUP PACKET FCY FOIL,1.0,19.84,34.97,8.999272620800001,Tomatoes
8,CORN MEAL YEL,1.0,40.0,34.68,18.1436948,Corn (Maize)
1200,SUGAR TURBINADO PACKET CANE,1.0,11.5,33.47,5.216312255,Sugars and sweeteners
6,DRESSING ITALIAN LOW CAL,1.0,13.061,33.25,5.92436994457,Vegetable oils
1,BASIL FRESH HERB,3.0,3.0,33.09,1.36077711,Stimulants & Spices (misc.)
1,SPICE CHILE PWDR GUAJILLO,1.0,1.125,33.06,0.5102914162500001,Stimulants & Spices (misc.)
6,SPICE TURMERIC GROUND,0.0,2.132,32.72,0.96705893284,Stimulants & Spices (misc.)
4,CHEESE MOZZARELLA SHRD WHL MLK,0.0,10.0,32.3,4.535923700000001,Cheese
1,PEPPER POBLANO FRESH,1.0,10.0,31.89,4.535923700000001,Stimulants & Spices (misc.)
1,PEPPER JALAPENO FRSH,3.0,6.0,31.71,2.72155422,Stimulants & Spices (misc.)
1,HERB OREGANO DRIED GRND,1.0,0.75,31.5,0.3401942775,Stimulants & Spices (misc.)
1,FLOWER EDIBLE HIBISCUS,2.0,0.25,31.02,0.1133980925,Other vegetables
2,SAUCE PESTO NO NUT,1.0,4.0,30.77,1.81436948,Vegetable oils
100,CHEESE CREAM PLAIN SPREAD CUP,1.0,6.25,30.55,2.8349523125,Cheese
12,COOKIE VANILLA WAFR,1.0,8.25,30.06,3.7421370525,"Wheat/Rye (Bread, pasta, baked goods)"
12,PASTE TAHINI,0.0,4.0,30.04,1.81436948,Stimulants
4,RELISH PICKLE SWEET,0.0,18.0,29.72,8.164662660000001,Legumes (misc.)
24,WATER SPARKLING PASSIONFRUIT,2.0,40.0,29.72,18.1436948,Fruits (misc.)
4,PARSLEY CLN/WASH FRESH HERB,0.0,5.0,29.5,2.2679618500000003,Grains/cereals (except rice)
2,CHEESE RICOTTA IMPASTATA W/M,1.0,10.0,29.5,4.535923700000001,Cheese
6,EXTRACT VANILLA IMIT,0.0,8.0,29.0,3.62873896,Stimulants & Spices (misc.)
2,VINEGAR RICE SEASONED GOURM,1.0,20.3,28.55,9.207925111000002,Rice
1,RADISH DAIKON,1.0,10.0,28.37,4.535923700000001,Root Vegetables
2,PASTA FETTUCINE FLAT,1.0,20.0,27.46,9.0718474,"Wheat/Rye (Bread, pasta, baked goods)"
24,ICE CREAM BAR NERDS BOMB POP,1.0,5.304,27.36,2.40585393048,Ice cream
12,CEREAL HOT GRITS QUICK,1.0,18.0,27.05,8.164662660000001,Grains/cereals (except rice)
6,OIL SESAME SEED TOASTED PURE,0.0,4.566,26.32,2.07110276142,Rapeseed/canola (Oil)
2,POTATO H/BRN CKD SKLS REG CUT,1.0,20.0,26.14,9.0718474,Potatoes
2,POTATO DICED CKD RSST SKLS MED,1.0,20.0,25.91,9.0718474,Potatoes
6,CHEESE MOZZ FRSH SLI THIN,1.0,6.0,25.62,2.72155422,Cheese
3,SPICE BAY LEAVES WHL,0.0,0.5,25.19,0.226796185,Stimulants & Spices (misc.)
6,SPICE NUTMEG GROUND,0.0,1.05,24.72,0.4762719885,Stimulants & Spices (misc.)
6,SPICE GARLIC GRANULATED,0.0,3.166,24.62,1.43607344342,Stimulants & Spices (misc.)
6,JUICE LEMON PSTRZD ULTRA PREM,1.0,13.0,24.61,5.8967008100000005,Citrus Fruit
6,MILK ALMOND DARK CHOC,1.0,25.5,24.47,11.566605435,Almond milk
6,JUICE LIME PSTRZD ULTRA PREM,1.0,13.0,24.07,5.8967008100000005,Citrus Fruit
1,ONION RED JUMBO BOX,1.0,25.0,24.05,11.33980925,Onions and Leeks
6,POWDER BAKING,0.0,10.0,23.12,4.535923700000001,Stimulants
48,ICE CREAM ORANG NF SHERBET CUP,1.0,9.264,21.75,4.20207971568,Ice cream
4,VINEGAR DISTILLED WHITE 5%,1.0,32.0,21.73,14.51495584,Stimulants
6,SPICE CUMIN SEED WH,0.0,1.0,21.0,0.45359237,Tree nuts and seeds
4,RELISH DILL GREEN,0.0,18.25,20.92,8.2780607525,Legumes (misc.)
2,TOMATO DICED 3/8IN TRAY,1.0,10.0,20.92,4.535923700000001,Tomatoes
6,SPICE PAPRIKA SMK,0.0,1.062,20.71,0.48171509694,Stimulants & Spices (misc.)
1,ONION YELLOW JUMBO BAG,1.0,50.0,20.62,22.6796185,Onions and Leeks
4,DRESSING CAESAR CREAMY LIBERTY,0.0,8.15,20.35,3.6967778155,Vegetable oils
1,FLOUR ALL PURP H&R BL EN MT,1.0,50.0,19.83,22.6796185,Grains/cereals (except rice)
1,EGGPLANT WHL FRESH,1.0,7.5,19.36,3.401942775,Other vegetables
12,TOFU EXTRA FIRM WTR PK NON-GMO,1.0,12.0,19.28,5.4431084400000005,Soybeans/Tofu
1,PEPPER RED BELL FRESH,1.0,5.0,19.03,2.2679618500000003,Stimulants & Spices (misc.)
1,BREAD NAAN DIPPERS MINI,1.0,2.0,18.83,0.90718474,"Wheat/Rye (Bread, pasta, baked goods)"
1,BASIL FRESH,1.0,2.0,18.51,0.90718474,Stimulants & Spices (misc.)
6,SPICE LEMON PEPPER,0.0,1.736,17.92,0.78743635432,Citrus Fruit
1,CELERY DICED 3/8,1.0,5.0,17.53,2.2679618500000003,Other vegetables
1,CARROT DICED 3/8IN,1.0,5.0,17.53,2.2679618500000003,Root Vegetables
4,MUSTARD CREOLE STYLE,0.0,8.25,16.71,3.7421370525,Tree nuts and seeds
6,SPICE DILL WEED WH,0.0,0.308,16.68,0.13970644996,Stimulants & Spices (misc.)
6,OIL TRUFFLE WHT FULL BDY,0.0,0.533,16.33,0.24176473321,Olives (Oil)
4,SAUCE SOY,0.0,10.14,15.09,4.5994266318,Vegetable oils
24,WATER SPARKLING GRAPEFRUIT,1.0,17.99,14.86,8.1601267363,Fruits (misc.)
24,WATER SPARKLING LIME,1.0,18.0,14.86,8.164662660000001,Citrus Fruit
24,WATER SPARKLING TANGERINE CAN,1.0,18.0,14.86,8.164662660000001,Uncategorized
4,SEASONING LIQUID SMOKE HICKORY,0.0,9.675,14.56,4.38850617975,Stimulants & Spices (misc.)
1,CHARGE FREIGHT,2.0,2.0,14.45,0.90718474,Uncategorized
6,SEASONING OLD BAY,0.0,1.5,14.21,0.6803885550000001,Stimulants & Spices (misc.)
6,SEASONING ITALIAN WHL,0.0,0.411,13.13,0.18642646407,Stimulants & Spices (misc.)
6,SPICE CUMIN GRND,0.0,1.75,13.08,0.7937866475,Stimulants & Spices (misc.)
6,SPICE PEPPER CAYENNE GRND,0.0,0.883,12.29,0.40052206271,Stimulants & Spices (misc.)
1,THYME FRESH HERB,2.0,0.5,12.06,0.226796185,Vegetables (misc.)
1,CARROT MATCHSTICK PREMIUM,1.0,5.0,11.95,2.2679618500000003,Root Vegetables
1,PASTE CHILI KOREAN GOCHUJANG,1.0,2.5,11.85,1.133980925,Stimulants
6,SPICE OREGANO LEAF WH,0.0,0.25,10.77,0.1133980925,Stimulants & Spices (misc.)
6,SPICE ONION POWDER,0.0,1.308,7.9,0.59329881996,Stimulants & Spices (misc.)
12,SAUCE BROWNING,0.0,2.8,7.23,1.270058636,Vegetable oils
6,SPICE PAPRIKA DOM GRND,0.0,1.041,7.04,0.47218965717,Stimulants & Spices (misc.)
6,HORSERADISH WHITE PRPD,0.0,2.0,6.82,0.90718474,Root Vegetables
12,SEASONING FRUIT ORIG,0.0,0.875,6.75,0.39689332375,Fruits (misc.)
1,ROSEMARY FRESH HERB,1.0,0.25,5.63,0.1133980925,Vegetables (misc.)
1,MINT FRESH HERB,1.0,0.25,5.63,0.1133980925,Stimulants & Spices (misc.)
1,GREEN COLLARD FRESH,0.0,0.0,0.0,0.0,Cabbages and other Brassicas (Broccoli)
1,SALAD FRUIT CHPOG LS NO PRES,0.0,0.0,0.0,0.0,Fruits (misc.)
4,CHICKEN CVP THIGH B/S HALAL,190.0,7600.0,15065.1,3447.302012,"Poultry (chicken, turkey)"
60,COOKIE CHOC CHIP IW,124.0,1163.12,4403.24,527.5823573944,"Wheat/Rye (Bread, pasta, baked goods)"
18,BEEF FLANK STKS PLD CH 3PK 6EA,11.0,422.9,3101.3,191.824213273,Beef & buffalo meat
4,CHICKEN CVP WING 1&2JT JMB RND,27.0,1080.0,3020.22,489.8797596,"Poultry (chicken, turkey)"
107,DOUGH COOKIE CHOC CHIP GOURMT,40.0,840.0,2637.2,381.0175908,"Wheat/Rye (Bread, pasta, baked goods)"
2,MEATBALL BEEF CHICKN HALAL 1OZ,60.0,600.0,2419.8,272.155422,Beef & buffalo meat
1,RICE BASMATI,40.0,1600.0,2307.6,725.747792,Rice
2,CHICKEN BRST BRD FIL 6 OZ,50.0,500.0,2283.0,226.796185,"Poultry (chicken, turkey)"
40,WATER BOTTLED DRINKING,150.0,6840.0,1986.0,3102.5718108,Uncategorized
4,CHICKEN CVP THIGHMEAT HALAL,20.0,800.0,1627.2,362.873896,Lamb/mutton & goat meat
1,RICE JASMINE THAI PR GRADE,49.0,1225.0,1534.19,555.65065325,Rice
2,BEAN GREEN TRIMMED FRSH,60.0,627.0,1471.4,284.40241599,Beans and pulses (dried)
2,BROWNIE CHOC CHIP PRCT,30.0,360.0,1355.4,163.2932532,"Wheat/Rye (Bread, pasta, baked goods)"
192,BREAD NAAN CARMLZD ONION RND,20.0,253.5,1224.0,114.985665795,"Wheat/Rye (Bread, pasta, baked goods)"
6,SAUCE PASTA TOMATO & HERB,17.0,669.29,1204.79,303.5848373173,Tomatoes
4,CHICKEN CVP THIGH B/S HAL FRZ,15.0,600.0,1103.85,272.155422,"Poultry (chicken, turkey)"
107,DOUGH COOKIE OATMEAL RSN GOURM,18.0,378.0,1093.68,171.45791586,"Wheat/Rye (Bread, pasta, baked goods)"
4,SOUP BASE VEGETABLE LIQ CONC,17.0,195.5,1060.95,88.677308335,Legumes (misc.)
4,CABBAGE GREEN SHRD FRSH W/BAG,37.0,740.0,920.99,335.65835380000004,Cabbages and other Brassicas (Broccoli)
4,SOUP BASE CHICKEN LIQ CONC,13.0,149.5,876.2,67.812059315,"Poultry (chicken, turkey)"
4,CHEESE CHDR MILD FTHR SHRD YEL,14.0,280.0,844.1,127.0058636,Cheese
4,POTATO CKD MASHED RSST TRDTNL,20.0,480.0,796.6,217.7243376,Potatoes
4,OIL CANOLA SAL,21.0,682.5,776.3,309.57679252500003,Rapeseed/canola (Oil)
4,GARLIC PEELED FRESH,7.0,140.0,736.07,63.502931800000006,Stimulants & Spices (misc.)
4,OIL OLIVE EXTRA VIRGIN ROBUSTO,6.0,145.14,731.78,65.8343965818,Olives (Oil)
1,PLANTBASED MEATBALL VEGAN,12.0,120.0,717.12,54.4310844,Legumes (misc.)
4,BEEF GRND BULK 73/27 CHUB,4.0,162.8,687.83,73.84483783600001,Beef & buffalo meat
2,PASTA ELBOW,23.0,460.0,638.25,208.6524902,"Wheat/Rye (Bread, pasta, baked goods)"
12,CREAM HEAVY WHIPPING 36% ESL,9.0,230.94,635.04,104.7526219278,Cream
144,BREAD GARLIC TOAST SLI 4.5IN,15.0,229.95,622.95,104.3035654815,"Wheat/Rye (Bread, pasta, baked goods)"
4,CARROT STK 4 IN FRESH,14.0,280.0,611.68,127.0058636,Root Vegetables
4,CHUTNEY TAMARIND,15.0,120.0,603.45,54.4310844,Stimulants
4,CHEESE CHDR MILD FCY SHRD YEL,10.0,200.0,601.45,90.718474,Cheese
4,GUACAMOLE FRESH ORIG BLEND HPP,15.0,120.0,591.75,54.4310844,Fruits (misc.)
6,BEAN KIDNEY DARK RED,14.0,567.7,569.66,257.50438844900003,Beans and pulses (dried)
1,RICE PARBOILED PERFECT,12.0,609.0,474.48,276.23775333000003,Rice
4,CHICKEN CVP THIGH BNLS SKLS,6.0,240.0,468.0,108.8621688,"Poultry (chicken, turkey)"
4,NOODLE LO MEIN,10.0,200.0,438.6,90.718474,"Wheat/Rye (Bread, pasta, baked goods)"
2,BEEF GRND BULK 75/25 CHUB FRS,5.0,100.0,435.2,45.359237,Beef & buffalo meat
1,SHORTENING FRY CANOLA CLR ZTF,13.0,455.0,417.56,206.38452835,Rapeseed/canola (Oil)
12,PEA & CARROT GR A P,8.0,240.0,387.76,108.8621688,Peas
1,ONION YELLOW JUMBO BAG,17.0,850.0,366.36,385.5535145,Onions and Leeks
6,QUINOA GRAIN RED FULLY COOKED,5.0,120.0,332.45,54.4310844,Grains/cereals (except rice)
6,PLANTBASED BEEF GROUND,3.0,36.0,321.69,16.329325320000002,Legumes (misc.)
6,CHEESE PARM GRTD DRY CARTON US,2.0,60.0,317.27,27.2155422,Cheese
4,SAUCE TERIYAKI,5.0,200.0,316.2,90.718474,Vegetable oils
2,TOMATO DICED 3/8IN TRAY,15.0,150.0,313.8,68.0388555,Tomatoes
4,CHEESE MOZZARELLA SHRD WHL MLK,5.0,100.0,311.15,45.359237,Cheese
4,MILK WHL GALLON,11.0,378.4,293.92,171.639352808,Milk (cow's milk)
8,TOFU FIRM SUPER ORGANIC,8.0,128.0,278.88,58.05982336,Soybeans/Tofu
24,COOKIE CHOC CHIP GLTN FR I/W,9.0,49.5,273.6,22.452822315,"Wheat/Rye (Bread, pasta, baked goods)"
6,TOMATO PUREE,6.0,252.0,271.2,114.30527724,Tomatoes
4,SOUP BASE BEEF LIQ CONC,4.0,46.0,270.76,20.86524902,Beef & buffalo meat
1,CARROT MATCHSTICK PREMIUM,22.0,110.0,262.9,49.895160700000005,Root Vegetables
4,GRAIN SPECIALTY FARRO SEMIPRLD,6.0,72.0,258.72,32.658650640000005,Grains/cereals (except rice)
1,GLACE DEMI DE VEAL CLASSIC,2.0,32.0,258.06,14.51495584,Lamb/mutton & goat meat
36,BUTTER SOLID UNSLTD USDA AA,2.0,72.0,253.88,32.658650640000005,Butter
6,GRAIN SPECIALTY BULGUR WHEAT,6.0,72.0,246.24,32.658650640000005,Grains/cereals (except rice)
6,SPICE GARLIC SALT,0.0,43.18,245.82,19.5861185366,Stimulants & Spices (misc.)
1,MUSHROOM SLCD FRESH,10.0,100.0,229.3,45.359237,Vegetables (misc.)
12,SALT KOSHER FLAKE,5.0,180.0,226.55,81.6466266,Stimulants & Spices (misc.)
2,CREAM SOUR CULTRD GRADE A,10.0,100.0,218.8,45.359237,Cream
6,SEASONING CARIBBEAN JERK,0.0,13.9,216.96,6.304933943000001,Beans and pulses (dried)
6,SPICE GINGER GRND,2.0,9.372,212.38,4.25106769164,Stimulants & Spices (misc.)
4,PARSLEY CLN/WASH FRESH HERB,8.0,32.0,188.82,14.51495584,Grains/cereals (except rice)
6,SAUCE TERIYAKI GLAZE,3.0,95.25,181.05,43.2046732425,Vegetable oils
6,BEAN GREAT NORTH LOW SODIUM,4.0,165.0,169.72,74.84274105,Beans and pulses (dried)
2,PASTA LINGUINE,6.0,120.0,166.8,54.4310844,"Wheat/Rye (Bread, pasta, baked goods)"
4,DRESSING CAESAR CREAMY LIBERTY,2.0,65.2,162.54,29.574222524000003,Vegetable oils
6,SPICE GARLIC GRANULATED,0.0,32.5,145.0,14.741752025,Stimulants & Spices (misc.)
4,MAYONNAISE SPREAD VEGAN HVY DU,1.0,31.04,142.34,14.0795071648,Soybeans/Tofu
6,PAN COATING BUTR SPRAY,4.0,25.48,141.92,11.5575335876,Vegetable oils
2,ONION RED DICED 3/8,3.0,30.0,131.37,13.6077711,Onions and Leeks
2,SAUCE GENERAL TSO,2.0,45.0,130.52,20.41165665,Vegetable oils
2,POTATO DICED CKD RED SKON,4.0,80.0,126.64,36.2873896,Potatoes
4,CABBAGE RED SHRED 1/8,4.0,80.6,125.96,36.559545022,Cabbages and other Brassicas (Broccoli)
4,ONION GREEN ICELS,5.0,30.75,123.33,13.9479653775,Onions and Leeks
2,SAUCE PESTO NO NUT,4.0,16.0,123.08,7.25747792,Vegetable oils
8,CROUTON PLAIN CUBE ZTF,2.0,40.0,119.54,18.1436948,"Wheat/Rye (Bread, pasta, baked goods)"
6,TOMATO PLUM ITAL,3.0,132.0,116.19,59.874192840000006,Fruits (misc.)
4,SAUCE BBQ ORIGINAL,2.0,81.12,115.72,36.7954130544,Vegetable oils
2,POTATO DICED CKD RSST SKLS MED,4.0,80.0,103.64,36.2873896,Potatoes
1,BEAN BLACK TURTLE DRIED WASH,4.0,80.0,102.88,36.2873896,Beans and pulses (dried)
6,SPICE CURRY POWDER,1.0,6.05,96.44,2.7442338385,Stimulants & Spices (misc.)
1,COUSCOUS INTL,2.0,20.0,95.5,9.0718474,"Wheat/Rye (Bread, pasta, baked goods)"
4,CILANTRO CLEAN WASH FRESH HERB,4.0,18.8,93.3,8.527536556000001,Stimulants & Spices (misc.)
6,SPICE GARAM MASALA,1.0,6.0,88.56,2.72155422,Stimulants & Spices (misc.)
6,SPICE CORIANDER SEED IN PLAS,0.0,4.128,87.54,1.87242930336,Tree nuts and seeds
6,SAUCE SOY GLUTEN FREE,1.0,31.0,83.58,14.06136347,Vegetable oils
4,DRESSING BALSAMIC VINGRT,1.0,34.08,83.47,15.4584279696,Vegetable oils
3,SPICE PAPRIKA DOM GRND,0.0,13.5,81.81,6.123496995,Stimulants & Spices (misc.)
12,TOFU EXTRA FIRM WTR PK NON-GMO,4.0,48.0,77.12,21.77243376,Soybeans/Tofu
12,SAUCE CHILI SWEET THAI,2.0,48.0,76.18,21.77243376,Vegetable oils
6,WINE COOKING MIRIN AJI MANJO,1.0,22.5,73.87,10.205828325,Stimulants
6,TOMATO DICED IN JUICE MW,2.0,90.0,73.3,40.8233133,Tomatoes
1,ONION RED JUMBO BOX,3.0,75.0,67.39,34.01942775,Onions and Leeks
6,SPICE BBQ GRND,0.0,4.7,64.16,2.1318841390000003,Stimulants & Spices (misc.)
3,SPICE CHILI POWDER DRK,0.0,5.5,59.75,2.4947580350000003,Stimulants
4,DRESSING ITALIAN GOLDEN,1.0,34.92,57.98,15.839445560400002,Vegetable oils
6,SAUCE HOISIN,1.0,35.45,55.61,16.0798495165,Vegetable oils
4,MAYONNAISE HEAVY DUTY,1.0,29.0,44.05,13.15417873,Vegetable oils
2,FLOUR ALL PURP H&R BL EN MLT,2.0,100.0,42.66,45.359237,Grains/cereals (except rice)
4,DRESSING RANCH BUTTERMILK,0.0,16.35,41.04,7.416235249500001,Yogurt
8,JUICE LEMON,1.0,25.69,37.92,11.652787985300002,Citrus Fruit
1,GINGER ROOT FRESH,2.0,10.0,37.82,4.535923700000001,Roots and Tubers
3,SPICE CINNAMON GRND,0.0,5.0,36.0,2.2679618500000003,Stimulants & Spices (misc.)
1200,SUGAR TURBINADO PACKET CANE,1.0,11.5,33.47,5.216312255,Sugars and sweeteners
1,SPICE TURMERIC GRND,1.0,1.1,30.0,0.4989516070000001,Stimulants & Spices (misc.)
6,JUICE LEMON PSTRZD ULTRA PREM,1.0,13.0,24.61,5.8967008100000005,Citrus Fruit
4,VINEGAR DISTILLED WHITE 4%,1.0,37.0,19.83,16.78291769,Stimulants
6,SPICE CINNAMON GRND,0.0,2.25,16.66,1.0205828325,Stimulants & Spices (misc.)
4,ONION YELLOW SLI 1/4,0.0,0.0,0.0,0.0,Onions and Leeks
1,SALAD FRUIT NO ORANGES,187.0,4488.0,14619.66,2035.72255656,Fruits (misc.)
4,CHICKEN CVP THIGH B/S HALAL,153.0,6120.0,13739.91,2775.9853044,"Poultry (chicken, turkey)"
32,BEEF STEAK STRIPS WM FC FRZN,81.0,3240.0,11880.27,1469.6392788,Beef & buffalo meat
4,CHICKEN CVP BRST RAND HALAL,87.0,3480.0,10080.68,1578.5014476,"Poultry (chicken, turkey)"
1,CHICKEN CVP DRM & THGH MXD HAL,103.0,4120.0,4422.82,1868.8005644,"Poultry (chicken, turkey)"
4,GUACAMOLE FRESH ORIG BLEND HPP,103.0,824.0,4063.35,373.76011288,Fruits (misc.)
6,SAUCE MARINARA NO SALT ADD CA,58.0,2262.0,3818.72,1026.02594094,Vegetable oils
1,BROCCOLI CROWN ASIAN ICELS,120.0,2400.0,3781.14,1088.621688,Cabbages and other Brassicas (Broccoli)
1,TOMATO GRAPE FRSH,168.0,1680.0,3674.4,762.0351816,Tomatoes
2,MEATBALL BEEF CHICKN HALAL 1OZ,90.0,900.0,3654.0,408.233133,Beef & buffalo meat
1,COFFEE COLD BREW BIB,27.0,1134.0,3630.05,514.37374758,Coffee
12,CREAM HEAVY WHIPPING 36% ESL,51.0,1308.66,3520.53,593.5981909242,Cream
12,BEAN GREEN WHL HARICOT VERT,57.0,1368.0,3251.81,620.51436216,Beans and pulses (dried)
1,CHEESE CREAM ORIG CRTN,15.0,750.0,3146.6,340.1942775,Cheese
2,EGG WHL LIQUID FRSH W/CITRC,34.0,1360.0,2939.64,616.8856232,Eggs
1,COD ATL LOIN IQF 4 OZ ASIA,30.0,300.0,2726.1,136.077711,Fish (finfish)
1,COD ATL LOIN IQF 6 OZ ASIA,30.0,300.0,2721.6,136.077711,Fish (finfish)
2,POTATO CKD RED SKON WDG 8 CUT,68.0,1360.0,2707.76,616.8856232,Potatoes
7,BEEF FLANK STEAK SKND 193,5.0,402.1,2705.03,182.389491977,Beef & buffalo meat
16,CHICKEN CVP 8PC CUT TR HAL,26.0,1258.6,2626.69,570.891356882,"Poultry (chicken, turkey)"
2,BEEF ROAST POT CLOD CH LOW SOD,18.0,398.75,2553.99,180.8699575375,Beef & buffalo meat
4,OIL CANOLA SAL,59.0,1917.5,2527.78,869.763369475,Rapeseed/canola (Oil)
1,EGG HARDBOILED WHL PEEL SEL,24.0,600.0,2392.72,272.155422,Eggs
8,PORK BUTT BNLS 1/4 6-9#EA,19.0,1293.2,2385.15,586.5856528840001,Pork (pig meat)
2,POLLOCK ALSK BTRD PUB STY 3-4Z,50.0,500.0,2355.8,226.796185,Fish (finfish)
15,EGG LIQUID WHL CITACID CGFREE,22.0,660.0,2336.62,299.3709642,Eggs
38,CHICKEN BRST VEGTRN BREADED RW,28.0,332.5,2217.6,150.819463025,Legumes (misc.)
2,MEATBALL BEEF CKD ABF GF 1.5OZ,35.0,350.0,2173.85,158.7573295,Beef & buffalo meat
10,MANDARIN FRESH EASY PEEL,46.0,1380.0,2137.8,625.9574706000001,Citrus Fruit
6,VEGETABLE BLEND CHFCUT ASIAN,43.0,1032.86,2136.78,468.4974152782,Legumes (misc.)
4,GARLIC PEELED FRESH,20.0,400.0,2110.2,181.436948,Stimulants & Spices (misc.)
6,SAUCE SOY GLUTEN FREE,25.0,775.0,2089.5,351.53408675000003,Vegetable oils
4,BEEF GRND BLK 80/20 GRFD HALAL,22.0,440.26,2000.01,199.6985768162,Beef & buffalo meat
4,SOUP BASE VEGETABLE LIQ CONC,31.0,356.5,1935.33,161.705679905,Legumes (misc.)
1,RICE PARBOILED PERFECT,47.0,2385.25,1797.07,1081.9312005425002,Rice
2,MEAT GYRO BEEF LAMB SLI,25.0,250.0,1751.75,113.3980925,Beef & buffalo meat
3,OIL OLIVE POMACE,15.0,345.0,1743.5,156.48936765000002,Olives (Oil)
20,PORK CHOP B/I C/C 8 OZ 1412A,35.0,350.0,1740.9,158.7573295,Pork (pig meat)
1,OIL SALAD CANOLA ZTF,50.0,1750.0,1723.44,793.7866475000001,Rapeseed/canola (Oil)
1,TUNA YEL FIN POKE CUBE 0.5IN,20.0,200.0,1722.6,90.718474,Fish (finfish)
4,DIP HUMMUS TRADITIONAL,36.0,540.0,1711.08,244.9398798,Vegetable oils
6,PORK CARNITAS MEAT PRCK CAFE H,13.0,383.6,1706.63,173.99803313200002,Pork (pig meat)
2,BRUSSEL SPROUT HALVES MACH CUT,40.0,400.0,1682.8,181.436948,Beans and pulses (dried)
8,TOFU FIRM SUPER ORGANIC,48.0,768.0,1673.28,348.35894016000003,Soybeans/Tofu
12,CAULIFLOWER CELLO WRPD FRSH,51.0,1354.05,1651.72,614.1867485985,Cabbages and other Brassicas (Broccoli)
6,POTATO SWEET CENTER CUT,22.0,660.0,1608.42,299.3709642,Cassava and Other Roots
1,CUCUMBER ENGLISH LONG,106.0,1272.0,1510.5,576.96949464,Other vegetables
1,MUSHROOM SLCD FRESH,65.0,650.0,1505.4,294.8350405,Vegetables (misc.)
2,YOGURT PLAIN WHL MILK DAHI,62.0,1240.0,1483.66,562.4545388,Yogurt
1,BOK CHOY BABY FRESH,57.0,570.0,1476.64,258.5476509,Cabbages and other Brassicas (Broccoli)
1,LETTUCE SPRING MIX CONV PLLW,117.0,351.0,1468.35,159.21092187000002,Cabbages and other Brassicas (Broccoli)
1,BANANA FRESH GREEN TIP,58.0,2494.0,1466.82,1131.2593707800002,Bananas
2,BEEF FOR STEW FRZN,20.0,214.95,1453.92,97.4996799315,Beef & buffalo meat
2,SQUASH BUTTERNUT PLD FRSH,54.0,540.0,1415.34,244.9398798,Fruits (misc.)
1,PEAR FRESH,24.0,912.0,1396.88,413.67624144,Fruits (misc.)
4,CARROT BABY CUT PLD,49.0,847.7,1372.0,384.510252049,Root Vegetables
6,TOMATO CRUSHED ALL PURP FCY CA,30.0,1147.5,1301.4,520.4972445750001,Tomatoes
6,BEEF GRND BULK 81/19 CHUB FRS,5.0,303.5,1290.78,137.66528429500002,Beef & buffalo meat
4,COFFEE FRZDRY ALEGRIA DELICATE,10.0,22.0,1249.32,9.97903214,Coffee
2,EGG LIQ WHL CAGE FREE W/CITRIC,5.0,200.0,1249.1,90.718474,Eggs
4,CHEESE CHDR MILD FCY SHRD YEL,20.0,400.0,1194.79,181.436948,Cheese
1,EGG SHELL LARGE WHITE USDA AA,4.0,202.4,1187.24,91.807095688,Eggs
4,SHRIMP WHT P&D TLOF 26/30,20.0,200.0,1155.2,90.718474,Crustaceans (shrimp/prawns)
4,JUICE ORANGE CONC 5X1 ORIG,6.0,192.0,1138.32,87.08973504000001,Citrus Fruit
4,CARROT SHRD FRSH MATCH STK,31.0,620.0,1124.06,281.2272694,Root Vegetables
50,VEGETARIAN VEG CHCKN BRST,15.0,180.0,1111.05,81.6466266,Legumes (misc.)
1,APPLE RED DEL FANCY FRESH,30.0,1200.0,1104.82,544.310844,Apples
6,PAN COATING BUTR SPRAY,31.0,197.47,1099.88,89.5708853039,Vegetable oils
4,JUICE APPLE CONC DISP 6X1,6.0,192.0,1078.62,87.08973504000001,Apples
12,EGG WHITE LIQ W/TEC OPT CHOICE,14.0,336.0,1052.8,152.40703632,Eggs
45,CROISSANT HAM STFD,11.0,92.4,1050.39,41.911934988000006,Pork (pig meat)
2,BACON BIT REAL CKD 3/8 GF,14.0,140.0,1031.84,63.502931800000006,Pork (pig meat)
1,POTATO FINGERLING MIX,11.0,550.0,1015.96,249.4758035,Potatoes
6,YOGURT STRAWBERRY PARFAIT POUC,26.0,624.0,1015.04,283.04163888,Yogurt
4,NOODLE LO MEIN,23.0,460.0,1008.78,208.6524902,"Wheat/Rye (Bread, pasta, baked goods)"
6,BEAN GARBANZO FRESH RTE,26.0,624.0,1008.02,283.04163888,Beans and pulses (dried)
6,QUINOA GRAIN RED FULLY COOKED,15.0,360.0,997.35,163.2932532,Grains/cereals (except rice)
4,SHRIMP BRD POPCRN 60/80,20.0,200.0,983.6,90.718474,Crustaceans (shrimp/prawns)
2,PORK DICED 1 IN FRZN,35.0,350.0,964.6,158.7573295,Pork (pig meat)
12,SALT KOSHER FLAKE COARSE,14.0,519.4,912.66,235.595876978,Stimulants & Spices (misc.)
1,SOYBEAN WHOLE SHELLED EDAMAME,16.0,384.0,905.76,174.17947008000002,Soybeans/Tofu
8,APPLE GRANNY X-FANCY FRESH,0.0,590.0,905.6,267.61949830000003,Apples
4,SAUCE TZATZIKI SOUR CREAM,21.0,315.0,881.37,142.88159655,Vegetable oils
6,MILK ORIGINAL OAT XTRA CREAMY,44.0,966.24,876.04,438.2790915888,Oat milk
6,CHEESE PARM GRTD DRY CARTON US,5.0,165.0,872.52,74.84274105,Cheese
213,DOUGH COOKIE CHOC CHIP,13.0,273.0,857.09,123.83071701,"Wheat/Rye (Bread, pasta, baked goods)"
3,BROCCOLI FRESH SWEET BABY,30.0,180.0,828.6,81.6466266,Cabbages and other Brassicas (Broccoli)
90,SAUSAGE BREAKFAST PATTY VEGAN,10.0,91.9,827.6,41.68513880300001,Legumes (misc.)
1,TOMATO ROMA UTILITY FRESH,27.0,675.0,803.23,306.17484975,Tomatoes
1,PEPPER SWEET BELL MEDLEY HH,19.0,380.0,801.42,172.3651006,Stimulants & Spices (misc.)
2,ARUGULA BABY FRESH,46.0,184.0,785.22,83.46099608,Cabbages and other Brassicas (Broccoli)
2,TURKEY BRST SMOKED SKON,9.0,171.28,784.03,77.6913011336,"Poultry (chicken, turkey)"
6,"VEG BLEND SWT POT,RSTD ROOTVEG",15.0,225.0,782.7,102.05828325,Legumes (misc.)
1,OAT REGULAR GLUTEN FREE,14.0,350.0,779.24,158.7573295,Oats (Oatmeal)
10,MUSSEL WHL VP 23/29 CHL,30.0,300.0,776.1,136.077711,Mollusks
4,OLIVE KALAMATA PTD PLAS KEG,7.0,119.0,768.64,53.97749203,Other vegetables
1,CUCUMBER SELECT FRESH,23.0,1150.0,761.63,521.6312255,Other vegetables
4,SPINACH CLIPPED FRESH,27.0,270.0,759.26,122.4699399,Cabbages and other Brassicas (Broccoli)
20,BROCCOLI RABE ICELESS,15.0,300.0,753.0,136.077711,Cabbages and other Brassicas (Broccoli)
2,HAM DELI BNLS CKD 4X6 95% H&W,7.0,182.0,747.52,82.55381134000001,Pork (pig meat)
2,CREAMER HALF & HALF SHELF STAB,12.0,288.0,707.76,130.63460256000002,Milk (cow's milk)
4,JUICE ORANGE PSTRZD ULTRA PREM,13.0,455.0,689.56,206.38452835,Citrus Fruit
6,HONEY PURE CLOVER GR A TSC JUG,5.0,155.0,678.8,70.30681735,Sugars and sweeteners
2,POTATO DICED CKD RSST SKLS SMA,26.0,520.0,673.66,235.8680324,Potatoes
6,CHEESE MOZZ FRSH SLI THIN,26.0,156.0,666.12,70.76040972,Cheese
144,BREAD GARLIC TOAST SLI 4.5IN,16.0,245.28,664.48,111.2571365136,"Wheat/Rye (Bread, pasta, baked goods)"
20,PRETZEL THIN TWISTS XVL,25.0,109.375,662.0,49.61166546875,"Wheat/Rye (Bread, pasta, baked goods)"
213,DOUGH COOKIE CHOC CHIP M&M,10.0,209.0,659.3,94.80080533,"Wheat/Rye (Bread, pasta, baked goods)"
6,STRAWBERRY SLICED 4X1,7.0,275.45,652.41,124.9420183165,Berries
4,ONION DICED 3/8 YEL,15.0,300.0,649.95,136.077711,Onions and Leeks
4,COOKIE CRUMB OREO MED CRUNCH,12.0,120.0,648.6,54.4310844,"Wheat/Rye (Bread, pasta, baked goods)"
6,BREAD PANINI RUSTIC SLI,14.0,252.0,646.8,114.30527724,"Wheat/Rye (Bread, pasta, baked goods)"
6,PLANTBASED PRTN PULLED MSHRM,7.0,89.61,637.8,40.6464122757,Legumes (misc.)
1,CEREAL ASSORTED ADULT CUP,8.0,58.2,628.96,26.399075934000003,Grains/cereals (except rice)
1,SYRUP LIQUID SWEETENER HFCS,24.0,1339.44,628.32,607.5597640728,Sugars and sweeteners
36,BUTTER SOLID UNSLTD USDA AA,5.0,180.0,622.2,81.6466266,Butter
6,BEAN BLACK FRESH READY TO EAT,16.0,384.0,620.32,174.17947008000002,Beans and pulses (dried)
120,EGG PATTY BAKED PLANT BASED,6.0,90.0,618.06,40.8233133,Eggs
4,ONION GREEN ICELS,25.0,153.75,618.0,69.7398268875,Onions and Leeks
6,OIL OLIVE EXTRA VIRGIN,8.0,41.52,616.88,18.833155202400004,Olives (Oil)
4,CHEESECAKE NEW YORK STY 16 SLC,6.0,102.0,615.18,46.266421740000006,Cheese
4,SALSA CHUNKY MED AUTHENTIC,8.0,270.0,611.54,122.4699399,Stimulants
6,PEPPER RED STRIPS FIRE RSTD,9.0,337.5,608.34,153.087424875,Stimulants & Spices (misc.)
1,EGG SHELL XL WHT USDA AA,2.0,100.0,607.7,45.359237,Eggs
4,BEEF GRND BULK WAGYU HALAL FZ,10.0,100.0,602.8,45.359237,Beef & buffalo meat
6,ORANGE MANDARIN WH SEG JCE,9.0,399.15,598.49,181.0513944855,Citrus Fruit
4,JUICE CRNBRY DRINK MINI PAC,3.0,96.0,589.44,43.54486752,Citrus Fruit
4,CHICKEN CVP BRST 6OZ HAL,6.0,120.0,587.88,54.4310844,"Poultry (chicken, turkey)"
6,EGG WHITE SUPER WHIP,6.0,180.0,585.42,81.6466266,Eggs
6,POTATO MASHED RED/SKN RST GRLC,10.0,240.0,579.4,108.8621688,Potatoes
2,PORK LOIN BNLS CC STR/OFF 1/8I,14.0,247.06,577.38,112.0645309322,Pork (pig meat)
60,POPCORN PLAIN 100 CALORIE BAG,8.0,32.0,576.64,14.51495584,Corn (Maize)
12,SPINACH CHOPPED IQF,11.0,265.65,557.37,120.4968130905,Cabbages and other Brassicas (Broccoli)
1,CORN WHL KERNEL GR A,11.0,321.2,550.77,145.693869244,Corn (Maize)
213,DOUGH COOKIE SUGAR GOURM,9.0,184.5,546.84,83.687792265,"Wheat/Rye (Bread, pasta, baked goods)"
6,CHILI CRISP SPICY 7OZ,10.0,51.0,546.8,23.133210870000003,Stimulants
1,BACON LAYFLAT 14/18 APPL GF,7.0,105.0,546.15,47.62719885,Pork (pig meat)
1,RICE JASMINE THAI,24.0,600.0,540.96,272.155422,Rice
3,SPICE ONION POWDER,0.0,66.0,540.15,29.937096420000003,Stimulants & Spices (misc.)
6,MILK ORIGINAL OAT,27.0,592.92,537.57,268.9439880204,Oat milk
6,COFFEE CAPP FRCH VAN,7.0,84.0,536.13,38.10175908,Coffee
6,VEGETABLE BLEND CHFCUT KEY LAR,13.0,312.0,535.61,141.52081944,Legumes (misc.)
3,MANGO DICED,12.0,180.0,521.76,81.6466266,Fruits (misc.)
12,VEGETABLE BLEND CAPRI,12.0,288.0,516.36,130.63460256000002,Legumes (misc.)
1,MUSHROOM OYSTER WHT #1 FRSH,16.0,80.0,514.08,36.2873896,Vegetables (misc.)
4,CILANTRO CLEAN WASH FRESH HERB,22.0,103.4,513.92,46.901451058000006,Stimulants & Spices (misc.)
4,PEPPER JALAPENO SLICES,10.0,343.0,512.14,155.58218291,Stimulants & Spices (misc.)
30,CHEESE BABYBEL ORIGINAL,30.0,39.6,508.8,17.962257852,Cheese
6,POTATO FRY SURECRISP BTR,9.0,270.0,503.01,122.4699399,Potatoes
4,SYRUP PANCAKE AND WAFFLE,10.0,460.0,500.78,208.6524902,Sugars and sweeteners
1,PASTA ORZO BRONZE,16.0,160.0,500.32,72.57477920000001,"Wheat/Rye (Bread, pasta, baked goods)"
2,CHEESE COTTAGE SMALL CURD 1%,19.0,190.0,499.68,86.1825503,Cheese
10,BEET RED PLD & COOKED,19.0,209.0,497.99,94.80080533,Root Vegetables
2,CHICKEN BRST CHUNK TEMPURA,12.0,120.0,495.84,54.4310844,"Poultry (chicken, turkey)"
6,COCOA MIX ALEGRIA,5.0,52.5,494.05,23.813599425,Tree nuts and seeds
2,PASTA PENNE WHL GRAIN 100%,15.0,300.0,492.6,136.077711,"Wheat/Rye (Bread, pasta, baked goods)"
2,SAUSAGE ANDOUILLE ROPE SMKD FZ,9.0,90.0,484.65,40.8233133,Pork (pig meat)
6,SPICE PAPRIKA SMK,0.0,24.436,477.65,11.08398315332,Stimulants & Spices (misc.)
2,CHICKEN FAJ BRST STRIP CKD,9.0,90.0,467.6,40.8233133,"Poultry (chicken, turkey)"
2,CHEESE FETA CRUMBLED,13.0,130.0,466.86,58.9670081,Cheese
114,SAUSAGE CHICKEN FOUR PPR VEG/C,10.0,100.0,466.3,45.359237,Legumes (misc.)
6,ARTICHOKE HEART QUARTER,5.0,198.5,466.24,90.03808544500001,Vegetables (misc.)
6,SPICE GARLIC GRANULATED,0.0,104.0,464.0,47.17360648,Stimulants & Spices (misc.)
2,CHEESE SPREAD GARLIC HERB ORIG,9.0,39.6,460.8,17.962257852,Cheese
4,BEEF GRND BULK 81/19 CHUB FRS,5.0,100.0,460.4,45.359237,Beef & buffalo meat
2,MEAT ALTERNATE SEITAN STRIP,10.0,100.0,459.8,45.359237,Soybeans/Tofu
50,SAUSAGE VEGETARIAN ITAL HOT,4.0,44.0,458.96,19.95806428,Legumes (misc.)
15,EGG LIQUID WHITES CGFREE,4.0,120.0,455.0,54.4310844,Eggs
4,DRESSING MAYONNAISE VEGAN,4.0,124.16,450.88,56.3180286592,Soybeans/Tofu
1,PANGASIUS FILET IQF 5-7 OZ,12.0,180.0,450.72,81.6466266,Fish (finfish)
2,SALMON ATL SMK SLI FIL USA,6.0,31.27,447.11,14.1838334099,Fish (finfish)
24,MILK 2% BTL ESL,20.0,258.6,443.4,117.29898688200002,Milk (cow's milk)
2,PASTA ORECCHIETTE E DRM WT SEM,16.0,320.0,436.48,145.14955840000002,"Wheat/Rye (Bread, pasta, baked goods)"
6,POTATO TATER BARREL,8.0,240.0,426.64,108.8621688,Potatoes
1,SEED CHIA BLK,10.0,100.0,424.9,45.359237,Tree nuts and seeds
2,SOUP CHICKEN NDLE,10.0,160.0,423.0,72.57477920000001,"Poultry (chicken, turkey)"
1,PLANTBASED MEATBALL VEGAN,7.0,70.0,418.32,31.751465900000003,Legumes (misc.)
4,MUSTARD DIJON SMOOTH,0.0,90.5,418.2,41.050109485,Tree nuts and seeds
8,CHEESE CHDR MLD SLI INT .75 YL,9.0,108.0,415.13,48.98797596,Cheese
6,TOMATO PASTE FANCY CA,7.0,291.375,413.83,132.16547680875,Tomatoes
2,CHEESE RICOTTA IMPASTATA W/M,14.0,140.0,413.0,63.502931800000006,Cheese
30,BEEF PATTY RR HALAL 75/25 FRZ,8.0,80.0,411.92,36.2873896,Beef & buffalo meat
2,PASTA NOODLE EGG XWIDE,13.0,130.0,411.84,58.9670081,"Wheat/Rye (Bread, pasta, baked goods)"
12,SAUCE PEPPER HARISSA HOT,6.0,90.0,411.0,40.8233133,Vegetable oils
6,GRAIN SPECIALTY BULGUR WHEAT,10.0,120.0,410.4,54.4310844,Grains/cereals (except rice)
6,MILK COCONUT UNSWEETEND,5.0,183.75,405.2,83.34759798750001,Tree nuts and seeds
4,SAUCE BBQ ORIGINAL,7.0,283.92,405.02,128.7839456904,Vegetable oils
3,WATER FLAVOR STRWBRY KIWI 5+1,4.0,79.6,398.64,36.105952652,Uncategorized
1,ONION YELLOW JUMBO BOX,16.0,800.0,396.0,362.873896,Onions and Leeks
3,WATER FLAVOR MANGO 5+1,4.0,79.6,392.04,36.105952652,Fruits (misc.)
6,FILLING PIE CHERRY,3.0,126.0,391.84,57.152638620000005,"Wheat/Rye (Bread, pasta, baked goods)"
40,PAN FOIL STM TBL FULL DP 3-3/8,4.0,47.096,389.88,21.36238625752,Uncategorized
12,SUGAR BROWN LIGHT CANE,10.0,240.0,387.3,108.8621688,Sugars and sweeteners
2,PASTA ROTINI/SPIRAL GARDEN,7.0,133.7,382.76,60.645299869,"Wheat/Rye (Bread, pasta, baked goods)"
1,CREAM SOUR CULTRD GRD A,6.0,192.0,382.54,87.08973504000001,Cream
6,TUNA LIGHT SKIPJACK POUCH PACK,4.0,66.8,377.8,30.299970316,Fish (finfish)
4,CARROT DICED 3/8,10.0,200.0,376.15,90.718474,Root Vegetables
4,OLIVE GREEN MANZ SALAD STYLE,0.0,89.062,372.65,40.39784365694,Vegetables (misc.)
2,TURKEY GROUND 85/15,9.0,180.0,369.03,81.6466266,"Poultry (chicken, turkey)"
6,BEAN KIDNEY LIGHT RED,9.0,340.2,368.75,154.312124274,Beans and pulses (dried)
2,MILK 2% SHELF STABLE,9.0,216.0,365.76,97.97595192,Milk (cow's milk)
24,CORN STARCH,9.0,216.0,363.15,97.97595192,Corn (Maize)
2,CHEESECAKE CANDY COTTN SWIRL,5.0,48.1,361.62,21.817792997,Cheese
1,CHEESE CREAM NON DAIRY,4.0,120.0,358.4,54.4310844,Soybeans/Tofu
12,BUTTERMILK 1.5%,18.0,468.0,358.38,212.28122916,Yogurt
108,SNACK BAR GRANOLA OAT&HNY 2PK,4.0,51.64,356.76,23.423509986800003,Oats (Oatmeal)
120,EGG BREAKFAST BITE CCF 3 CHSE,6.0,78.75,356.58,35.7203991375,Eggs
2,BEEF RIBEYE LIPON CH 112A NET,1.0,30.6,355.6,13.879926522000002,Beef & buffalo meat
2,PASTA ZITI ENR DRM WHT SEM ITL,13.0,260.0,355.42,117.9340162,"Wheat/Rye (Bread, pasta, baked goods)"
4,BURGER VEG IMPOSSIBLE BULK,2.0,40.0,354.02,18.1436948,"Wheat/Rye (Bread, pasta, baked goods)"
4,CELERY DICED 3/8,9.0,180.0,352.8,81.6466266,Other vegetables
2,SOUP ITALIAN WEDDING W/MTBALLS,8.0,128.0,348.88,58.05982336,Lamb/mutton & goat meat
6,PEA BLACKEYE,8.0,324.0,348.24,146.96392788,Peas
12,TOFU EXTRA FIRM WTR PK NON-GMO,18.0,216.0,347.04,97.97595192,Soybeans/Tofu
1,STRAWBERRY WHOLE IQF,4.0,120.0,344.64,54.4310844,Berries
12,TORTILLA FLOUR PRESS 10 IN,13.0,292.5,343.41,132.675768225,Grains/cereals (except rice)
8,VEGETARIAN SOY FISHLESS FIL,10.0,51.0,335.7,23.133210870000003,Legumes (misc.)
4,NOODLE SOBA,7.0,140.0,335.23,63.502931800000006,"Wheat/Rye (Bread, pasta, baked goods)"
1,BREAD NAAN DIPPERS MINI,20.0,40.0,334.0,18.1436948,"Wheat/Rye (Bread, pasta, baked goods)"
6,MILK SOY UNSWTND ORGANIC,12.0,312.0,333.96,141.52081944,Soy milk
6,CANDY GUMMY GOLD BEARS,3.0,90.0,331.05,40.8233133,Sugars and sweeteners
5,TEMPEH SOY,8.0,96.0,330.24,43.54486752,Soybeans/Tofu
4,POTATO SWEET DICED 1 SK/OFF,9.0,180.0,329.49,81.6466266,Cassava and Other Roots
6,MIX PANCAKE BTRMLK COMPLT,8.0,240.0,328.8,108.8621688,"Wheat/Rye (Bread, pasta, baked goods)"
2,PASTA RIGATONI DRM WT SEM EN,12.0,240.0,327.36,108.8621688,"Wheat/Rye (Bread, pasta, baked goods)"
46,CHICKEN BRST BRD PCK CSPY,10.0,100.0,325.3,45.359237,"Poultry (chicken, turkey)"
4,JUICE RASP LEMONADE CONC 5X1,3.0,91.5,324.54,41.503701855,Berries
24,CHIP PITA LSS SIMPLY NAKED,20.0,45.0,318.8,20.41165665,"Wheat/Rye (Bread, pasta, baked goods)"
120,SPREAD CHOCOLATE HZLNT PC,11.0,45.1,317.9,20.457015887,Sugars and sweeteners
64,COOKIE CHOC CHIP GLUT FREE,4.0,24.0,317.44,10.88621688,"Wheat/Rye (Bread, pasta, baked goods)"
6,PINEAPPLE TIDBIT JCE FCY,5.0,195.25,316.45,88.5639102425,Fruits (misc.)
5,TOAST FRENCH STICK HT&SRV,9.0,90.0,314.73,40.8233133,"Wheat/Rye (Bread, pasta, baked goods)"
6,POTATO MASHED SEASONED,5.0,120.0,312.2,54.4310844,Potatoes
3,WATER FLAVOR WTRMLN 5+1,3.0,59.73,308.19,27.0930722601,Uncategorized
1,SUPPLY EQUIPMENT ON THE FLY,1.0,6.0,307.62,2.72155422,Uncategorized
4,PARSLEY CLN/WASH FRESH HERB,13.0,52.0,307.19,23.58680324,Grains/cereals (except rice)
96,COFFEE GRND COLOM 100%,2.0,24.0,304.32,10.88621688,Coffee
4,APTZR VEG FALAFEL BALL,6.0,96.0,304.32,43.54486752,Legumes (misc.)
1,BASIL FRESH,16.0,32.0,298.88,14.51495584,Stimulants & Spices (misc.)
1,ICE CREAM STWBRY,13.0,177.84,298.87,80.6668670808,Ice cream
1,ICE CREAM VAN,13.0,177.84,298.87,80.6668670808,Ice cream
1,SAUSAGE TURKEY PTY CKD 1.6OZ,6.0,60.0,292.84,27.2155422,"Poultry (chicken, turkey)"
1,RICE BASMATI,5.0,200.0,288.45,90.718474,Rice
8,CHEESE PEPPER JACK SLI .75OZ,6.0,72.0,287.86,32.658650640000005,Cheese
12,RICE CAKE MINI STICK SHAPE,8.0,126.96,286.72,57.5880872952,"Wheat/Rye (Bread, pasta, baked goods)"
1,OKRA CUT GR A IQF,5.0,150.0,279.75,68.0388555,Vegetables (misc.)
4,DRINK ORG GUAVA PASSN,2.0,45.0,274.54,20.41165665,Fruits (misc.)
1,PINEAPPLE CHUNK IQF,7.0,154.0,272.65,69.85322498000001,Fruits (misc.)
6,HASH CORNED BEEF,2.0,84.0,272.36,38.10175908,Beef & buffalo meat
4,CHEESE AMER 160 SLI YEL,3.0,90.0,271.79,40.8233133,Cheese
12,PASTE TAHINI,3.0,36.0,269.31,16.329325320000002,Stimulants
4,SAUCE WING BUFFALO,4.0,142.16,268.92,64.4826913192,"Poultry (chicken, turkey)"
4,DIP SPINACH ARTICHOKE,4.0,80.0,268.28,36.2873896,Vegetables (misc.)
1,BANANA SLICE IQF,11.0,220.0,266.07,99.7903214,Bananas
6,PEPPER RED DICED FCY,3.0,126.9,265.84,57.56087175300001,Stimulants & Spices (misc.)
1,SUPPLY SOTF DINING ROOM,1.0,6.0,265.74,2.72155422,Uncategorized
12,POTATO H/BRN PTY 2.25 OZ,4.0,135.0,265.32,61.23496995,Potatoes
1,ONION RED MEDIUM BOX,13.0,325.0,263.65,147.41752025,Onions and Leeks
30,KETCHUP SQUEEZE UPSIDE DOWN,4.0,150.0,262.91,68.0388555,Tomatoes
1,MUSHROOM PORTABELLA CP LRG FSH,10.0,50.0,259.9,22.6796185,Vegetables (misc.)
4,GRAIN SPECIALTY FARRO SEMIPRLD,6.0,72.0,258.72,32.658650640000005,Grains/cereals (except rice)
2,SAUCE GENERAL TSO,4.0,90.0,257.36,40.8233133,Vegetable oils
4,APTZR APPLE CARMEL EMPANADA,5.0,23.4,256.7,10.614061458,Apples
72,TOAST FRENCH HT&SRV THICK 3/4,5.0,58.5,256.18,26.535153645,"Wheat/Rye (Bread, pasta, baked goods)"
1,ICE CREAM MINT CHOC CHIP,9.0,123.12,255.15,55.846292594400005,Ice cream
6,JUICE POMEGRANATE 100% FRSH,8.0,72.0,254.32,32.658650640000005,Fruits (misc.)
1,GRAPEFRUIT RUBY RED FRESH,5.0,171.75,253.2,77.9044895475,Fruits (misc.)
6,POTATO PANCAKE MINI BABYCAKE,5.0,90.0,253.05,40.8233133,"Wheat/Rye (Bread, pasta, baked goods)"
6,FILLING PIE BLUEBERRY,2.0,42.376,252.36,19.22143027112,"Wheat/Rye (Bread, pasta, baked goods)"
6,TORTILLA CORN WHITE 4.5 IN,12.0,150.0,251.76,68.0388555,Corn (Maize)
1,MELON HONEYDEW FRSH,8.0,192.0,250.32,87.08973504000001,Fruits (misc.)
1,TOPPING WHPD BASE,3.0,90.0,248.46,40.8233133,Vegetable oils
6,OLIVE BLACK RIPE SLICED,3.0,61.8,248.38,28.032008466,Other vegetables
6,TOPPING PINEAPPLE CRUSHED,3.0,69.0,245.55,31.29787353,Fruits (misc.)
2,PASTA CAVATAPPI DRM WT SEM ITL,9.0,180.0,245.52,81.6466266,"Wheat/Rye (Bread, pasta, baked goods)"
1,MUSHROOM WILD BLND #1 SLI 3/16,10.0,30.0,244.4,13.6077711,Vegetables (misc.)
3,SPICE CHILI PWDR LIGHT,0.0,42.0,243.75,19.05087954,Stimulants
213,DOUGH COOKIE OATMEAL RAISIN,4.0,80.0,243.04,36.2873896,"Wheat/Rye (Bread, pasta, baked goods)"
1,TOMATO SUNDRIED JULENNE,11.0,55.0,242.22,24.947580350000003,Tomatoes
6,APPLESAUCE FANCY UNSWEETENED,4.0,159.0,241.89,72.12118683,Apples
12,MIX COCKTAIL CREAM OF COCONUT,2.0,71.8,241.16,32.567932166,Cream
1,SQUASH ZUCCHINI MEDIUM FRESH,11.0,220.0,240.66,99.7903214,Other vegetables
4,RICE ARBORIO,1.0,88.0,239.94,39.91612856,Rice
1,SUPPLY SOTF KITCHEN,1.0,6.0,239.5,2.72155422,Uncategorized
2,DRESSING GREEK FETA CHEESE,4.0,66.0,238.6,29.937096420000003,Cheese
4,NOODLE YAKISOBA JAPNSE FZ,7.0,140.0,238.35,63.502931800000006,"Wheat/Rye (Bread, pasta, baked goods)"
10,CHIP PLANTAIN,5.0,31.25,237.55,14.1747615625,"Wheat/Rye (Bread, pasta, baked goods)"
2,SOUP LENTIL VEGETERIAN,6.0,96.0,236.7,43.54486752,Beans and pulses (dried)
1,SQUASH YELLOW S/N MEDIUM FRESH,8.0,192.0,231.6,87.08973504000001,Fruits (misc.)
160,SAUSAGE PORK LNK A/C RAW MAPLE,5.0,50.0,231.54,22.6796185,Pork (pig meat)
1,RICE BROWN PARBOILED WHLGRN QC,10.0,255.0,229.46,115.66605435,Rice
50,SAUSAGE VEGETARIAN ORIG BRAT,2.0,20.0,229.22,9.0718474,Legumes (misc.)
1,SYRUP LIQUID SWTNR NON NUTRITV,2.0,43.72,229.16,19.8310584164,Sugars and sweeteners
6,CEREAL TOASTED CINN TWIST,4.0,48.0,228.92,21.77243376,Grains/cereals (except rice)
4,PEPPERONI SANDWICH XL SL .33OZ,4.0,40.0,222.8,18.1436948,Pork (pig meat)
1,CHOCOLATE MILK PIST 32%,1.0,22.05,221.97,10.0017117585,Milk (cow's milk)
6,TOMATO STEWED FANCY CA,4.0,154.5,221.04,70.080021165,Tomatoes
1,SAUSAGE CRUMBLE ITALN CKD TOP,6.0,60.0,220.44,27.2155422,Pork (pig meat)
6,POTATO CHIP SKINON W/ SEA SALT,4.0,120.0,220.24,54.4310844,"Wheat/Rye (Bread, pasta, baked goods)"
6,MILK ALMOND UNSWT,9.0,226.53,220.05,102.7522795761,Almond milk
5,MEAT ALTERNATE JACKFRUIT NKD,5.0,47.65,219.65,21.6136764305,Fruits (misc.)
216,DOUGH COOKIE SMORES,3.0,60.75,218.55,27.5557364775,"Wheat/Rye (Bread, pasta, baked goods)"
72,EGGROLL VEGETABLE,4.0,54.0,218.16,24.49398798,Eggs
6,CAKE ANGEL FOOD,5.0,41.25,217.75,18.7106852625,"Wheat/Rye (Bread, pasta, baked goods)"
4,BREAD BUN BRIOCHE 4I SL,4.0,63.36,217.32,28.7396125632,"Wheat/Rye (Bread, pasta, baked goods)"
1,CANDY M&M PLAIN BULK,2.0,49.2,216.76,22.316744604000004,Sugars and sweeteners
8,CHEESE SWISS SLICE .75 OZ,4.0,48.0,216.31,21.77243376,Cheese
120,CANNOLI SHELL SMALL,7.0,35.0,216.09,15.875732950000002,"Wheat/Rye (Bread, pasta, baked goods)"
80,LID FOIL F/FULL STM TBL PAN,2.0,21.874,214.7,9.92187950138,Uncategorized
1,MEATBALL BEEF WEDDIN SOUP 1/8Z,4.0,40.0,214.4,18.1436948,Beef & buffalo meat
6,PRESERVE RASPBERRY RED,2.0,48.0,213.06,21.77243376,Berries
1,VEGETABLE MIX 4WAY,5.0,150.0,212.39,68.0388555,Legumes (misc.)
6,PUMPKIN SOLID FANCY,3.0,135.45,211.92,61.4390865165,Vegetables (misc.)
12,PASTE CHILI GOCHUJANG,3.0,39.0,211.92,17.69010243,Stimulants
1,POTATO YELLOW YUKON GOLD B SZ,13.0,650.0,211.38,294.8350405,Potatoes
12,CANDY MINT CREME DE MENTHE,2.0,33.2,210.98,15.059266684000002,Sugars and sweeteners
6,BEAN WHITE SM,4.0,160.0,210.88,72.57477920000001,Beans and pulses (dried)
24,PEPPER CHIPOTLE IN ADOBO SAUCE,4.0,40.0,210.88,18.1436948,Vegetable oils
6,BEAN GREAT NORTHERN,5.0,230.0,209.59,104.3262451,Beans and pulses (dried)
2,BUTTER WHIPPED SLTD USDA AA,5.0,50.0,207.9,22.6796185,Butter
4,CAKE LYR COCONT RND 9,3.0,41.25,206.04,18.7106852625,"Wheat/Rye (Bread, pasta, baked goods)"
6,CABBAGE NAPA KIMCHI,8.0,7.0,205.68,3.17514659,Cabbages and other Brassicas (Broccoli)
4,SAUCE PEPPER CAYENNE RED HOT,3.0,105.0,203.93,47.62719885,Vegetable oils
1,EGG SHELL LARGE GR AA USDA WHT,2.0,50.0,203.1,22.6796185,Eggs
1,PASTRY SHELL SWT TART RND 3 IN,3.0,11.91,202.02,5.402285126700001,"Wheat/Rye (Bread, pasta, baked goods)"
12,JUICE PNAPL 100% ASEPTIC,3.0,114.0,200.28,51.70953018,Fruits (misc.)
1,BEAN LENTIL DRIED,7.0,140.0,200.27,63.502931800000006,Beans and pulses (dried)
2,BATTER MUFFIN CORN,4.0,64.0,196.6,29.02991168,"Wheat/Rye (Bread, pasta, baked goods)"
12,JUICE LEMON,10.0,268.0,195.4,121.56275516,Citrus Fruit
2,THERMOMETER FRZR REFRG -20-80F,12.0,2.4,195.36,1.088621688,Uncategorized
48,EMPANADA EGG & CHORIZO,3.0,33.75,194.85,15.3087424875,Eggs
4,CHEESE COTIJA POLVO,0.0,30.0,194.58,13.6077711,Cheese
6,PEPPER CHILI GREEN DICED,2.0,75.0,194.46,34.01942775,Stimulants
12,SAUCE CHILI SWEET THAI,5.0,120.0,193.95,54.4310844,Vegetable oils
2,BEEF SLICED PEPPERONI HALAL,3.0,30.0,192.33,13.6077711,Beef & buffalo meat
6,NOODLE CHOW MEIN,4.0,36.0,191.68,16.329325320000002,"Wheat/Rye (Bread, pasta, baked goods)"
1,CANDY MINT STARLIGHT POUCH PPM,2.0,60.0,189.24,27.2155422,Sugars and sweeteners
1,PEPPER RED LONG DUTCH CHILI,3.0,21.0,187.99,9.52543977,Stimulants
1,CHOCOLATE CHIP MINI SEMISWT 4M,2.0,50.0,187.28,22.6796185,"Wheat/Rye (Bread, pasta, baked goods)"
2,BACON TURKEY SLI SMK BULK,4.0,40.0,187.12,18.1436948,"Poultry (chicken, turkey)"
6,MILK EVAPORATED,3.0,135.6,186.42,61.507125372,Milk (cow's milk)
72,SNACK TRAIL MIX FRUIT & NUT,3.0,27.0,186.06,12.24699399,Tree nuts and seeds
4,FILLING PIE STRAWBERRY,2.0,61.0,184.62,27.66913457,"Wheat/Rye (Bread, pasta, baked goods)"
6,TEA ASST REG BLEND 6 FLAVORS,9.0,10.08,184.05,4.5722110896000006,Stimulants
1,ICE CREAM CHOC,8.0,110.8,183.92,50.258034596,Ice cream
6,LEAVES GRAPE STFD DOLMADES,4.0,106.0,182.64,48.08079122,Citrus Fruit
1,PEA SNOW FRESH,7.0,70.0,182.52,31.751465900000003,Peas
72,SNACK TRAIL MIX NUT & CHOC,3.0,27.0,180.87,12.24699399,Tree nuts and seeds
4,PIE COOKIE & CRM T&S 10 IN,3.0,28.5,180.42,12.927382545,"Wheat/Rye (Bread, pasta, baked goods)"
4,LETTUCE ROMAINE ITAL BLEND,5.0,50.0,179.7,22.6796185,Cabbages and other Brassicas (Broccoli)
5,COCONUT SHRED MED SWT,5.0,50.0,179.2,22.6796185,Tree nuts and seeds
72,WAFFLE BELGIAN 4 IN,4.0,41.8,179.0,18.960161066,"Wheat/Rye (Bread, pasta, baked goods)"
2,BATTER MUFFIN CHOC CHIP,4.0,64.0,177.52,29.02991168,"Wheat/Rye (Bread, pasta, baked goods)"
6,TOMATO DICED FIRE ROASTED,3.0,114.75,174.81,52.049724457500005,Tomatoes
4,SHALLOT PEELED FRESH,2.0,32.0,173.66,14.51495584,Onions and Leeks
4,JUICE LEMONADE READY TO USE,5.0,175.0,172.85,79.37866475,Citrus Fruit
4,SOFT SERVE MIX PNAPL,2.0,35.2,172.3,15.966451424000002,Ice cream
1,GINGER ROOT FRESH,4.0,120.0,171.76,54.4310844,Roots and Tubers
8,PASTA PENNE RIGATE GLUTEN FREE,7.0,42.0,171.15,19.05087954,"Wheat/Rye (Bread, pasta, baked goods)"
6,CAPER NONPAREIL IMPORTED,4.0,74.0,169.02,33.56583538,Sugars and sweeteners
4,CHEESE GRUYERE SHRED,1.0,20.0,168.29,9.0718474,Cheese
12,JUICE LIME,8.0,192.0,167.9,87.08973504000001,Citrus Fruit
2,CAKE TRES LECHE,2.0,22.16,167.72,10.0516069192,"Wheat/Rye (Bread, pasta, baked goods)"
5,POTATO OVEN RSTD MEDLEY,4.0,60.0,166.44,27.2155422,Potatoes
1,STRIP TEST SANITIZER QUAT-40,8.0,0.28,165.68,0.1270058636,Uncategorized
6,MILK ALMOND VANILLA,8.0,192.0,165.36,87.08973504000001,Almond milk
6,TEA ASST HERB 6 FLAVORS,8.0,9.04,163.6,4.1004750248,Stimulants
2,BATTER MUFFIN BLUEBERRY,3.0,48.0,161.97,21.77243376,"Wheat/Rye (Bread, pasta, baked goods)"
4,MILK WHL GALLON,6.0,206.4,161.22,93.621465168,Milk (cow's milk)
4,SWEETENER AGAVE LIGHT 176,1.0,50.0,160.64,22.6796185,Sugars and sweeteners
4,PIE BANANA WHIP CRM T&S 10,3.0,33.75,160.59,15.3087424875,"Wheat/Rye (Bread, pasta, baked goods)"
200,SUNFLOWER SEED SUNBUTTER,2.0,41.0,160.0,18.59728717,Butter
6,POTATO FRY 5/16,4.0,120.0,159.76,54.4310844,Potatoes
4,COUSCOUS INTL ISRAELI,3.0,60.0,159.03,27.2155422,"Wheat/Rye (Bread, pasta, baked goods)"
4,VINEGAR RICE WINE SEAS 4.5%,2.0,64.0,158.72,29.02991168,Rice
3,MILK SWEETENED CONDENSED POUCH,2.0,50.0,157.58,22.6796185,Milk (cow's milk)
12,WAFFLE HOMESTYLE 4,6.0,66.6,156.96,30.209251842,"Wheat/Rye (Bread, pasta, baked goods)"
1,MUSHROOM PORT SLCD FRESH,7.0,35.0,156.1,15.875732950000002,Vegetables (misc.)
200,PEANUT BUTTER CREAMY CUP,3.0,28.125,154.68,12.75728540625,Cream
2,SAUCE PESTO NO NUT,5.0,20.0,153.85,9.0718474,Vegetable oils
6,PEACH YC DICED CH PEAR JUICE,2.0,77.4,152.36,35.108049438,Fruits (misc.)
12,BUN HOAGIE WHITE 8IN HINGD,4.0,67.2,151.72,30.481407264,"Wheat/Rye (Bread, pasta, baked goods)"
6,POTATO FRY STEAK,4.0,120.0,151.56,54.4310844,Potatoes
4,CABBAGE GREEN SHRD FRSH W/BAG,6.0,120.0,149.88,54.4310844,Cabbages and other Brassicas (Broccoli)
4,PEPPER HOT CHERRY SLICED,3.0,101.55,149.7,46.0623051735,Fruits (misc.)
6,PEAR HVS CH EXTRA LS 30/35,2.0,79.5,149.54,36.060593415,Fruits (misc.)
1,EGG SHELL LRG WHT A CAGE FREE,2.0,45.0,148.28,20.41165665,Eggs
1,BEAN LENTIL RED CHIEF,4.0,40.0,147.96,18.1436948,Beans and pulses (dried)
4,PEPPER BANANA SLI/VINGR,3.0,96.0,147.93,43.54486752,Bananas
4,SAUCE JAMAICAN JERK WING,3.0,60.333,146.55,27.36658845921,Vegetable oils
6,VEGETABLE BLND RST PEPR ONION,4.0,60.0,146.2,27.2155422,Legumes (misc.)
8,BREAD TEXAS TOAST YELLOW 3/4SL,5.0,60.0,145.19,27.2155422,"Wheat/Rye (Bread, pasta, baked goods)"
1,FENNEL ANISE BUNCH FRSH,6.0,66.0,144.9,29.937096420000003,"Wheat/Rye (Bread, pasta, baked goods)"
160,SAUSAGE PORK PTY CKD MILD 1 OZ,3.0,30.0,143.91,13.6077711,Pork (pig meat)
6,SEASON FILE GUMBO,1.0,4.5,143.85,2.0411656650000003,Uncategorized
1,BROCCOLI SLAW,8.0,40.0,142.96,18.1436948,Cabbages and other Brassicas (Broccoli)
6,PIE CHERRY LATTC T&S 10,2.0,28.5,142.92,12.927382545,"Wheat/Rye (Bread, pasta, baked goods)"
1,ICE CREAM CHOC,5.0,67.5,141.95,30.617484975,Ice cream
168,DOUGH BISCUIT SOTHRN E-Z SPLIT,2.0,66.57,141.12,30.1956440709,"Wheat/Rye (Bread, pasta, baked goods)"
6,PIE CHOC CRM T&S 10,3.0,30.375,140.28,13.77786823875,"Wheat/Rye (Bread, pasta, baked goods)"
1,MELON CANTALOUPE FRESH,4.0,160.0,137.92,72.57477920000001,Fruits (misc.)
2,PASTA FETTUCINE FLAT,5.0,100.0,137.3,45.359237,"Wheat/Rye (Bread, pasta, baked goods)"
12,CEREAL HOT GRITS QUICK,5.0,90.0,135.25,40.8233133,Grains/cereals (except rice)
60,DOUGH ROLL CINNAMON CLASSIC,2.0,50.0,134.86,22.6796185,"Wheat/Rye (Bread, pasta, baked goods)"
2,PASTA MACARONI ELBOW LRG RIDGD,3.0,60.0,134.73,27.2155422,"Wheat/Rye (Bread, pasta, baked goods)"
8,CHEESE SWISS SLI RED FAT,2.0,24.0,133.18,10.88621688,Cheese
2,BATTER MUFFIN CRANBERRY-ORANGE,3.0,48.0,132.12,21.77243376,"Wheat/Rye (Bread, pasta, baked goods)"
6,PIE STRAWBERRY CRM T&S 10,3.0,30.375,131.76,13.77786823875,"Wheat/Rye (Bread, pasta, baked goods)"
3,SPICE THYME LEAVES WHL,0.0,4.5,131.43,2.0411656650000003,Vegetables (misc.)
6,SPICE CUMIN GRND,0.0,17.5,130.9,7.937866475000001,Stimulants & Spices (misc.)
216,WAFFLE STIX,2.0,22.4,130.78,10.160469088,"Wheat/Rye (Bread, pasta, baked goods)"
8,CHIP POTATO REG,4.0,32.0,130.16,14.51495584,"Wheat/Rye (Bread, pasta, baked goods)"
12,YOGURT VANILLA GREEK NONFAT,13.0,39.0,128.05,17.69010243,Yogurt
2,SAUCE ORANGE GNGR,2.0,40.0,127.28,18.1436948,Citrus Fruit
12,YOGURT STRAWBERRY GREEK,13.0,39.0,127.27,17.69010243,Yogurt
12,YOGURT BLUEBERRY GREEK,13.0,39.0,127.27,17.69010243,Yogurt
1,ICE CREAM CHOC CHP CKIE DOUGH,4.0,55.2,126.52,25.038298824,Ice cream
4,OIL SESAME SEED PURE,0.0,24.0,126.24,10.88621688,Rapeseed/canola (Oil)
4,CABBAGE RED SHRED 1/8,4.0,80.6,125.96,36.559545022,Cabbages and other Brassicas (Broccoli)
6,SPICE GINGER GRND,0.0,5.467,125.49,2.47978948679,Stimulants & Spices (misc.)
1,EGGPLANT FRESH,4.0,108.0,125.12,48.98797596,Other vegetables
2,PASTA RADIATORE,3.0,60.0,124.17,27.2155422,"Wheat/Rye (Bread, pasta, baked goods)"
6,SPICE CORIANDER GRND,0.0,8.1,123.84,3.674098197,Stimulants & Spices (misc.)
12,PALM HEART,2.0,42.0,123.7,19.05087954,Vegetables (misc.)
4,CHEESE CHEDDAR JACK FTHR SHRED,2.0,40.0,121.94,18.1436948,Cheese
2,RASPBERRY RED WHOLE IQF,2.0,19.9,121.08,9.026488163,Berries
8,CREAM WHIPPING NON DAIRY,3.0,53.43,119.85,24.2354403291,Cream
6,PUREE PASSION FRUIT NO SGR ADD,1.0,13.23,119.33,6.001027055100001,Fruits (misc.)
12,SUCCOTASH GR A P,2.0,56.7,118.86,25.718687379,Grains/cereals (except rice)
6,BEAN BUTTER,2.0,67.5,118.04,30.617484975,Butter
2,MUSTARD DIJON PLS,1.0,16.0,117.8,7.25747792,Tree nuts and seeds
1,LIME FRESH,2.0,80.0,116.9,36.2873896,Citrus Fruit
6,SAUCE HOISIN,2.0,88.625,116.82,40.199623791250005,Vegetable oils
6,BEAN PINTO FRESH READY TO EAT,3.0,72.0,116.31,32.658650640000005,Beans and pulses (dried)
12,SAUCE HOT SRIRACHA 28OZ,2.0,42.0,116.06,19.05087954,Vegetable oils
216,DOUGH COOKIE VEGAN CHOC CHIP,2.0,40.5,115.78,18.370490985,Legumes (misc.)
2,CHEESE BLUE CRUMBLES,3.0,30.0,114.87,13.6077711,Cheese
6,SPICE CURRY POWDER,0.0,7.056,113.84,3.2005477627200003,Stimulants & Spices (misc.)
6,PIE APPLE LATTC T&S 10,2.0,28.5,110.5,12.927382545,"Wheat/Rye (Bread, pasta, baked goods)"
4,CORNBREAD BKD CUT 12X16,2.0,32.0,109.84,14.51495584,Corn (Maize)
60,DRESSING RANCH PACKET,5.0,28.1,108.6,12.745945597,Vegetable oils
4,CEREAL FROSTED FLAKES,2.0,23.0,107.28,10.43262451,Grains/cereals (except rice)
1,MELON CANTALOUPE FRESH,3.0,103.5,105.84,46.946810295,Fruits (misc.)
1,RAISIN SEEDLESS GOLDEN,3.0,30.0,105.42,13.6077711,Fruits (misc.)
6,PIE LEMON MERNGE T&S 10,2.0,27.0,105.34,12.24699399,"Wheat/Rye (Bread, pasta, baked goods)"
1,SPROUT BEAN FRESH,4.0,40.0,104.84,18.1436948,Beans and pulses (dried)
3,SPICE PEPPER BLK GRND,0.0,9.8,104.0,4.445205226000001,Stimulants & Spices (misc.)
8,JUICE APPLE 100% PET,3.0,114.0,103.86,51.70953018,Apples
6,PIE PUMPKIN T&S 10,2.0,32.25,103.74,14.6283539325,"Wheat/Rye (Bread, pasta, baked goods)"
2,POTATO DICED CKD RSST SKLS MED,4.0,80.0,103.64,36.2873896,Potatoes
1,RICE CALROSE,3.0,149.7,103.53,67.902777789,Rice
1,CHEESE CREAM VEGAN ORIGINAL,3.0,19.8,103.47,8.981128926,Soybeans/Tofu
1,MELON CANTALOUPE CHNK,4.0,41.2,103.32,18.688005644000004,Fruits (misc.)
12,PEA GREEN P,2.0,60.0,102.04,27.2155422,Peas
1,BLUEBERRY CULT IQF GR A,1.0,30.0,100.86,13.6077711,Berries
6,PUDDING BUTTERSCOTCH ZTF,2.0,83.8,100.35,38.011040606,Sugars and sweeteners
6,SPICE PEPPER CAYENNE GRND,0.0,7.064,98.84,3.20417650168,Stimulants & Spices (misc.)
6,SPICE PEPPERCORN BLK GRINDER,1.0,2.79,97.25,1.2655227123,Corn (Maize)
1,CHARGE FREIGHT,3.0,3.0,95.52,1.36077711,Uncategorized
1,COUSCOUS INTL,2.0,20.0,95.5,9.0718474,"Wheat/Rye (Bread, pasta, baked goods)"
4,SYRUP COFFEE CARAMEL US,2.0,22.434,95.02,10.17589122858,Sugars and sweeteners
6,KETCHUP FANCY,2.0,84.56,94.57,38.3557708072,Tomatoes
5,"STIRRER WOOD COFF WRPD RND 7""",2.0,32.0,94.5,14.51495584,Uncategorized
6,TOMATO CRUSHED NO SALT ADD CA,2.0,76.5,93.76,34.699816305,Tomatoes
6,BEAN CANNELLINI,2.0,82.5,93.64,37.421370525,Beans and pulses (dried)
1,COOKIE FORTUNE IND WRPD SUPERK,6.0,42.0,92.94,19.05087954,"Wheat/Rye (Bread, pasta, baked goods)"
12,CREAM WHIPPED ARSL XTRA CREAMY,2.0,25.02,92.75,11.3488810974,Cream
1,SPICE SAFFRON TIN SPANISH,1.0,0.1,92.56,0.045359237,Stimulants & Spices (misc.)
4,GIARDINIERA GREEK,3.0,96.0,92.43,43.54486752,Other vegetables
1000,CANDY MINT BUTR USA FLAG,2.0,16.0,92.02,7.25747792,Sugars and sweeteners
10,SUGAR GRANULATED XFINE CANE,2.0,80.0,91.8,36.2873896,Sugars and sweeteners
1,CELERY FRESH,3.0,166.05,91.47,75.3190130385,Other vegetables
2,PEACH SLICED IQF,3.0,30.0,90.9,13.6077711,Fruits (misc.)
48,AVOCADO HASS FRSH HLV INDW HPP,3.0,13.5,90.51,6.123496995,Fruits (misc.)
6,SALT SEA GRINDER,1.0,4.77,90.15,2.1636356049,Stimulants & Spices (misc.)
6,TOMATO CRUSHED ALL PURPOSE  CA,2.0,79.6,89.82,36.105952652,Tomatoes
2,PASTA DITALINI/SALAD MACARONI,2.0,39.4,89.48,17.871539378,"Wheat/Rye (Bread, pasta, baked goods)"
10,GINGER PICKLED WHT SUSHI SHOGA,1.0,22.0,89.13,9.97903214,Rice
3,SEASONING CAJUN,0.0,6.5,89.06,2.948350405,Stimulants & Spices (misc.)
4,CEREAL CAP N CRUNCH,2.0,18.12,89.02,8.2190937444,Grains/cereals (except rice)
1,MUSHROOM CRIMINI SLCD FRESH,5.0,25.0,88.55,11.33980925,Vegetables (misc.)
2,FLOUR ALL PURP H&R BL EN MLT,4.0,200.0,87.64,90.718474,Grains/cereals (except rice)
1,CHOCOLATE CHIP WHITE BAKING,1.0,22.0,86.99,9.97903214,"Wheat/Rye (Bread, pasta, baked goods)"
1,SQUASH YEL S/N SMALL FCY FRESH,4.0,76.0,86.96,34.47302012,Fruits (misc.)
120,POTATO HASH BRN GLDN PTY,2.0,33.75,86.78,15.3087424875,Potatoes
6,SEASONING BLEND PERI PERI,0.0,5.246,86.76,2.37954557302,Stimulants & Spices (misc.)
1,CHOCOLATE CHIP SEMI SWT 1000CT,1.0,25.0,86.59,11.33980925,"Wheat/Rye (Bread, pasta, baked goods)"
3,SPICE GARLIC GRANULATED,0.0,13.0,86.38,5.8967008100000005,Stimulants & Spices (misc.)
1,SPRINKLE CHOCOLATE,3.0,30.0,86.13,13.6077711,Sugars and sweeteners
60,DRESSING RASPBERRY LTE PKT,5.0,28.15,85.8,12.7686252155,Berries
24,SYRUP CHOCOLATE SQUEEZE BOTTLE,1.0,37.0,85.49,16.78291769,Sugars and sweeteners
6,GLAZE BALSAMIC,4.0,19.6,84.16,8.890410452000001,Stimulants
6,MILK COCONUT ORIG ESL,3.0,76.53,83.61,34.713424076100004,Tree nuts and seeds
6,SPICE DILL WEED WH,0.0,1.54,83.4,0.6985322498000001,Stimulants & Spices (misc.)
4,VINEGAR CIDER APPLE 5% 50 GRN,2.0,67.2,83.0,30.481407264,Stimulants
6,SPICE TURMERIC GROUND,0.0,5.33,81.8,2.4176473321,Stimulants & Spices (misc.)
8,CONE CAKE #22 CUP DSPNSR,1.0,11.29,81.68,5.1210578573,"Wheat/Rye (Bread, pasta, baked goods)"
6,SPICE OREGANO LEAF,0.0,14.0,80.92,6.35029318,Stimulants & Spices (misc.)
1,PEPPER SUNTAN BELL FRESH,3.0,72.0,80.52,32.658650640000005,Stimulants & Spices (misc.)
4,CHUTNEY TAMARIND,2.0,16.0,80.46,7.25747792,Stimulants
1,RAISIN SEEDLESS SELECT,1.0,28.2,80.4,12.791304834,Fruits (misc.)
6,GRAIN QUINOA WHT FULLY CKD ORG,2.0,26.4,79.88,11.974838568,Grains/cereals (except rice)
1,SPICE ZAHTAR,2.0,2.0,79.62,0.90718474,Stimulants & Spices (misc.)
60,DRESSING HONEY MUSTARD PKT,4.0,22.52,79.6,10.2149001724,Tree nuts and seeds
1,THERMOMETER OVEN 100-600 F/C,12.0,2.4,79.32,1.088621688,Uncategorized
4,VINEGAR RED WINE FLAVORED,3.0,96.0,78.66,43.54486752,Stimulants
1,MINT FRESH,4.0,8.0,78.4,3.62873896,Stimulants & Spices (misc.)
6,SAUCE PLUM,1.0,30.0,76.99,13.6077711,Fruits (misc.)
200,CARROT BABY CUT PLD,2.0,38.0,76.96,17.23651006,Root Vegetables
6,WINE COOKING MIRIN AJI MANJO,1.0,22.5,76.53,10.205828325,Stimulants
24,SUGAR CONFECTIONER 10X CANE,2.0,53.4,76.18,24.221832558,Sugars and sweeteners
1,SEED SESAME WHITE,2.0,10.0,75.5,4.535923700000001,Tree nuts and seeds
6,CHEESE PIZZA BLND MOZZ/PROV WM,1.0,30.0,74.9,13.6077711,Cheese
6,CORN BABY WHL,1.0,42.5,73.99,19.277675725,Corn (Maize)
6,MILK ALMOND DARK CHOC,3.0,76.5,73.41,34.699816305,Almond milk
30,MARGARINE SOLID NH NPK,2.0,60.0,73.38,27.2155422,Butter
60,DRESSING BLUE CHEESE PACKET,3.0,16.89,72.48,7.661175129300001,Cheese
6,CHEESE PROVOLONE SLICED .75 TP,2.0,18.0,72.47,8.164662660000001,Cheese
6,BREAD CRUMB PANKO GLUTEN FREE,1.0,15.0,71.79,6.80388555,"Wheat/Rye (Bread, pasta, baked goods)"
6,COOKIE GINGER SNAP,2.0,12.0,71.32,5.4431084400000005,"Wheat/Rye (Bread, pasta, baked goods)"
6,PINEAPPLE SLI JCE,1.0,46.4,71.16,21.046685968,Fruits (misc.)
1,PASTE MISO WHT SHIRO,1.0,45.0,70.88,20.41165665,Stimulants
6,PASTE MISO WHT KOSHI,2.0,9.9,68.78,4.490564463,Stimulants
6,PEACH DICED W/PEAR JUICE,1.0,39.38,68.15,17.862467530600004,Fruits (misc.)
2,HAM APLWD ULTIMATE CARVING,1.0,13.6,68.03,6.168856232,Pork (pig meat)
12,SEASONING ALL PURP ADOBO W/PPR,1.0,21.0,66.69,9.52543977,Stimulants & Spices (misc.)
1,FLOWER ORCHID DECORATIVE MULTI,2.0,0.624,66.14,0.28304163888,Other vegetables
6,SPROUT BEAN FCY,1.0,38.25,65.9,17.3499081525,Beans and pulses (dried)
1,GRAIN SPCLTY WHEATBERRIES,2.0,20.0,65.66,9.0718474,Grains/cereals (except rice)
6,EXTRACT VANILLA PURE,0.0,2.0,65.4,0.90718474,Stimulants & Spices (misc.)
4,CHEESE GOUDA SMK VAN GOGH SLI,1.0,10.0,65.31,4.535923700000001,Cheese
6,CHEESE MUENSTER RED RIND,0.0,18.05,64.02,8.187342278500001,Cheese
6,PIE APPLE LATTC PRE-SLICED,1.0,12.75,63.95,5.783302717500001,"Wheat/Rye (Bread, pasta, baked goods)"
4,CEREAL COCOA PUFFS BULKPAK,1.0,10.55,63.92,4.785399503500001,Grains/cereals (except rice)
8,CROUTON SEASONED HMSTY ZTF,1.0,20.0,63.58,9.0718474,"Wheat/Rye (Bread, pasta, baked goods)"
24,SAUCE HOT,1.0,8.21,62.6,3.7239933577,Vegetable oils
24,COOKIE CHOC CHIP GLTN FR I/W,2.0,11.0,60.8,4.9895160700000005,"Wheat/Rye (Bread, pasta, baked goods)"
1,ASPARAGUS FRESH STANDARD,2.0,22.0,60.8,9.97903214,Other vegetables
107,DOUGH COOKIE OATMEAL RSN GOURM,1.0,21.0,60.76,9.52543977,"Wheat/Rye (Bread, pasta, baked goods)"
2,DOUGH TURNOVER APPLE 3 OZ,1.0,15.0,60.62,6.80388555,"Wheat/Rye (Bread, pasta, baked goods)"
4,DRESSING RANCH BTRM BANQUET,1.0,32.4,60.29,14.696392788,Vegetable oils
144,TOAST FRENCH CINN SWIRL HT&SRV,1.0,14.45,60.05,6.5544097465,"Wheat/Rye (Bread, pasta, baked goods)"
4,CHEESE MOZZARELLA SHRD WHL MLK,1.0,20.0,59.97,9.0718474,Cheese
4,CHEESE CHDR MILD FTHR SHRD YEL,1.0,20.0,59.48,9.0718474,Cheese
6,SPICE ALLSPICE GROUND,0.0,3.0,59.25,1.36077711,Stimulants & Spices (misc.)
12,BLUEBERRY FRESH,1.0,12.75,58.89,5.783302717500001,Berries
1,THYME FRESH,3.0,6.0,58.62,2.72155422,Vegetables (misc.)
6,SEASONING LIQUID,1.0,21.75,58.38,9.8656340475,Stimulants & Spices (misc.)
8,CHEESE VEGAN CHED SLI,1.0,12.0,58.16,5.4431084400000005,Soybeans/Tofu
1,MUSHROOM SHIITAKE LRG SLI 3/16,2.0,6.0,57.8,2.72155422,Vegetables (misc.)
200,JELLY ASST CUP  GRAP SB MIXFRT,3.0,20.1,57.39,9.117206637,Sugars and sweeteners
1,PASTE TAMARIND,8.0,7.0,56.88,3.17514659,Stimulants
6,CHESTNUT WATER SLICED,1.0,38.23,56.3,17.340836305099998,Peanuts/groundnuts
12,DRINK MIX FRUIT PUNCH,1.0,18.06,56.24,8.1918782022,Fruits (misc.)
1,EGGPLANT WHL FRESH,3.0,22.5,56.1,10.205828325,Other vegetables
150,CRACKER OYSTER NEW ENGLAND,3.0,14.07,55.83,6.382044645900001,"Wheat/Rye (Bread, pasta, baked goods)"
4,SYRUP VANILLA PL BTL NONGMO,1.0,19.635,55.78,8.906286184950002,Sugars and sweeteners
4,VINEGAR RICE GENUINE BREWED,1.0,37.0,55.66,16.78291769,Rice
48,BROWNIE CHOC CHIP GLUTEN FREE,1.0,10.5,55.55,4.762719885,"Wheat/Rye (Bread, pasta, baked goods)"
10,TEA HOT BAG BLK  ENV,1.0,7.0,55.26,3.17514659,Stimulants
4,SALAMI GENOA SLICED .33OZ,1.0,10.0,55.21,4.535923700000001,Pork (pig meat)
2,BERRY PERFECT IQF,1.0,10.0,55.15,4.535923700000001,Berries
4,PUREE STRAWBERRY,1.0,12.7,55.09,5.760623099,Berries
1,CHIVE FRESH HERB,4.0,1.4,54.72,0.635029318,Other vegetables
3,SPICE PAPRIKA DOM GRND,0.0,9.0,54.54,4.082331330000001,Stimulants & Spices (misc.)
1,BANANA FRESH RIPE/READY,2.0,82.134,54.06,37.25535571758,Bananas
48,DESSERT BAR BROOKIE GF,1.0,10.5,53.64,4.762719885,Sugars and sweeteners
2,CHEESE PARM SHRD USA,1.0,10.0,53.6,4.535923700000001,Cheese
4,CEREAL FROOT LOOPS,1.0,9.25,53.18,4.1957294225,Grains/cereals (except rice)
4,SYRUP MAPLE 55% BLEND,0.0,10.637,52.37,4.82486203969,Sugars and sweeteners
1,SPRINKLE RAINBOW,2.0,20.0,52.08,9.0718474,Sugars and sweeteners
1,CARROT FRESH JUMBO,2.0,100.0,51.71,45.359237,Root Vegetables
1,MANGO CHUNK IQF,1.0,20.0,51.38,9.0718474,Fruits (misc.)
6,VINEGAR RED WINE,2.0,24.52,51.22,11.1220849124,Stimulants
6,MARMALADE ORANGE,1.0,32.4,50.92,14.696392788,Citrus Fruit
6,BAMBOO SHOOT STRIP,1.0,39.0,50.69,17.69010243,Other vegetables
4,LETTUCE SHREDDED 1/8 IN FRESH,2.0,40.0,50.68,18.1436948,Cabbages and other Brassicas (Broccoli)
48,BREAD FLAT OVAL 12 X 5,1.0,14.4,50.54,6.531730128,"Wheat/Rye (Bread, pasta, baked goods)"
1,BARLEY PEARLED DRIED,2.0,40.0,50.28,18.1436948,"Wheat/Rye (Bread, pasta, baked goods)"
1,APPLE SLICE IQF,1.0,30.0,50.11,13.6077711,Apples
12,CORN WHL KERNEL GR A P,1.0,30.0,49.56,13.6077711,Corn (Maize)
6,JUICE LEMON PSTRZD ULTRA PREM,2.0,26.0,49.22,11.79340162,Citrus Fruit
6,PUDDING CHOCOLATE ZTF,1.0,41.7,49.02,18.914801829,Sugars and sweeteners
4,MAYONNAISE HEAVY DUTY,1.0,29.0,48.84,13.15417873,Vegetable oils
1,EGG SHELL LRG BRN A CAGE FREE,1.0,22.5,47.75,10.205828325,Eggs
200,JUICE LEMON PACKET,4.0,7.04,47.68,3.1932902848,Citrus Fruit
12,WONTON WRAPPER,1.0,10.5,47.66,4.762719885,Uncategorized
12,RASPBERRY RED FRESH,1.0,7.2,46.98,3.265865064,Berries
1,ICE CREAM COTTN CNDY BLU/PINK,2.0,28.0,46.82,12.70058636,Ice cream
4,SAUCE WING SWT TERIYAKI,1.0,20.724,45.84,9.40024827588,Vegetable oils
12,SAUCE CARAMEL DESIGNER DESSERT,1.0,12.75,44.16,5.783302717500001,Vegetable oils
2,SAUCE CHIPOTLE ANCHO SANDWICH,1.0,17.33,44.1,7.860755772099999,Vegetable oils
4,DRESSING BLUE CHEESE CHNKY PRM,0.0,15.6,44.04,7.076040972,Cheese
6,SAUCE FISH PREMIUM,2.0,17.746,43.94,8.04945019802,Fish (finfish)
1,PICKLE CHIP DILL KO RE KK 5/16,1.0,45.6,43.53,20.683812072,"Wheat/Rye (Bread, pasta, baked goods)"
4,VEGETABLE MIX SLAW POWER BLEND,2.0,16.0,42.96,7.25747792,Legumes (misc.)
2,DRESSING ASIAN SESAME GINGER,1.0,31.0,42.82,14.06136347,Tree nuts and seeds
1,SORBET MANGO,1.0,20.2,42.22,9.162565874,Fruits (misc.)
1,PEPPER BELL RED HOT HSE,1.0,25.0,42.18,11.33980925,Stimulants & Spices (misc.)
6,BEAN KIDNEY WHITE,1.0,40.5,40.87,18.370490985,Beans and pulses (dried)
1,ONION YELLOW JUMBO BAG,2.0,100.0,39.64,45.359237,Onions and Leeks
1,GINGER ROOT FRESH,2.0,10.0,39.1,4.535923700000001,Roots and Tubers
1,ROSEMARY FRESH,2.0,4.0,39.08,1.81436948,Vegetables (misc.)
1,LEMON CHOICE FRESH,1.0,40.0,38.87,18.1436948,Citrus Fruit
12,TOPPING WHPD ARSL,1.0,10.0,38.14,4.535923700000001,Vegetable oils
1,POTATO FRESH FINGERLING MIXED,1.0,10.0,37.03,4.535923700000001,Potatoes
1,FLOWER EDIBLE PANSY FRSH,2.0,2.0,36.92,0.90718474,Other vegetables
1,LEEK FRESH HOLLAND,1.0,11.0,36.32,4.9895160700000005,Onions and Leeks
1,DILL BABY FRESH HERB,6.0,1.5,36.18,0.6803885550000001,Stimulants & Spices (misc.)
2000,SUGAR PACKET,2.0,25.0,35.5,11.33980925,Sugars and sweeteners
6,LETTUCE ROMAINE SHREDDED 3/8,1.0,12.0,35.02,5.4431084400000005,Cabbages and other Brassicas (Broccoli)
2,SOUP PASTA FAGIOLI,1.0,0.16,35.02,0.0725747792,"Wheat/Rye (Bread, pasta, baked goods)"
12,VINEGAR BALSAMIC ITALY,1.0,12.6,34.28,5.7152638620000005,Stimulants
4,LETTUCE ROMAINE HEART OF FRSH,1.0,21.4,34.14,9.706876718,Cabbages and other Brassicas (Broccoli)
20,PIE SHELL VEG DEEP DISH 9,1.0,10.0,33.66,4.535923700000001,Legumes (misc.)
1200,SUGAR TURBINADO PACKET CANE,1.0,11.5,33.64,5.216312255,Sugars and sweeteners
60,DRESSING ITALIAN CREAMY PACKET,2.0,11.26,33.52,5.1074500862,Vegetable oils
6,SPICE CLOVE GRND,0.0,1.066,31.56,0.48352946642,Stimulants & Spices (misc.)
8,STRAWBERRY FRESH DRISCOLL,1.0,8.0,31.55,3.62873896,Berries
1,CHIP TORTILLA YEL 4 IN CUT,1.0,30.5,29.88,13.834567285,"Wheat/Rye (Bread, pasta, baked goods)"
1,PEPPER POBLANO FRESH,1.0,10.0,29.16,4.535923700000001,Stimulants & Spices (misc.)
50,CHEESE CHDR SHRP WHT IW,1.0,2.345,28.2,1.06367410765,Cheese
12,MUSTARD DRY PWDR TIN,0.0,2.0,27.54,0.90718474,Tree nuts and seeds
4,SYRUP CANE 100% PURE,0.0,8.925,26.82,4.048311902250001,Sugars and sweeteners
4,SYRUP CINNAMON,0.0,9.0,26.7,4.082331330000001,Sugars and sweeteners
6,SPICE NUTMEG GROUND,0.0,1.05,25.24,0.4762719885,Stimulants & Spices (misc.)
1,BASIL FRESH THAI HERB,2.0,2.0,24.02,0.90718474,Stimulants & Spices (misc.)
6,SAUCE OYSTER MSG PANDA,0.0,15.0,23.25,6.80388555,Vegetable oils
6,SPICE MUSTARD GROUND DRY,0.0,1.983,22.28,0.8994736697100001,Tree nuts and seeds
1,ONION RED JUMBO BOX,1.0,25.0,22.24,11.33980925,Onions and Leeks
3,SPICE BASIL LEAVES,0.0,1.75,21.58,0.7937866475,Stimulants & Spices (misc.)
1,LIME FLORIDA FRESH,1.0,10.0,21.55,4.535923700000001,Citrus Fruit
4,KALE FRESH GRN SHRD 1/8 SEPCLR,1.0,6.0,21.52,2.72155422,Cabbages and other Brassicas (Broccoli)
2,VINEGAR WHITE WINE ITALY,1.0,22.38,21.16,10.1513972406,Stimulants
4,EXTRACT VANILLA IMIT,0.0,8.34,21.11,3.7829603658,Stimulants & Spices (misc.)
6,SPICE CUMIN SEED WH,0.0,1.0,21.0,0.45359237,Tree nuts and seeds
1,PEPPER SERRANO FRSH,1.0,5.0,20.14,2.2679618500000003,Stimulants & Spices (misc.)
4,SYRUP COCONUT,0.0,5.95,19.88,2.6988746015,Tree nuts and seeds
1,PEPPER JALAPENO FRESH,1.0,10.0,19.85,4.535923700000001,Stimulants & Spices (misc.)
1,SPICE PEPPER RED CRUSHED,0.0,0.666,19.75,0.30209251842,Stimulants & Spices (misc.)
1,PEPPER RED BELL FRESH,1.0,5.0,19.02,2.2679618500000003,Stimulants & Spices (misc.)
6,SPICE LEMON PEPPER,0.0,1.736,17.92,0.78743635432,Citrus Fruit
12,TOMATO GRAPE FRSH,1.0,10.0,17.74,4.535923700000001,Tomatoes
6,MIX SEASONING TACO,1.0,3.05,17.5,1.3834567285,Corn (Maize)
2,APTZR QUESO BRD NACHO,1.0,8.0,17.01,3.62873896,Uncategorized
6,SPICE THYME GROUND,0.0,0.713,16.0,0.32341135981,Vegetables (misc.)
6,POWDER BAKING,0.0,5.0,11.56,2.2679618500000003,Stimulants
6,SPICE PARSLEY FLAKE,0.0,0.811,11.55,0.36786341207,Grains/cereals (except rice)
1,PEPPER JALAPENO FRSH,1.0,2.0,10.57,0.90718474,Stimulants & Spices (misc.)
6,SPICE CHIVE FREEZE DRIED,0.0,0.1,10.56,0.045359237,Other vegetables
12,SPICE ANISE STAR,0.0,0.469,8.4,0.21273482153,Stimulants & Spices (misc.)
6,SPICE CINNAMON GRND,0.0,1.125,8.33,0.5102914162500001,Stimulants & Spices (misc.)
4,SAUCE WORCESTERSHIRE,0.0,9.05,5.67,4.1050109485,Vegetable oils
12,COLORING FOOD EGG YELLOW,0.0,2.0,1.75,0.90718474,Eggs
1,COOKIE FORTUNE WRPD,0.0,0.0,0.0,0.0,"Wheat/Rye (Bread, pasta, baked goods)"
1,FLOWER EDIBLE ORCHIDS,0.0,0.0,0.0,0.0,Other vegetables
12,CEREAL HOT CREAMY WHEAT FARINA,0.0,0.0,0.0,0.0,Grains/cereals (except rice)
1,YEAST DRY NUTRIENTS,0.0,0.0,0.0,0.0,Uncategorized
1,SUPPLY SOTF TABLEWARE BIDS,3.0,18.0,10084.9,8.164662660000001,Uncategorized
1,SUPPLY EQUIPMENT BID ITEM,4.0,4.0,8354.09,1.81436948,Uncategorized
1,SUPPLY SOTF KITCHEN BIDS,7.0,42.0,8273.56,19.05087954,Uncategorized
1,SUPPLY SOTF TEXTILES,1.0,6.0,2202.0,2.72155422,Uncategorized
3,DETERGENT POT/PAN HAND SMARTPW,16.0,96.0,2199.04,43.54486752,Uncategorized
1,SUPPLY SOTF STORAGE BIDS,2.0,12.0,1887.72,5.4431084400000005,Uncategorized
1,CHARGE FOR DEL/INSTAL/REMOV,1.0,1.0,1783.23,0.45359237,Uncategorized
1,CHARGE FREIGHT,18.0,18.0,985.24,8.164662660000001,Uncategorized
1,SUPPLY SOTF DINING ROOM BIDS,1.0,6.0,897.3,2.72155422,Uncategorized
1,DETERGENT POT/PAN PANTASTIC,6.0,276.0,724.92,125.19149412,Uncategorized
6,CLEANER OVEN GREASESTRIP+ NP,7.0,91.28,634.41,41.4039115336,Uncategorized
1,CLEANER FLOOR SANI WSH N WALK,3.0,64.8,542.34,29.392785576,Uncategorized
1,SUPPLY SOTF JANSAN,4.0,24.0,502.62,10.88621688,Uncategorized
1,CLEANER DRAIN GREASE DIGESTANT,1.0,20.83,462.73,9.4483290671,Uncategorized
1,SUPPLY EQUIPMENT ON THE FLY,2.0,12.0,456.34,5.4431084400000005,Uncategorized
6,TOWEL ROLL NON-PERF 7.75 NAT,7.0,87.64,453.44,39.7528353068,Rice
2,RINSE AID ADDITIVE SMRTPWR,1.0,5.0,352.45,2.2679618500000003,Uncategorized
1,SANITIZER OASIS 146 MULTI QUAT,2.0,41.6,254.9,18.869442592,Uncategorized
1,SUPPLY SOTF DINING ROOM,1.0,6.0,250.32,2.72155422,Uncategorized
6,SOAP ANTIBACTERIAL ADV NEXA,2.0,19.82,244.96,8.9902007734,Uncategorized
1,CLEANER DEGRSR ORGFRC OASIS137,2.0,42.4,227.22,19.232316488,Uncategorized
4,CLEANER DEGRSR GRS CTTR PLS NP,3.0,102.0,222.27,46.266421740000006,Uncategorized
2,PRESOAK FLATWARE SILVER POWER,1.0,16.0,136.68,7.25747792,Uncategorized
1,TWINE POLY TYING,5.0,55.0,118.15,24.947580350000003,Stimulants
6,ODOR CNTACT AIR AND FABRIC RTU,2.0,24.98,118.12,11.3307374026,Uncategorized
4,CLEANER ALL PURPOSE PINE RTU,3.0,101.1,113.46,45.858188607,Uncategorized
6,BLEACH LIQ GRMCDL ULTRA 6%,3.0,175.5,83.28,79.60546093500001,Uncategorized
8,TISSUE TOILET 3.5 JMBO 2P WHT,2.0,29.04,82.58,13.1723224248,Uncategorized
50,COVER PLAS BUN PAN RACK 15MC,2.0,14.6,82.46,6.622448602,"Wheat/Rye (Bread, pasta, baked goods)"
80,TISSUE TOILET 3.8X4 WRPD 2PLY,1.0,31.35,67.13,14.220120799500002,Uncategorized
1,APRON BIB DISHWASHER VINYL CLR,1.0,2.0,59.33,0.90718474,Uncategorized
1,PAD SCOUR XHV NYLON 3.5X6 BLUE,2.0,1.4,40.36,0.635029318,Uncategorized
1,PAD SCOUR 6X9 HVYDTY ANTIMICRO,2.0,3.8,29.12,1.723651006,Uncategorized
6,PAD SCRUB S-S 35 GRAM 1.25 OZ,0.0,2.332,23.8,1.05777740684,Uncategorized
1,SUPPLY SOTF DINING ROOM BIDS,4.0,24.0,41585.87,10.88621688,Uncategorized
1,SUPPLY SOTF TABLEWARE BIDS,7.0,42.0,13893.42,19.05087954,Uncategorized
1,SUPPLY SOTF STORAGE BIDS,2.0,12.0,4430.2,5.4431084400000005,Uncategorized
1,CHARGE FREIGHT,10.0,10.0,1682.09,4.535923700000001,Uncategorized
3,DETERGENT POT/PAN HAND SMARTPW,7.0,42.0,962.08,19.05087954,Uncategorized
1,SUPPLY SOTF KITCHEN BIDS,1.0,6.0,775.6,2.72155422,Uncategorized
6,DETERGENT MACHINE SMRTPWR,4.0,162.0,761.32,73.48196394,Uncategorized
1,CLEANER FLOOR SANI WSH N WALK,3.0,64.8,542.34,29.392785576,Uncategorized
6,CLEANER DEGRSR OVEN & GRL RTU,3.0,37.5,214.59,17.009713875,Uncategorized
50,COVER PLAS BUN PAN RACK 15MC,3.0,21.9,123.69,9.933672903,"Wheat/Rye (Bread, pasta, baked goods)"
6,BLEACH CHLORINE LIQ 5.25 %,5.0,292.5,100.0,132.675768225,Uncategorized
4,CLEANER DEGREASER GRILL&FRYER,1.0,35.65,76.29,16.1705679905,"Wheat/Rye (Bread, pasta, baked goods)"
4,CHICKEN CVP THIGH B/S HALAL,21.0,840.0,1891.44,381.0175908,"Poultry (chicken, turkey)"
4,CHICKEN CVP BRST 6OZ HAL,17.0,340.0,1737.41,154.2214058,"Poultry (chicken, turkey)"
4,PORK BELLY SOUS VIDE FC,14.0,119.39,779.18,54.1543930543,Pork (pig meat)
2,SOUP CHICKEN NDLE,16.0,256.0,683.04,116.11964672,"Poultry (chicken, turkey)"
4,SHRIMP WHT P&D TLOF 31/40,12.0,120.0,651.96,54.4310844,Crustaceans (shrimp/prawns)
1,RICE PARBOILED PERFECT,26.0,663.0,581.44,300.73174131,Rice
12,CREAMER HALF & HALF ESL,13.0,333.45,565.12,151.2503757765,Milk (cow's milk)
24,WATER SPRING STILL ALUM W/ELEC,20.0,530.0,561.8,240.4039561,Uncategorized
6,MILK HOMO ORGANIC,19.0,456.0,556.13,206.83812072,Milk (cow's milk)
7,BEEF FLANK STEAK SKND 193,1.0,76.0,536.56,34.47302012,Beef & buffalo meat
24,WATER BTLD SMARTWATER,10.0,420.0,453.8,190.5087954,Uncategorized
4,CHICKEN CVP BRST B/S 5OZ HAL,4.0,80.0,411.32,36.2873896,"Poultry (chicken, turkey)"
4,BEEF BARBACOA CAFE H MEX/SHRED,2.0,44.0,314.96,19.95806428,Beef & buffalo meat
2,SOUP MINESTRONE RTU REFRI,7.0,112.0,290.78,50.80234544,"Wheat/Rye (Bread, pasta, baked goods)"
1,CATFISH FIL IQF 5-7 OZ,4.0,60.0,283.32,27.2155422,Fish (finfish)
1,CHICKEN CVP DRM & THGH MXD HAL,6.0,240.0,257.64,108.8621688,"Poultry (chicken, turkey)"
2,MEATBALL BEEF ITAL STYLE 1 OZ,5.0,50.0,252.65,22.6796185,Beef & buffalo meat
1,PLANTBASED MEATBALL VEGAN,4.0,40.0,239.04,18.1436948,Legumes (misc.)
4,LETTUCE FRESH TENDER GREENS,6.0,72.0,234.84,32.658650640000005,Cabbages and other Brassicas (Broccoli)
1,TOMATO GRAPE FRSH,11.0,110.0,229.33,49.895160700000005,Tomatoes
1,MUSHROOM MEDIUM FRESH,9.0,90.0,211.41,40.8233133,Vegetables (misc.)
12,CREAM HEAVY WHIPPING 36% ESL,3.0,76.98,206.91,34.9175406426,Cream
20,BROCCOLI RABE ICELESS,4.0,80.0,200.8,36.2873896,Cabbages and other Brassicas (Broccoli)
10,CLAM WHL SHEL CKD VP 17-22ASIA,4.0,40.0,195.44,18.1436948,Mollusks
2,CHEESE MOZZ FRSH CILIEGN 1/3OZ,6.0,36.0,195.24,16.329325320000002,Cheese
10,PORK RIB ST LOUIS 2.75-3#,2.0,60.12,191.42,27.2699732844,Pork (pig meat)
2,ARUGULA BABY FRESH,11.0,44.0,187.77,19.95806428,Cabbages and other Brassicas (Broccoli)
12,GUACAMOLE CALIFORNIA HPP FRZ,3.0,36.0,184.37,16.329325320000002,Fruits (misc.)
2,CHICKEN BRST BRD PCK NAE 4OZ,4.0,40.0,181.7,18.1436948,"Poultry (chicken, turkey)"
20,CLAM WHL BABY CKD VP 40-60 CHN,4.0,40.0,180.0,18.1436948,Mollusks
6,MILK ORIGINAL OAT XTRA CREAMY,9.0,197.64,179.19,89.6479960068,Oat milk
12,VEGETABLE MIX 5 WAY GR A P,3.0,90.0,174.61,40.8233133,Legumes (misc.)
6,MILK SOY PLAIN 64OZ,6.0,144.0,167.28,65.31730128000001,Soy milk
2,SALSA PICO DE GALLO,6.0,60.0,163.5,27.2155422,Stimulants
12,YOGURT STRW OIKOS TRIPLE ZERO,8.0,31.776,160.96,14.41335114912,Yogurt
1,CUCUMBER ENGLISH LONG,11.0,132.0,156.75,59.874192840000006,Other vegetables
6,OIL OLIVE EXTRA VIRGIN,2.0,10.38,154.22,4.708288800600001,Olives (Oil)
1,SEED CHIA BLK ORGANC,2.0,20.0,153.06,9.0718474,Tree nuts and seeds
6,SAUCE MARINARA PREMIUM MW,3.0,118.125,134.74,53.58059870625,Vegetable oils
2,PASTA SPAGHETTI 10 IN,4.0,83.6,134.22,37.920322132,"Wheat/Rye (Bread, pasta, baked goods)"
1,TOMATILLO FRESH DEHUSKED,3.0,60.0,132.66,27.2155422,Other vegetables
12,GREEN COLLARD IQF,2.0,68.9,131.44,31.252514293000004,Cabbages and other Brassicas (Broccoli)
4,SOUP ITALIAN WEDDING MTBL RTU,3.0,48.0,128.73,21.77243376,Lamb/mutton & goat meat
1,PEPPER SWEET BELL MEDLEY HH,3.0,60.0,126.54,27.2155422,Stimulants & Spices (misc.)
6,BEAN KIDNEY DARK RED,3.0,121.65,122.53,55.1795118105,Beans and pulses (dried)
2,PASTA MACARONI ELBOW SMOOTH,3.0,60.0,121.56,27.2155422,"Wheat/Rye (Bread, pasta, baked goods)"
2,SOUP CHOWDER CLAM N.E. FRESH,2.0,30.0,121.38,13.6077711,Mollusks
6,MILK SKIM UHT,8.0,201.6,120.88,91.444221792,Milk (cow's milk)
6,TEA ASST 6 FLVR,4.0,8.0,119.76,3.62873896,Stimulants
2,YOGURT PLAIN WHL MILK DAHI,5.0,100.0,119.65,45.359237,Yogurt
1,BROCCOLI CROWN ASIAN ICELS,4.0,80.0,118.36,36.2873896,Cabbages and other Brassicas (Broccoli)
12,WATER COCONUT JUICE 100%,6.0,54.0,115.86,24.49398798,Tree nuts and seeds
1,SQUASH YELLOW S/N MEDIUM FRESH,4.0,96.0,115.8,43.54486752,Fruits (misc.)
6,TUNA TONGOL CHUNK IN WTR,1.0,27.95,105.72,12.6779067415,Fish (finfish)
1,SQUASH ZUCCHINI SMALL FCY FRSH,4.0,100.0,103.62,45.359237,Other vegetables
2,BEAN GREEN TRIMMED FRSH,4.0,41.8,98.4,18.960161066,Beans and pulses (dried)
2,CHICKEN WING STEAMED PCK LGE,2.0,20.0,98.06,9.0718474,"Poultry (chicken, turkey)"
6,CORN WHL KERNEL GOLDEN FCY,2.0,89.7,96.42,40.687235589,Corn (Maize)
64,CHIP POTATO BKD BIG GRAB,2.0,9.0,90.48,4.082331330000001,"Wheat/Rye (Bread, pasta, baked goods)"
4,NOODLE LO MEIN,2.0,40.0,87.72,18.1436948,"Wheat/Rye (Bread, pasta, baked goods)"
12,YOGURT COCONUT ALMND LOCO FLIP,4.0,15.92,82.4,7.2211905304,Yogurt
12,YOGURT KEY LIME CRUMBLE FLIP,4.0,20.0,82.4,9.0718474,Yogurt
6,VEGETABLE BLND RSTD CORN PEPR,2.0,30.0,80.88,13.6077711,Legumes (misc.)
10,SALAMI GENOA FONTINA SNCK PK,2.0,2.5,80.0,1.133980925,Pork (pig meat)
24,TORTILLA FLOUR PRSSD 8 IN,2.0,57.0,78.51,25.85476509,Grains/cereals (except rice)
24,WATER SPRING PET,3.0,79.38,78.21,36.0061623306,Uncategorized
12,SAUCE TABASCO HOT,1.0,9.0,76.71,4.082331330000001,Vegetable oils
1,BANANA FRESH GREEN TIP,3.0,129.0,75.87,58.513415730000006,Bananas
10,PASTE MISO RED,1.0,24.0,75.72,10.88621688,Stimulants
12,TORTILLA CORN WHT 6 FRSH,2.0,45.0,74.06,20.41165665,Corn (Maize)
24,WATER BOTTLED PLAS,3.0,86.4,73.53,39.190380768,Uncategorized
6,POTATO SWEET CENTER CUT,1.0,30.0,73.44,13.6077711,Cassava and Other Roots
30,BEEF PATTY 75/25 WIDE FRSH,1.0,15.0,71.67,6.80388555,Beef & buffalo meat
1,BEET FRESH GOLD,3.0,75.0,71.22,34.01942775,Root Vegetables
1,MUSHROOM SLCD FRESH,3.0,30.0,69.48,13.6077711,Vegetables (misc.)
12,VINEGAR BALSAMIC ITALY,2.0,25.2,68.56,11.430527724,Stimulants
4,NOODLE YAKISOBA JAPNSE FZ,2.0,40.0,68.1,18.1436948,"Wheat/Rye (Bread, pasta, baked goods)"
12,CEREAL HOT OAT OLD FASHIONED,1.0,32.2,66.07,14.605674314000002,Grains/cereals (except rice)
12,CEREAL HOT OAT QUICK,1.0,35.2,66.07,15.966451424000002,Grains/cereals (except rice)
6,RICE BLK CHINA FORBIDDEN ORG,2.0,12.0,65.32,5.4431084400000005,Rice
8,STRAWBERRY FRESH DRISCOLL,2.0,16.0,63.1,7.25747792,Berries
1,EGGPLANT FRESH,2.0,54.0,62.56,24.49398798,Other vegetables
12,CAULIFLOWER CELLO WRPD FRSH,2.0,53.1,61.78,24.085754847,Cabbages and other Brassicas (Broccoli)
107,DOUGH COOKIE OATMEAL RSN GOURM,1.0,21.0,60.76,9.52543977,"Wheat/Rye (Bread, pasta, baked goods)"
2,RASPBERRY RED WHOLE IQF,1.0,9.95,60.54,4.5132440815,Berries
3,CHEESE CUBE CHDR/SWISS/PEP JCK,1.0,15.0,57.78,6.80388555,Cheese
6,BUN PLAIN BAO FLD BTRFLY SHPD,1.0,8.0,56.63,3.62873896,"Wheat/Rye (Bread, pasta, baked goods)"
1,OAT REGULAR GLUTEN FREE,1.0,25.0,55.66,11.33980925,Oats (Oatmeal)
500,MAYONNAISE PACKET,1.0,9.94,54.91,4.5087081578,Vegetable oils
1,APPLE GRANNYSMITH SLI IQF,1.0,30.0,54.4,13.6077711,Apples
6,VINEGAR RED WINE,2.0,24.52,51.22,11.1220849124,Stimulants
1,BEET RED WITHOUT TOP FRESH,3.0,75.0,49.47,34.01942775,Root Vegetables
24,DRINK ENERGY RED BULL,1.0,12.45,48.55,5.6472250065,Stimulants
24,DRINK ENERGY REDBULL SF,1.0,14.4,48.5,6.531730128,Stimulants
4,CILANTRO CLEAN WASH FRESH HERB,2.0,9.4,46.72,4.263768278000001,Stimulants & Spices (misc.)
2,CREAM SOUR CREMA MEXICANA,2.0,20.0,45.88,9.0718474,Cream
4,ONION DICED 3/8 YEL,1.0,20.0,43.33,9.0718474,Onions and Leeks
1,PINEAPPLE CHUNK IQF,1.0,20.0,41.64,9.0718474,Fruits (misc.)
6,BEAN KIDNEY WHITE,1.0,40.5,40.87,18.370490985,Beans and pulses (dried)
4,SWEETENER LIQUID AGAVE,1.0,13.05,39.83,5.9193804285,Sugars and sweeteners
6,SNACK BAR CARAMEL ALMD SEA SLT,0.0,2.1,38.72,0.952543977,Tree nuts and seeds
6,SNACK BAR CRAN ALMOND PLUS,0.0,2.332,38.5,1.05777740684,Tree nuts and seeds
6,SNACK BAR ALMOND AND COCONT,0.0,2.566,37.8,1.16391802142,Tree nuts and seeds
6,SNACK BAR BLUBRY VAN & CASHEW,0.0,2.1,37.58,0.952543977,Tree nuts and seeds
150,CRACKER OYSTER NEW ENGLAND,2.0,9.38,37.22,4.2546964306,"Wheat/Rye (Bread, pasta, baked goods)"
1,CILANTRO FRESH ICELESS,1.0,16.0,37.11,7.25747792,Stimulants & Spices (misc.)
4,CARROT SHRD FRSH MATCH STK,1.0,20.0,36.26,9.0718474,Root Vegetables
5,BUN HAMBURGER BRIOCHE 4IN,1.0,10.5,34.14,4.762719885,Pork (pig meat)
4,CABBAGE RED SHRED 1/8,1.0,20.15,31.49,9.1398862555,Cabbages and other Brassicas (Broccoli)
24,PEA GREEN SPLIT DRIED,1.0,24.0,31.04,10.88621688,Peas
2,PEACH SLICED IQF,1.0,10.0,31.02,4.535923700000001,Fruits (misc.)
1,BEAN LENTIL DRIED,1.0,20.0,28.61,9.0718474,Beans and pulses (dried)
6,BAMBOO SHOOT SLICED,1.0,44.0,27.92,19.95806428,Other vegetables
1,PEPPER SUNTAN BELL FRESH,1.0,24.0,26.76,10.88621688,Stimulants & Spices (misc.)
60,DRESSING CAESAR CREAMY PKT,1.0,5.63,26.25,2.5537250431,Vegetable oils
1,STRAWBERRY WHOLE IQF,1.0,8.35,25.63,3.7874962895,Berries
288,CREAMER COFFEE HAZLENUT ND,1.0,7.913,25.42,3.5892764238100003,Cream
288,CREAMER COFFEE FRCH VAN ND,1.0,9.0,25.4,4.082331330000001,Cream
4,CABBAGE GREEN SHRD FRSH W/BAG,1.0,20.0,24.98,9.0718474,Cabbages and other Brassicas (Broccoli)
60,DRESSING BLUE CHEESE PACKET,1.0,5.63,24.16,2.5537250431,Cheese
4,PARSLEY CLN/WASH FRESH HERB,1.0,4.0,23.63,1.81436948,Grains/cereals (except rice)
60,DRESSING RANCH PACKET,1.0,5.62,21.72,2.5491891194000003,Vegetable oils
60,DRESSING HONEY MUSTARD PKT,1.0,5.63,19.9,2.5537250431,Tree nuts and seeds
12,YOGURT BLACK CHERRY GREEK NF,1.0,4.5,19.56,2.0411656650000003,Yogurt
12,YOGURT BLUEBERRY GREEK NON FAT,1.0,4.0,19.56,1.81436948,Yogurt
12,YOGURT PEACH GREEK NONFAT,1.0,4.0,19.56,1.81436948,Yogurt
12,YOGURT PINEAPPLE GREEK 2%,1.0,4.5,19.56,2.0411656650000003,Yogurt
12,YOGURT PLAIN NONFAT GREEK,1.0,3.975,19.56,1.80302967075,Yogurt
12,YOGURT RASPBERRY GREEK NF,1.0,4.5,19.56,2.0411656650000003,Yogurt
12,YOGURT STWBRY GREEK NON FAT,1.0,4.0,19.56,1.81436948,Yogurt
60,DRESSING 1000 ISLAND PACKET,1.0,5.63,18.36,2.5537250431,Vegetable oils
60,DRESSING ITALIAN GOLDEN PACKET,1.0,5.63,18.12,2.5537250431,Vegetable oils
60,DRESSING FRENCH CREAMY PACKET,1.0,5.63,17.11,2.5537250431,Vegetable oils
60,DRESSING BALSAMIC VINGT PKT,1.0,5.63,15.76,2.5537250431,Vegetable oils
24,WATER FLAVOR COCONUT CAN,1.0,18.0,14.86,8.164662660000001,Tree nuts and seeds
24,WATER SPARKLING,1.0,20.0,14.86,9.0718474,Uncategorized
24,WATER SPARKLING BERRY,1.0,18.0,14.86,8.164662660000001,Berries
24,WATER SPARKLING GRAPEFRUIT,1.0,17.99,14.86,8.1601267363,Fruits (misc.)
24,WATER SPARKLING KEY LIME CAN,1.0,18.0,14.86,8.164662660000001,Citrus Fruit
24,WATER SPARKLING MANGO,1.0,20.0,14.86,9.0718474,Fruits (misc.)
24,WATER SPARKLING PEACH PEAR,1.0,20.0,14.86,9.0718474,Fruits (misc.)
24,WATER SPARKLING TANGERINE CAN,1.0,18.0,14.86,8.164662660000001,Uncategorized
2,EGG LIQ WHL CAGE FREE W/CITRIC,12.0,480.0,2996.14,217.7243376,Eggs
4,CHICKEN CVP BRST 6OZ HAL,20.0,400.0,2014.38,181.436948,"Poultry (chicken, turkey)"
2,LAMB STEW DOM 295,15.0,151.78,1737.81,68.84624991860001,Lamb/mutton & goat meat
4,JUICE ORANGE,28.0,1064.0,1727.6,482.62228168,Citrus Fruit
48,COOKIE CHOC CHUNK IW SANDY S,20.0,181.2,1353.4,82.190937444,"Wheat/Rye (Bread, pasta, baked goods)"
24,SODA COKE DIET,60.0,1065.75,1332.0,483.4160683275,Stimulants
1,APTZR MUSHROOM ARANCINI,7.0,59.92,1042.86,27.179254810400003,Vegetables (misc.)
2,BEEF TENDERLOIN PSMO IMP,7.0,79.75,1027.98,36.1739915075,Beef & buffalo meat
1,MELON HONEYDEW FRSH,32.0,768.0,1004.16,348.35894016000003,Fruits (misc.)
1,PINEAPPLE FRESH GOLDEN RIPE,33.0,396.0,834.57,179.62257852000002,Fruits (misc.)
8,STRAWBERRY FRESH DRISCOLL,23.0,184.0,799.64,83.46099608,Berries
12,WATER COCONUT JUICE 100%,41.0,369.0,791.71,167.37558453,Tree nuts and seeds
24,WATER SPARKLING,50.0,1000.0,743.0,453.59237,Uncategorized
160,ROLL DINNER ASST THAW AND SERV,15.0,222.0,739.35,100.69750614,Rice
1,OIL SALAD CANOLA ZTF,20.0,700.0,675.8,317.514659,Rapeseed/canola (Oil)
8,JUICE CRANBERRY CKTL27% PET,12.0,384.0,650.64,174.17947008000002,Berries
1,APPLE GLDN DEL X-FANCY FRESH,13.0,520.0,644.94,235.8680324,Apples
1,MELON CANTALOUPE FRESH,18.0,621.0,631.92,281.68086177000004,Fruits (misc.)
6,OIL OLIVE CANOLA EVO 90/10,7.0,340.2,614.25,154.312124274,Rapeseed/canola (Oil)
2,EGG WHL LIQUID FRSH W/CITRC,7.0,280.0,605.22,127.0058636,Eggs
1,EGG HARDBOILED WHL PEEL SEL,6.0,150.0,598.18,68.0388555,Eggs
1,PLANTBASED MEATBALL VEGAN,10.0,100.0,597.6,45.359237,Legumes (misc.)
24,SODA COCA COLA CLS,26.0,520.0,577.2,235.8680324,Stimulants
5,BEEF STRIP LOIN 0X1 FRSH,1.0,66.6,536.46,30.209251842,Beef & buffalo meat
2,PASTA RAVIOLI BTRNT SQR PRECKD,10.0,60.0,530.6,27.2155422,"Wheat/Rye (Bread, pasta, baked goods)"
12,CREAMER HALF & HALF ESL,12.0,307.8,523.56,139.61573148600002,Milk (cow's milk)
104,CHIP POTATO REG SNG SRV,11.0,71.5,513.92,32.431854455,"Wheat/Rye (Bread, pasta, baked goods)"
48,BURGER BLACK BEAN VEGGIE G/F,6.0,75.6,490.32,34.291583171999996,Beans and pulses (dried)
30,BEEF PATTY 75/25 WIDE FRSH,7.0,105.0,489.16,47.62719885,Beef & buffalo meat
3,SPRINGROLL VEGETABLE,6.0,54.0,480.78,24.49398798,Legumes (misc.)
6,MILK HOMO ORGANIC,16.0,384.0,468.32,174.17947008000002,Milk (cow's milk)
1,SALMON FIL BAY OF FUNDY SKLS,3.0,35.6,459.2,16.147888372,Fish (finfish)
24,SODA GINGER ALE CUBE,28.0,583.8,453.04,264.807225606,Stimulants
24,WATER STILL BLUE BTL GLASS,16.0,560.0,416.16,254.0117272,Uncategorized
2,POTATO CKD RED SKON WDG 8 CUT,10.0,200.0,398.2,90.718474,Potatoes
2,SALMON ATL SMK SLI FIL USA,5.0,27.7,396.1,12.564508649,Fish (finfish)
8,TOFU FIRM SUPER ORGANIC,11.0,176.0,383.46,79.83225712000001,Soybeans/Tofu
4,CHICKEN CVP THIGH B/S HALAL,4.0,160.0,376.09,72.57477920000001,"Poultry (chicken, turkey)"
5,APTZR CHICKEN SATAY,3.0,15.93,374.25,7.2257264541,"Poultry (chicken, turkey)"
1,TOMATO GRAPE FRSH,17.0,170.0,365.21,77.1107029,Tomatoes
6,SNACK BAR ALMOND AND COCONT,3.0,23.1,339.72,10.477983747,Tree nuts and seeds
6,SNACK BAR BLUBRY VAN & CASHEW,3.0,18.9,337.98,8.572895792999999,Tree nuts and seeds
1,PASTRY SHELL SWT TART RND 3 IN,5.0,19.85,336.7,9.003808544500002,"Wheat/Rye (Bread, pasta, baked goods)"
6,SAUCE SOY GLUTEN FREE,4.0,124.0,334.32,56.24545388,Vegetable oils
4,APTZR CHEESE MAC PIMENTO FRTTR,2.0,25.0,322.0,11.33980925,Cheese
4,CHEESE CHDR SHRP FTHR SHRD YEL,5.0,100.0,319.98,45.359237,Cheese
4,GARLIC PEELED FRESH,3.0,60.0,316.53,27.2155422,Stimulants & Spices (misc.)
4,LETTUCE ROMAINE HEART OF FRSH,9.0,192.6,313.66,87.361890462,Cabbages and other Brassicas (Broccoli)
6,MILK SOY PLAIN 64OZ,11.0,264.0,306.68,119.74838568,Soy milk
5,BUN HAMBURGER BRIOCHE 4IN,9.0,94.5,306.36,42.864478965,Pork (pig meat)
1,BANANA FRESH GREEN TIP,12.0,516.0,303.48,234.05366292,Bananas
1,BACON LAYFLAT 18/22 SMOKED,4.0,60.0,302.86,27.2155422,Pork (pig meat)
6,POTATO FRY 3/8 GR A,6.0,178.5,300.36,80.966238045,Potatoes
1,CUCUMBER ENGLISH LONG,21.0,252.0,299.25,114.30527724,Other vegetables
6,MILK ORIGINAL OAT XTRA CREAMY,15.0,329.4,298.65,149.413326678,Oat milk
2,BEAN GREEN TRIMMED FRSH,12.0,125.4,295.2,56.88048319800001,Beans and pulses (dried)
16,BACON TURKEY SLI,5.0,60.0,293.35,27.2155422,"Poultry (chicken, turkey)"
100,CHEESE CREAM ORIG SPREAD CUP,8.0,37.504,291.88,17.01152824448,Cheese
2,BEEF FOR STEW FRZN,4.0,42.2,285.44,19.141598014000003,Beef & buffalo meat
114,SAUSAGE CHICKEN FOUR PPR VEG/C,6.0,60.0,279.78,27.2155422,Legumes (misc.)
4,CEREAL GRANOLA OATS N HNY PARF,4.0,50.0,278.79,22.6796185,Grains/cereals (except rice)
1,POTATO FINGERLING MIX,3.0,150.0,277.08,68.0388555,Potatoes
216,PRESERVE ASSORTED,4.0,26.24,276.76,11.9022637888,Uncategorized
6,APTZR FRANK IN BLNKT,3.0,24.0,273.87,10.88621688,Beef & buffalo meat
1,BRUSSEL SPROUT ICELS,7.0,175.0,273.77,79.37866475,Beans and pulses (dried)
150,APTZR POTSTICKER EDAMAME,6.0,45.0,265.74,20.41165665,Vegetables (misc.)
40,WATER BOTTLED DRINKING,20.0,912.0,264.8,413.67624144,Uncategorized
107,DOUGH COOKIE CHOC CHIP GOURMT,4.0,84.0,263.72,38.10175908,"Wheat/Rye (Bread, pasta, baked goods)"
2,CHICKEN BRST PTY BRD PCK 3.45Z,6.0,62.1,258.3,28.168086177000003,"Poultry (chicken, turkey)"
4,DIP HUMMUS CHEF PCH CLS RECIPE,7.0,61.6,258.16,27.941289992,Vegetable oils
6,VEGETABLE BLND RST PEPR ONION,7.0,105.0,256.81,47.62719885,Legumes (misc.)
1,BEEF BRISKET,2.0,40.9,252.8,18.551927933,Beef & buffalo meat
6,PAN COATING BUTR SPRAY,7.0,44.59,248.36,20.2256837783,Vegetable oils
8,JUICE APPLE 100% PET,7.0,266.0,242.34,120.65557042,Apples
6,BEAN BLACK FRESH READY TO EAT,6.0,144.0,232.62,65.31730128000001,Beans and pulses (dried)
4,SHRIMP BRD COCO RND 16/20,3.0,36.0,231.26,16.329325320000002,Crustaceans (shrimp/prawns)
1,APPLE RED DEL FANCY FRESH,6.0,240.0,220.9,108.8621688,Apples
24,SODA SPRITE CANS,10.0,180.0,219.7,81.6466266,Stimulants
4,ONION DICED 3/8 YEL,5.0,100.0,216.65,45.359237,Onions and Leeks
6,SAUCE MARINARA PREMIUM CA,4.0,157.5,214.8,71.440798275,Vegetable oils
6,PLANTBASED BEEF GROUND,2.0,24.0,214.46,10.88621688,Legumes (misc.)
1,GRAPE RED SEEDLS LG,5.0,90.0,212.53,40.8233133,Citrus Fruit
120,COOKIE FIG NEWTON CAKE,3.0,49.2,206.37,22.316744604000004,"Wheat/Rye (Bread, pasta, baked goods)"
2,CHICKEN WING STEAMED PCK LGE,4.0,40.0,196.12,18.1436948,"Poultry (chicken, turkey)"
12,SALT KOSHER FLAKE COARSE,3.0,111.3,195.57,50.484830781,Stimulants & Spices (misc.)
48,EMPANADA EGG & CHORIZO,3.0,33.75,194.85,15.3087424875,Eggs
1,BROCCOLI FCY FRSH ICELS,7.0,140.0,194.56,63.502931800000006,Cabbages and other Brassicas (Broccoli)
12,MAYONNAISE SQUEEZE BTL,3.0,25.86,192.48,11.7298986882,Vegetable oils
200,HONEY PURE CUP,4.0,28.0,190.04,12.70058636,Sugars and sweeteners
1,EGGPLANT FRESH,6.0,162.0,187.72,73.48196394,Other vegetables
120,SNACK BAR GRANOLA VARIETY PAK,3.0,22.5,185.91,10.205828325,Oats (Oatmeal)
30,BEEF PATTY 75/25 WIDE FRSH,3.0,39.39,185.49,17.8670034543,Beef & buffalo meat
6,OLIVE QUEEN STFD BLUE CHEESE,1.0,27.0,185.38,12.24699399,Cheese
4,CHEESE MOZZARELLA SHRD WHL MLK,3.0,60.0,181.21,27.2155422,Cheese
6,MILK SKIM UHT,12.0,302.4,181.2,137.16633268799998,Milk (cow's milk)
30,KETCHUP SQUEEZE UPSIDE DOWN,2.0,75.0,180.34,34.01942775,Tomatoes
12,JUICE CONC STRAWB DRAGON,1.0,24.0,178.41,10.88621688,Uncategorized
1,ASPARAGUS FRESH JUMBO,4.0,44.0,176.32,19.95806428,Other vegetables
6,TOMATO DICED FIRE ROASTED,3.0,114.75,175.27,52.049724457500005,Tomatoes
1,AVOCADO HASS BRKNG #2 GUAC PAK,3.0,70.5,173.37,31.978262085,Fruits (misc.)
1,CHICKEN CVP DRM & THGH MXD HAL,4.0,160.0,171.76,72.57477920000001,"Poultry (chicken, turkey)"
120,APTZR POTSTICKER CHICKEN,3.0,24.0,170.94,10.88621688,"Poultry (chicken, turkey)"
1,CARROT BABY PLD 1 TOP,9.0,45.0,168.12,20.41165665,Root Vegetables
4,CARROT BABY CUT PLD,6.0,103.8,168.0,47.082888006000005,Root Vegetables
120,COOKIE SANDWICH OREO 1.59 OZ,3.0,35.64,164.58,16.1660320668,"Wheat/Rye (Bread, pasta, baked goods)"
4,SHRIMP WHT P&D TLOF 31/40,3.0,30.0,163.53,13.6077711,Crustaceans (shrimp/prawns)
2,POTATO SLI CKD RST SKLS 1/8 FZ,7.0,140.0,161.0,63.502931800000006,Potatoes
2,TOMATO SLI FRSH FC XL,5.0,105.0,160.65,47.62719885,Tomatoes
6,SNACK BAR PRO SPCL K PNUT CHOC,2.0,9.54,156.9,4.3272712098,Tree nuts and seeds
24,BUN HAMBURGER SLIDER,2.0,50.0,155.44,22.6796185,Pork (pig meat)
12,WATER SPRING,11.0,457.05,153.89,207.3143927085,Uncategorized
1,EGG SHELL LARGE GR AA USDA WHT,1.0,25.0,152.98,11.33980925,Eggs
4,APTZR VEG FALAFEL BALL,3.0,48.0,152.16,21.77243376,Legumes (misc.)
4,ONION RING BRD 3/8IN HOMESTYLE,6.0,60.0,151.02,27.2155422,Onions and Leeks
6,OIL OLIVE BLEND 90/10,2.0,97.2,150.86,44.089178364000006,Olives (Oil)
1,GRAPE GREEN SEEDLS LG,3.0,54.0,150.1,24.49398798,Citrus Fruit
12,PRETZEL SOFT BURGER BUN VEGAN,3.0,43.2,149.73,19.595190384,Soybeans/Tofu
1,EGG SHELL XL WHT USDA AA,1.0,50.0,144.66,22.6796185,Eggs
168,CHEESE MOZZ STRING,3.0,31.5,142.68,14.288159655,Cheese
2,PASTA PENNE RIGATE MINI,3.0,59.1,140.64,26.807309067,"Wheat/Rye (Bread, pasta, baked goods)"
104,CHIP POTATO SRCRM & ONION SS,3.0,19.5,140.16,8.845051215,"Wheat/Rye (Bread, pasta, baked goods)"
10,APTZR BEEF DLX WELLINGTON,1.0,5.3,139.76,2.404039561,Beef & buffalo meat
4,ONION RED FRSH SLICED 1/8,2.0,40.0,138.58,18.1436948,Onions and Leeks
12,RASPBERRY RED FRESH,3.0,21.6,137.62,9.797595192,Berries
4,SPINACH CLIPPED FRESH,5.0,50.0,137.52,22.6796185,Cabbages and other Brassicas (Broccoli)
1,CHICKEN BRST AIRLINE NAE 8-10Z,3.0,30.0,136.62,13.6077711,"Poultry (chicken, turkey)"
24,WATER SPARKLING BERRY,9.0,162.0,133.74,73.48196394,Berries
24,WATER SPARKLING CRAN RASP,9.0,180.0,133.74,81.6466266,Berries
24,WATER SPARKLING KEY LIME CAN,9.0,162.0,133.74,73.48196394,Citrus Fruit
12,POTATO H/BRN PTY 2.25 OZ,2.0,67.5,132.66,30.617484975,Potatoes
12,CIDER SPRKLG APPLE MARTINELLI,5.0,64.5,130.9,29.256707865000003,Apples
1,SAUSAGE CHICKEN PTY 1.5 OZ,3.0,30.0,130.71,13.6077711,"Poultry (chicken, turkey)"
46,CHICKEN BRST BRD PCK CSPY,4.0,40.0,130.12,18.1436948,"Poultry (chicken, turkey)"
4,OIL OLIVE EXTRA VIRGIN ROBUSTO,1.0,24.19,130.06,10.9723994303,Olives (Oil)
12,CHEESE GOAT LOG CHEVRE,2.0,15.76,128.76,7.1486157512,Lamb/mutton & goat meat
1,TOMATO ROMA UTILITY FRESH,4.0,100.0,127.87,45.359237,Tomatoes
12,SPREAD HUMMUS RED PEPR W/PRETZ,4.0,12.32,127.24,5.5882579984000005,Vegetable oils
12,SPREAD HUMMUS CLS W/PRETZELS,4.0,12.32,127.2,5.5882579984000005,"Wheat/Rye (Bread, pasta, baked goods)"
1,PEPPER SWEET BELL MEDLEY HH,3.0,60.0,126.54,27.2155422,Stimulants & Spices (misc.)
48,COOKIE CARAMEL SLTD IW MANIF,2.0,17.64,126.28,8.0013694068,"Wheat/Rye (Bread, pasta, baked goods)"
4,DRESSING BALSAMIC VINEGARETTE,2.0,68.0,126.02,30.84428116,Vegetable oils
4,SAUCE TZATZIKI SOUR CREAM,3.0,45.0,125.91,20.41165665,Vegetable oils
16,PASTA ORZO,4.0,64.0,125.8,29.02991168,"Wheat/Rye (Bread, pasta, baked goods)"
6,ONION GRILLED CARAMELIZED,3.0,36.0,122.97,16.329325320000002,Onions and Leeks
12,GUACAMOLE CALIFORNIA HPP FRZ,2.0,24.0,122.81,10.88621688,Fruits (misc.)
6,SAUCE TERIYAKI GLAZE,2.0,63.5,120.7,28.803115495,Vegetable oils
12,CHUTNEY MAJOR GRAY,1.0,22.6,119.88,10.251187562000002,Stimulants
24,WATER SPARKLING LMN,8.0,144.0,118.88,65.31730128000001,Citrus Fruit
24,WATER SPARKLING MANGO,8.0,160.0,118.88,72.57477920000001,Fruits (misc.)
24,WATER SPARKLING ORG,8.0,160.0,118.88,72.57477920000001,Uncategorized
2,WATER SPARKLING BEACH PLUM,8.0,144.0,118.88,65.31730128000001,Fruits (misc.)
24,WATER FLAVOR COCONUT CAN,8.0,144.0,118.88,65.31730128000001,Tree nuts and seeds
12,VEGETABLE BLEND CALIF GR A,3.0,72.0,118.75,32.658650640000005,Legumes (misc.)
6,LOBSTER MEAT SENSATIONS,1.0,12.0,117.37,5.4431084400000005,Lamb/mutton & goat meat
12,YOGURT RASPBERRY GREEK NF,6.0,27.0,117.36,12.24699399,Yogurt
12,YOGURT STRAW/BAN GREEK 2%,6.0,27.0,117.36,12.24699399,Yogurt
12,YOGURT STWBRY GREEK NON FAT,6.0,24.0,117.36,10.88621688,Yogurt
12,YOGURT VANILLA GREEK NON FAT,6.0,27.0,117.36,12.24699399,Yogurt
12,YOGURT BLACK CHERRY GREEK NF,6.0,27.0,117.36,12.24699399,Yogurt
12,YOGURT BLUEBERRY GREEK NON FAT,6.0,24.0,117.36,10.88621688,Yogurt
12,YOGURT COCONUT GREEK BLNDED,6.0,23.85,117.36,10.818178024500002,Yogurt
12,YOGURT MANGO GREEK 2%,6.0,24.0,117.36,10.88621688,Yogurt
12,YOGURT PEACH GREEK NONFAT,6.0,24.0,117.36,10.88621688,Yogurt
12,YOGURT PINEAPPLE GREEK 2%,6.0,27.0,117.36,12.24699399,Yogurt
12,YOGURT PLAIN NONFAT GREEK,6.0,23.85,117.36,10.818178024500002,Yogurt
12,SAUCE CHILI SWEET THAI,3.0,72.0,116.37,32.658650640000005,Vegetable oils
1,PEAR FRESH,2.0,76.0,116.36,34.47302012,Fruits (misc.)
6,BEAN GARBANZO FRESH RTE,3.0,72.0,116.31,32.658650640000005,Beans and pulses (dried)
6,SNACK BAR CARAMEL ALMD SEA SLT,1.0,6.3,116.01,2.857631931,Tree nuts and seeds
8,JUICE LEMON,3.0,77.07,113.76,34.9583639559,Citrus Fruit
12,BLUEBERRY FRESH,2.0,25.5,113.22,11.566605435,Berries
2,APTZR VEGETABLE SAMOSA SMALL,2.0,16.0,112.64,7.25747792,"Wheat/Rye (Bread, pasta, baked goods)"
12,STARCH POTATO,3.0,36.0,112.38,16.329325320000002,Potatoes
6,SNACK BAR CHOC DARK CHRY CASHW,1.0,7.0,111.27,3.17514659,Tree nuts and seeds
1,ORANGE FANCY FRESH,3.0,120.0,110.43,54.4310844,Citrus Fruit
1,PASTA RAVIOLI BUTTERNUT SQUARE,3.0,15.0,109.86,6.80388555,"Wheat/Rye (Bread, pasta, baked goods)"
20,DOUGH PUFF PASTRY SLAB 10X15,2.0,30.0,109.64,13.6077711,"Wheat/Rye (Bread, pasta, baked goods)"
2,PASTA ROTINI/SPIRAL GARDEN,2.0,38.2,109.36,17.327228534000003,"Wheat/Rye (Bread, pasta, baked goods)"
4,OLIVE KALAMATA PTD PLAS KEG,1.0,17.0,109.36,7.71107029,Other vegetables
4,DIP HUMMUS CHF PCH FRRST RD PR,3.0,26.64,108.39,12.0837007368,Vegetable oils
12,YOGURT POMEGRANATE GREEK NF,6.0,27.0,108.18,12.24699399,Yogurt
2,CHEESE PARM SHRD USA,2.0,20.0,107.2,9.0718474,Cheese
8,CHEESE SWISS SLICE .75 OZ,2.0,24.0,106.38,10.88621688,Cheese
1,BOK CHOY BABY FRESH,4.0,40.0,105.24,18.1436948,Cabbages and other Brassicas (Broccoli)
2,TOMATO DICED 3/8IN TRAY,5.0,50.0,104.6,22.6796185,Tomatoes
24,WATER SPRING SPRKLG BLUE GLASS,4.0,135.8,104.04,61.59784384600001,Uncategorized
60,COOKIE MINI CHIPS AHOY,3.0,22.5,104.04,10.205828325,"Wheat/Rye (Bread, pasta, baked goods)"
24,WATER SPARKLING TANGERINE CAN,7.0,126.0,104.02,57.152638620000005,Uncategorized
24,WATER SPARKLING PASSIONFRUIT,7.0,140.0,104.02,63.502931800000006,Fruits (misc.)
24,WATER SPARKLING GRAPEFRUIT,7.0,125.93,104.02,57.1208871541,Fruits (misc.)
12,PEA GREEN P,2.0,60.0,101.38,27.2155422,Peas
20,BROCCOLI RABE ICELESS,2.0,40.0,100.4,18.1436948,Cabbages and other Brassicas (Broccoli)
1,DOUGH PUFF PASTRY SHEET HALF,1.0,17.6,100.14,7.983225712000001,"Wheat/Rye (Bread, pasta, baked goods)"
36,BEEF GRND PTY 75\25 T\G FRZ,2.0,31.5,99.84,14.288159655,Beef & buffalo meat
6,VEGETABLE BLEND CHFCUT ASIAN,2.0,48.04,99.32,21.7905774548,Legumes (misc.)
1,EGGPLANT CUTLET BRD,2.0,20.0,98.96,9.0718474,Other vegetables
2,CHEESE MOZZ FRSH CILIEGN 1/3OZ,3.0,18.0,97.79,8.164662660000001,Cheese
3,PLANTBASED SHRED OAT PROTEIN,2.0,18.0,97.5,8.164662660000001,Legumes (misc.)
6,CORN BABY WHL IN BRINE 130/150,1.0,46.0,97.34,20.86524902,Corn (Maize)
4,SYRUP PANCAKE & WAFFLE 5% MAPL,1.0,46.6,96.07,21.137404442,Sugars and sweeteners
1,CANDY MINT STARLIGHT POUCH PPM,1.0,30.0,95.09,13.6077711,Sugars and sweeteners
2,POTATO DICED CKD RED SKON,3.0,60.0,94.98,27.2155422,Potatoes
3,COCOA PWDR,1.0,6.61,94.16,2.9982455657000004,Tree nuts and seeds
4,CILANTRO CLEAN WASH FRESH HERB,4.0,18.8,93.44,8.527536556000001,Stimulants & Spices (misc.)
2,CHEESE PARM GRTD FRSH DOM,2.0,20.0,93.15,9.0718474,Cheese
4,BEEF GRND BULK 81/19 CHUB FRS,1.0,20.0,92.08,9.0718474,Beef & buffalo meat
1,SQUASH YELLOW S/N MEDIUM FRESH,4.0,96.0,91.88,43.54486752,Fruits (misc.)
1,CORN COB PET SUPER SWEET FROZ,2.0,58.0,91.18,26.30835746,Corn (Maize)
1,CABBAGE NAPA CHINESE FRESH,2.0,60.0,90.63,27.2155422,Cabbages and other Brassicas (Broccoli)
1,CABBAGE WHITE FRESH,4.0,204.0,90.36,92.53284348,Cabbages and other Brassicas (Broccoli)
6,ARTICHOKE HEART QUARTER,1.0,33.0,89.88,14.968548210000002,Vegetables (misc.)
6,PEPPER RED DICED FCY,1.0,42.3,88.5,19.186957251,Stimulants & Spices (misc.)
5,POTATO SWEET PLATTER FRIES,2.0,30.0,87.78,13.6077711,Cassava and Other Roots
12,BREAD PITA PLAIN 2 OZ 6 IN,2.0,18.0,86.92,8.164662660000001,"Wheat/Rye (Bread, pasta, baked goods)"
2,LAMB GROUND DOM 296 FINE,1.0,10.0,86.53,4.535923700000001,Lamb/mutton & goat meat
1,STRAWBERRY WHOLE IQF,1.0,30.0,86.16,13.6077711,Berries
100,CHEESE CREAM GARDEN VEGETABLE,2.0,12.5,85.88,5.669904625,Cheese
4,CHEESE CREAM PLAIN VEGAN,2.0,16.0,85.0,7.25747792,Cream
4,BROWNIE CHOC CHUNK FABULOUS,1.0,11.24,84.15,5.0983782388000005,"Wheat/Rye (Bread, pasta, baked goods)"
2,COOKIE MINI ASSORTED MACARONS,1.0,4.05,83.44,1.8370490985,"Wheat/Rye (Bread, pasta, baked goods)"
1,SQUASH ZUCCHINI MEDIUM FRESH,4.0,80.0,82.78,36.2873896,Other vegetables
2,CRANBERRY DRIED CRAISINS,4.0,24.0,81.84,10.88621688,Fruits (misc.)
12,MIX SALAD TABOULE,3.0,11.82,81.51,5.3614618134,Vegetables (misc.)
4,SHRIMP WHT P&D TLON 16/20CT,1.0,10.0,78.7,4.535923700000001,Crustaceans (shrimp/prawns)
1,LEMON CHOICE FRESH,2.0,80.0,77.74,36.2873896,Citrus Fruit
6,OIL OLIVE EXTRA VIRGIN,1.0,5.19,77.11,2.3541444003000005,Olives (Oil)
4,SALSA CHUNKY MED AUTHENTIC,1.0,33.75,76.53,15.3087424875,Stimulants
5,BUTTER CHIP CNTL USDA AA 59CT,1.0,17.0,75.02,7.71107029,Butter
5,SEAFOOD MIX MEDLEY IQF THA,1.0,10.0,74.54,4.535923700000001,Animal fats
24,WATER SPARKLING LIME,5.0,90.0,74.3,40.8233133,Citrus Fruit
10,TOMATO CHERRY MIX HEIRLOOM,2.0,13.5,74.28,6.123496995,Fruits (misc.)
2,BATTER MUFFIN PISTCH,1.0,18.0,74.1,8.164662660000001,"Wheat/Rye (Bread, pasta, baked goods)"
1,POTATO FRESH FINGERLING MIXED,2.0,20.0,74.06,9.0718474,Potatoes
12,MUSTARD BROWN SPCY BOTTLES,3.0,27.0,73.71,12.24699399,Tree nuts and seeds
100,CHEESE CREAM LIGHT,2.0,9.36,73.02,4.2456245832,Cheese
1,LEEK FRESH HOLLAND,2.0,22.0,72.64,9.97903214,Onions and Leeks
1,FENNEL ANISE BUNCH FRSH,3.0,33.0,72.45,14.968548210000002,"Wheat/Rye (Bread, pasta, baked goods)"
60,CHEESE BRIE MINI,1.0,3.38,71.56,1.5331422106,Cheese
24,BUN HAMBURGER GLUTEN FREE IW,2.0,9.6,69.2,4.354486752,Pork (pig meat)
12,CAULIFLOWER CELLO WRPD FRSH,2.0,53.1,68.9,24.085754847,Cabbages and other Brassicas (Broccoli)
12,CREAM HEAVY WHIPPING 36% ESL,1.0,25.66,67.91,11.6391802142,Cream
12,TART SHELL PLANTAIN,1.0,5.6,67.1,2.540117272,Bananas
12,CEREAL HOT OAT OLD FASHIONED,1.0,32.2,66.07,14.605674314000002,Grains/cereals (except rice)
1,LETTUCE ICEBERG CELLO FRESH,2.0,90.0,65.63,40.8233133,Cabbages and other Brassicas (Broccoli)
2,MIX BATTER FALAFEL BALLS,2.0,24.0,65.32,10.88621688,Beans and pulses (dried)
12,CRACKER RICE PLAIN,2.0,7.0,65.08,3.17514659,"Wheat/Rye (Bread, pasta, baked goods)"
4,VEGETABLE MIX SLAW POWER BLEND,3.0,24.0,64.44,10.88621688,Legumes (misc.)
48,COOKIE LEMON BLUBRY MANFSTO IW,1.0,8.4,64.26,3.810175908,"Wheat/Rye (Bread, pasta, baked goods)"
12,BREAD PITA GYRO PRE-OILED 7,2.0,42.0,63.28,19.05087954,"Wheat/Rye (Bread, pasta, baked goods)"
2,SAUSAGE CHORIZO VEGAN BULK,1.0,10.0,63.22,4.535923700000001,Legumes (misc.)
1,ONION YELLOW JUMBO BAG,3.0,150.0,63.22,68.0388555,Onions and Leeks
6,ORANGE MANDRN WHL SEC LGHT SYR,1.0,44.4,62.89,20.139501228,Citrus Fruit
4,CHEESE AMER 160 SLI YEL,1.0,20.0,62.76,9.0718474,Cheese
72,SNACK TRAIL MIX FRUIT & NUT,1.0,9.0,62.02,4.082331330000001,Tree nuts and seeds
1,CELERY FRESH,2.0,110.7,60.99,50.212675359,Other vegetables
6,TURKEY BREAST SLI OIL BR .75 F,1.0,12.0,60.97,5.4431084400000005,"Poultry (chicken, turkey)"
96,BEEF PATTY 80/20 SLIDER FRSH,1.0,12.0,60.7,5.4431084400000005,Beef & buffalo meat
10,SKEWER WOOD KNOT 4,1.0,1.82,60.55,0.8255381134,Uncategorized
72,SNACK TRAIL MIX NUT & CHOC,1.0,9.0,60.29,4.082331330000001,Tree nuts and seeds
6,SOUP BASE VEG ULTM GF,1.0,6.0,60.17,2.72155422,Legumes (misc.)
6,TEA HOT BAG GREEN,2.0,3.8,59.76,1.723651006,Stimulants
24,WATER SPARKLING PEACH PEAR,4.0,80.0,59.44,36.2873896,Fruits (misc.)
6,TOMATO PASTE FANCY CA,1.0,41.625,59.25,18.88078240125,Tomatoes
6,TEA EARLGREY,2.0,3.2,58.84,1.451495584,Stimulants
25,CRACKER ASST MEDLEY SLEEVES,1.0,7.4,58.73,3.356583538,"Wheat/Rye (Bread, pasta, baked goods)"
6,TEA HOT BAG HERBAL MINT MEDLY,2.0,1.466,57.68,0.66496641442,Stimulants
6,TEA LEMON LIFT,2.0,3.7,57.68,1.678291769,Citrus Fruit
2,BATTER MUFFIN CRNBRY ORNG NUT,1.0,16.0,57.13,7.25747792,"Wheat/Rye (Bread, pasta, baked goods)"
2,BATTER MUFFIN SUNRISE,1.0,16.0,57.02,7.25747792,"Wheat/Rye (Bread, pasta, baked goods)"
2,BATTER MUFFIN CAPPUC CHOC CHNK,1.0,16.0,56.98,7.25747792,"Wheat/Rye (Bread, pasta, baked goods)"
6,WRAP TORTILLA GLUTEN FREE 12IN,1.0,16.49,56.9,7.479738181299999,"Wheat/Rye (Bread, pasta, baked goods)"
1,OKRA CUT GR A IQF,1.0,30.0,56.23,13.6077711,Vegetables (misc.)
1,OAT REGULAR GLUTEN FREE,1.0,25.0,55.66,11.33980925,Oats (Oatmeal)
216,COOKIE SUGAR IND,1.0,10.1,55.55,4.581282937,"Wheat/Rye (Bread, pasta, baked goods)"
216,COOKIE OATML .75OZ SB IND WRPD,1.0,10.1,55.55,4.581282937,"Wheat/Rye (Bread, pasta, baked goods)"
1,BASIL FRESH HERB,5.0,5.0,55.15,2.2679618500000003,Stimulants & Spices (misc.)
12,CIDER SPRKLG APPLE MARTINELLI,1.0,39.0,55.09,17.69010243,Apples
2,SALSA PICO DE GALLO,2.0,20.0,54.5,9.0718474,Stimulants
2,BATTER MUFFIN BANANA NUT,1.0,16.0,53.75,7.25747792,"Wheat/Rye (Bread, pasta, baked goods)"
48,DESSERT BAR BROOKIE GF,1.0,10.5,53.64,4.762719885,Sugars and sweeteners
12,HONEY PURE CLVR GR A TSC BEAR,1.0,8.8,53.18,3.9916128560000006,Sugars and sweeteners
2,OLIVES GREEK MIX,1.0,10.0,53.12,4.535923700000001,Other vegetables
120,DOUGH PASTRY PUFF SQR 5X5,1.0,15.0,53.11,6.80388555,"Wheat/Rye (Bread, pasta, baked goods)"
1,SKEWER WOOD PADDLE 4 IN,1.0,3.5,53.08,1.587573295,Uncategorized
4,BAGEL PLAIN GLUTEN FREE,2.0,10.5,52.96,4.762719885,"Wheat/Rye (Bread, pasta, baked goods)"
2,BATTER MUFFIN BLUEBERRY,1.0,16.0,52.69,7.25747792,"Wheat/Rye (Bread, pasta, baked goods)"
10,BEET RED PLD & COOKED,2.0,22.0,52.42,9.97903214,Root Vegetables
12,SPINACH CHOPPED IQF,1.0,24.15,50.67,10.9542557355,Cabbages and other Brassicas (Broccoli)
1,MELON WATERMELON SDLS FRSH,1.0,70.0,50.41,31.751465900000003,Fruits (misc.)
1,APPLE SLICE IQF,1.0,30.0,50.11,13.6077711,Apples
2,BATTER MUFFIN LEMON POPPYSEED,1.0,16.0,50.02,7.25747792,"Wheat/Rye (Bread, pasta, baked goods)"
2,CHEESE VEGAN MOZZ SHRED,1.0,10.0,49.94,4.535923700000001,Soybeans/Tofu
3,LETTUCE MIX TUSCAN BABY KALE,3.0,9.0,49.47,4.082331330000001,Cabbages and other Brassicas (Broccoli)
4,ONION GREEN ICELS,2.0,12.3,49.44,5.579186151000001,Onions and Leeks
6,VEG BLEND RSTD WHT CORN PEPERS,1.0,15.0,49.26,6.80388555,Legumes (misc.)
2,BATTER MUFFIN CORN,1.0,16.0,49.15,7.25747792,"Wheat/Rye (Bread, pasta, baked goods)"
4,DRESSING ITAL LITE,1.0,35.4,48.38,16.057169898,Vegetable oils
4,SAUCE WING GRLC PARMESAN,1.0,17.04,48.38,7.7292139848,Vegetable oils
30,COFFEE GRND FP,1.0,3.75,48.35,1.7009713875,Coffee
6,MUFFIN ENGLISH ORIG 2 OZ,2.0,13.366,48.1,6.06271561742,"Wheat/Rye (Bread, pasta, baked goods)"
1,POTATO RED #1 FRESH SZ B,1.0,50.0,47.79,22.6796185,Potatoes
24,SAUCE CHILI SWEET,1.0,15.0,47.69,6.80388555,Vegetable oils
4,PARSLEY CLN/WASH FRESH HERB,2.0,8.0,47.26,3.62873896,Grains/cereals (except rice)
40,TURKEY BURGER WOODFIRE RAW,1.0,13.33,47.18,6.0463862921,"Poultry (chicken, turkey)"
60,COOKIE MILANO,1.0,3.765,47.11,1.7077752730500002,"Wheat/Rye (Bread, pasta, baked goods)"
24,SUGAR GRANULATED CANSTR CANE,1.0,30.0,46.99,13.6077711,Sugars and sweeteners
104,POPCORN CHEDDAR WHT ORIG,1.0,4.06,46.72,1.8415850222,Corn (Maize)
104,CHIP POTATO BBQ SS,1.0,6.5,46.72,2.948350405,"Wheat/Rye (Bread, pasta, baked goods)"
104,CHIP TORTILLA COOLER RANCH SS,1.0,6.5,46.72,2.948350405,"Wheat/Rye (Bread, pasta, baked goods)"
104,CHIP TORTILLA NACHO CHS SS,1.0,6.5,46.72,2.948350405,"Wheat/Rye (Bread, pasta, baked goods)"
104,CHIP MULTIGRAIN HRVST CHDR,1.0,6.5,46.72,2.948350405,Grains/cereals (except rice)
6,SOUP BASE VEG GF NO MSG SAUT,1.0,6.0,46.47,2.72155422,Legumes (misc.)
1,MUSHROOM SLCD FRESH,2.0,20.0,46.32,9.0718474,Vegetables (misc.)
2,CREAM SOUR CREMA MEXICANA,2.0,20.0,45.88,9.0718474,Cream
64,CHIP POTATO BBQ LSS,1.0,6.0,45.24,2.72155422,"Wheat/Rye (Bread, pasta, baked goods)"
64,CHIP POTATO REG SEA SALT,1.0,5.5,45.24,2.4947580350000003,"Wheat/Rye (Bread, pasta, baked goods)"
3,MANGO DICED,1.0,15.0,45.21,6.80388555,Fruits (misc.)
2,CHEESE BLUE WHEEL,1.0,12.56,44.93,5.6971201672000005,Cheese
24,WATER SPARKLING APRCT,3.0,60.0,44.58,27.2155422,Uncategorized
1,WALNUT HALVES AND PCS,1.0,5.0,43.7,2.2679618500000003,Tree nuts and seeds
2,BATTER MUFFIN RED VELVET,1.0,16.0,42.59,7.25747792,"Wheat/Rye (Bread, pasta, baked goods)"
6,SPICE PAPRIKA DOM GRND,0.0,6.25,42.24,2.8349523125,Stimulants & Spices (misc.)
6,CAPER NONPAREIL IMPORTED,1.0,18.5,42.14,8.391458845,Sugars and sweeteners
1,PINEAPPLE CHUNK IQF,1.0,20.0,41.64,9.0718474,Fruits (misc.)
4,VINEGAR CIDER APPLE 5% 50 GRN,1.0,33.6,41.5,15.240703632,Stimulants
1,APPLE GALA X-FANCY FRESH,1.0,41.0,41.21,18.59728717,Apples
6,TEA ENGLISH TEATIME 20CT,2.0,2.8,40.9,1.270058636,Stimulants
10,SKEWER BAMBOO 6 IN,0.0,13.2,40.7,5.987419284,Other vegetables
1,BRATWURST LNK PRECOOKED 5X1,1.0,10.0,40.22,4.535923700000001,Uncategorized
12,SAUCE TABASCO HOT,1.0,3.8,39.65,1.723651006,Vegetable oils
88,PRETZEL TINY TWIST CLS SS,1.0,5.5,39.53,2.4947580350000003,"Wheat/Rye (Bread, pasta, baked goods)"
6,CORN YEL RSTD,1.0,15.0,39.45,6.80388555,Corn (Maize)
6,SPICE CUMIN GRND,0.0,5.25,39.24,2.3813599425,Stimulants & Spices (misc.)
4,LETTUCE FRESH TENDER GREENS,1.0,12.0,39.14,5.4431084400000005,Cabbages and other Brassicas (Broccoli)
12,SUGAR BROWN LIGHT CANE,1.0,24.0,38.73,10.88621688,Sugars and sweeteners
12,TOFU EXTRA FIRM WTR PK NON-GMO,2.0,24.0,38.56,10.88621688,Soybeans/Tofu
2,BLUEBERRY CULT IQF GR A P,1.0,10.0,38.38,4.535923700000001,Berries
6,SPICE CHILI POWDER LT,0.0,6.1,38.28,2.766913457,Stimulants
40,SAUSAGE ITAL LNK N/C 4X1,1.0,10.0,37.97,4.535923700000001,Pork (pig meat)
24,EMPANADA DOUGH DISCO,1.0,20.0,37.36,9.0718474,"Wheat/Rye (Bread, pasta, baked goods)"
3,CHEESE PROVOLONE,0.0,11.86,37.23,5.3796055082,Cheese
4,CARROT SHRD FRSH MATCH STK,1.0,20.0,36.26,9.0718474,Root Vegetables
6,SPICE GINGER GRND,0.0,1.562,35.5,0.70851128194,Stimulants & Spices (misc.)
6,CHEESE CREAM TUB,0.0,6.0,34.92,2.72155422,Cheese
2,CHEESE CHEDDAR SHARP YEL LOAF,1.0,10.0,34.23,4.535923700000001,Cheese
2,CHEESE PEPPER JACK LOAF,1.0,10.0,33.4,4.535923700000001,Cheese
2,ONION RED DICED 3/8,1.0,10.0,33.16,4.535923700000001,Onions and Leeks
1,GINGER ROOT FRESH,2.0,10.0,32.64,4.535923700000001,Roots and Tubers
2,PEPPER GREEN DICED FRESH,1.0,10.0,31.23,4.535923700000001,Stimulants & Spices (misc.)
12,DRINK ICE TEA LMN CAN,4.0,40.4,30.04,18.325131748,Citrus Fruit
1,BROCCOLI CROWN ASIAN ICELS,1.0,20.0,29.59,9.0718474,Cabbages and other Brassicas (Broccoli)
6,KALE CHOPPED,1.0,12.0,29.33,5.4431084400000005,Cabbages and other Brassicas (Broccoli)
6,TORTILLA CORN WHITE 6 IN TABLE,1.0,31.5,29.02,14.288159655,Corn (Maize)
2,CHEESE BRIE PLAIN 60% DOMSTC,1.0,4.0,28.14,1.81436948,Cheese
6,TORTILLA CORN YEL 6,1.0,23.0,27.46,10.43262451,Corn (Maize)
2,PASTA CAVATAPPI CELLENTANI,1.0,20.0,27.34,9.0718474,"Wheat/Rye (Bread, pasta, baked goods)"
6,SPICE ONION GRANULATED,0.0,2.35,26.28,1.0659420695,Stimulants & Spices (misc.)
6,SAUCE CHILI HOT SRIRACHA,1.0,7.5,24.45,3.401942775,Vegetable oils
1,CARROT FRESH JUMBO,1.0,50.0,23.74,22.6796185,Root Vegetables
1,CARROT BABY PLD TRI COLOR,1.0,6.47,23.45,2.9347426339,Root Vegetables
1,POTATO BAKING RUSSET 50CT FRSH,1.0,50.0,22.92,22.6796185,Potatoes
1,LIME FLORIDA FRESH,1.0,10.0,22.7,4.535923700000001,Citrus Fruit
1,RICE JASMINE THAI,1.0,25.0,22.54,11.33980925,Rice
2,FLOUR ALL PURP H&R BL EN MLT,1.0,50.0,21.91,22.6796185,Grains/cereals (except rice)
1,PEPPER SERRANO FRSH,1.0,5.0,20.14,2.2679618500000003,Stimulants & Spices (misc.)
1,ONION RED MEDIUM BOX,1.0,25.0,20.02,11.33980925,Onions and Leeks
1,PEPPER JALAPENO FRESH,1.0,10.0,19.85,4.535923700000001,Stimulants & Spices (misc.)
1,MINT FRESH,1.0,2.0,19.6,0.90718474,Stimulants & Spices (misc.)
2,DRINK ORANGE ALL STARS 12 OZ,1.0,17.96,19.51,8.1465189652,Citrus Fruit
24,DRINK FRUIT PUNCH G2,1.0,18.0,19.51,8.164662660000001,Fruits (misc.)
24,DRINK GRAPE G2,1.0,17.2,19.51,7.801788764,Citrus Fruit
2,DRINK LMN/LM ALL STAR 12 OZ,1.0,17.96,19.3,8.1465189652,Citrus Fruit
150,CRACKER OYSTER NEW ENGLAND,1.0,4.69,18.61,2.1273482153,"Wheat/Rye (Bread, pasta, baked goods)"
1,PEPPER GREEN BELL FRSH LG,1.0,5.4,17.7,2.4493987980000003,Stimulants & Spices (misc.)
1,POTATO YELLOW YUKON GOLD B SZ,1.0,50.0,16.26,22.6796185,Potatoes
1,THYME FRESH HERB,1.0,0.25,6.03,0.1133980925,Vegetables (misc.)
1,ROSEMARY FRESH HERB,1.0,0.25,5.63,0.1133980925,Vegetables (misc.)
1,EGG SHELL XLRG GRD AA USDA WHT,0.0,0.0,0.0,0.0,Eggs
1,EGG SHELL LRG BRN A CAGE FREE,0.0,0.0,0.0,0.0,Eggs
2,BROWNIE CHOC CHIP PRCT,0.0,0.0,0.0,0.0,"Wheat/Rye (Bread, pasta, baked goods)"
4,CHICKEN CVP BRST 6OZ HAL,16.0,320.0,1666.1,145.14955840000002,"Poultry (chicken, turkey)"
1,DISPENSER BEV STNLS 5 GAL,6.0,56.28,864.54,25.528178583600003,Uncategorized
24,WATER SPRING STILL ALUM W/ELEC,24.0,636.0,674.16,288.48474732,Uncategorized
1,BACON SLAB 14/18 SMOKED,6.0,90.0,463.14,40.8233133,Pork (pig meat)
8,STRAWBERRY FRESH DRISCOLL,11.0,88.0,371.44,39.91612856,Berries
4,JUICE ORANGE,6.0,228.0,370.2,103.41906036,Citrus Fruit
12,CEREAL FRUITY PEBBLES,4.0,45.0,353.2,20.41165665,Grains/cereals (except rice)
3,LOBSTER MEAT CK-CKL BLEND 44%,0.0,8.0,352.93,3.62873896,Lamb/mutton & goat meat
2,TURKEY BRST SMOKED SKON,4.0,74.4,340.93,33.747272328,"Poultry (chicken, turkey)"
20,LAMB RACK NZ 3531 FRCHD HALAL,1.0,21.91,326.92,9.9382088267,Lamb/mutton & goat meat
100,CHEESE CREAM ORIG SPREAD CUP,7.0,32.816,256.64,14.885087213920002,Cheese
12,BLUEBERRY FRESH,4.0,51.0,232.1,23.133210870000003,Berries
1,PINEAPPLE FRESH GOLDEN RIPE,9.0,108.0,227.61,48.98797596,Fruits (misc.)
1,AVOCADO HASS BRKNG #2 GUAC PAK,4.0,94.0,218.9,42.63768278,Fruits (misc.)
6,TUNA TONGOL CHUNK IN WTR,2.0,55.9,210.92,25.355813483,Fish (finfish)
500,MAYONNAISE PKT,2.0,26.44,203.24,11.992982262800002,Vegetable oils
80,DOUGH COOKIE CHOC CHIP 4OZ RAW,3.0,60.0,199.23,27.2155422,"Wheat/Rye (Bread, pasta, baked goods)"
2,BEEF CHUCK SHORTRIB BNLS CKD,1.0,13.0,186.82,5.8967008100000005,Beef & buffalo meat
2,DESSERT TIRAMISU TRAY,2.0,18.75,186.4,8.5048569375,Sugars and sweeteners
750,BUTTER SALTED POP OUT ROSE,2.0,21.376,180.78,9.69599050112,Butter
6,MILK ORIGINAL OAT XTRA CREAMY,9.0,197.64,179.19,89.6479960068,Oat milk
12,DRINK LEMONADE CONC,1.0,32.03,178.41,14.5285636111,Citrus Fruit
12,CREAMER HALF & HALF ESL,4.0,102.6,173.8,46.538577162,Milk (cow's milk)
1,MUSHROOM WILD BLND #1 SLI 3/16,7.0,21.0,171.08,9.52543977,Vegetables (misc.)
2,CHICKEN TENDERLOIN HMSTY,4.0,40.0,162.76,18.1436948,"Poultry (chicken, turkey)"
6,BEAN BLACK FRESH READY TO EAT,4.0,96.0,155.08,43.54486752,Beans and pulses (dried)
1,GRAPE RED SDLS FRESH,10.0,40.0,151.5,18.1436948,Citrus Fruit
6,MILK HOMOGENIZED ESL,8.0,210.4,148.92,95.435834648,Milk (cow's milk)
12,CREAM WHIPPED ARSL XTRA CREAMY,3.0,37.53,139.55,17.0233216461,Cream
4,LETTUCE ROMAINE HEART OF FRSH,4.0,85.6,137.45,38.827506872,Cabbages and other Brassicas (Broccoli)
1,MELON CANTALOUPE FRESH,4.0,138.0,136.68,62.59574706,Fruits (misc.)
1,NUT PECAN GLAZED LG PIECES,2.0,10.0,136.64,4.535923700000001,"Wheat/Rye (Bread, pasta, baked goods)"
24,SODA COCA COLA CLS,6.0,120.0,133.2,54.4310844,Stimulants
24,SODA COKE DIET,6.0,106.574,133.2,48.34115324038,Stimulants
4,KALE FRESH GRN SHRD 1/8 SEPCLR,6.0,36.0,129.12,16.329325320000002,Cabbages and other Brassicas (Broccoli)
1,PEPPER SWEET BELL MEDLEY HH,3.0,60.0,126.54,27.2155422,Stimulants & Spices (misc.)
56,CHIP POTATO ORIG,4.0,26.24,125.21,11.9022637888,"Wheat/Rye (Bread, pasta, baked goods)"
1,MELON HONEYDEW FRSH,4.0,96.0,123.45,43.54486752,Fruits (misc.)
96,BEEF PATTY 80/20 SLIDER FRSH,2.0,24.0,122.06,10.88621688,Beef & buffalo meat
1,SALMON ATL PRTN CC 4OZ NOR,1.0,10.0,120.64,4.535923700000001,Fish (finfish)
4,DRESSING MAYONNAISE VEGAN,1.0,31.04,112.72,14.0795071648,Soybeans/Tofu
4,CHICKEN CVP WING 1&2 JBO HALAL,1.0,40.0,112.39,18.1436948,"Poultry (chicken, turkey)"
2,BEEF ROAST TOP RND DF FRSH,1.0,16.0,112.18,7.25747792,Beef & buffalo meat
1,ORANGE FANCY FRESH,3.0,120.0,111.06,54.4310844,Citrus Fruit
16,CHICKEN CVP 8PC CUT TR HAL,1.0,57.95,109.76,26.285677841500004,"Poultry (chicken, turkey)"
2,CHEESE FETA CRUMBLED,3.0,30.0,107.55,13.6077711,Cheese
2,PASTA RAVIOLI BTRNT SQR PRECKD,2.0,12.0,106.12,5.4431084400000005,"Wheat/Rye (Bread, pasta, baked goods)"
1,SQUASH YEL S/N SMALL FCY FRESH,4.0,76.0,105.98,34.47302012,Fruits (misc.)
4,CHICKEN CVP WING 1&2JT JMB RND,1.0,40.0,104.88,18.1436948,"Poultry (chicken, turkey)"
4,MAYONNAISE REAL,1.0,30.37,102.54,13.7756002769,Vegetable oils
1,CUCUMBER ENGLISH LONG,7.0,84.0,99.75,38.10175908,Other vegetables
24,SODA GINGER ALE CUBE,6.0,125.1,97.08,56.744405487,Stimulants
1,CHEESE DERBY SAGE,1.0,9.02,96.46,4.0914031774,Cheese
2,TOMATO SLI FRSH FC XL,3.0,63.0,96.39,28.57631931,Tomatoes
12,CHEESE BOURSIN HERB FRENCH,2.0,7.8,93.16,3.538020486,Cheese
4,BEEF GRND BLK 80/20 GRFD HALAL,1.0,19.86,92.21,9.0083444682,Beef & buffalo meat
6,HONEY PURE CLOVER GR A TSC JUG,0.0,20.665,90.64,9.37348632605,Sugars and sweeteners
6,ARTICHOKE HEART QUARTER,1.0,33.0,89.88,14.968548210000002,Vegetables (misc.)
1,SQUASH ZUCCHINI MEDIUM FRESH,4.0,80.0,88.43,36.2873896,Other vegetables
6,PAN COATING CANOLA NONGM,2.0,12.75,88.02,5.783302717500001,Rapeseed/canola (Oil)
6,MILK SOY PLAIN 64OZ,3.0,72.0,83.64,32.658650640000005,Soy milk
4,CHICKEN CVP THIGH B/S HALAL,1.0,40.0,83.24,18.1436948,"Poultry (chicken, turkey)"
1,BANANA FRESH RIPE/READY,3.0,123.201,81.09,55.88303357637,Bananas
3,MILK CONDENSED SWEETENED POUCH,1.0,26.25,79.88,11.9067997125,Milk (cow's milk)
24,CAKE CHOC MARQUISE IND,1.0,4.5,76.2,2.0411656650000003,"Wheat/Rye (Bread, pasta, baked goods)"
6,CHEESE MOZZ FRSH SLI 18 CT,2.0,12.0,74.9,5.4431084400000005,Cheese
24,WATER SPARKLING ORG,5.0,100.0,74.3,45.359237,Uncategorized
6,SPICE LEMON PEPPER,0.0,6.946,72.44,3.15065260202,Citrus Fruit
6,TOMATO CRUSHED JERSEY FRSH,2.0,89.0,72.02,40.36972093,Tomatoes
200,MUSTARD YELLOW PACKETS,5.0,12.5,69.65,5.669904625,Tree nuts and seeds
4,CEREAL GRANOLA OATSN HNY BLKPK,1.0,12.5,69.58,5.669904625,Grains/cereals (except rice)
4,ONION RED FRSH SLICED 1/8,1.0,20.0,69.29,9.0718474,Onions and Leeks
1,THICKENER FOOD EZMX GL BTL/PMP,1.0,5.73,68.73,2.5990842801000005,Uncategorized
2,CHICKEN TNDR FRTR GLDN PCK,2.0,20.0,67.12,9.0718474,"Poultry (chicken, turkey)"
24,SAUCE HOT,1.0,8.21,66.82,3.7239933577,Vegetable oils
6,ORANGE MANDARIN WH SEG JCE,1.0,44.35,66.65,20.1168216095,Citrus Fruit
4,SAUCE PEPPER CAYENNE RED HOT,1.0,35.0,66.59,15.875732950000002,Vegetable oils
213,DOUGH COOKIE CHOC CHIP,1.0,21.0,65.93,9.52543977,"Wheat/Rye (Bread, pasta, baked goods)"
6,SPICE CURRY POWDER,0.0,4.033,65.76,1.82933802821,Stimulants & Spices (misc.)
12,GREEN COLLARD IQF,1.0,34.45,65.72,15.626257146500002,Cabbages and other Brassicas (Broccoli)
1,ASPARAGUS FRESH LARGE,2.0,22.0,65.4,9.97903214,Other vegetables
12,CAULIFLOWER CELLO WRPD FRSH,2.0,53.1,65.34,24.085754847,Cabbages and other Brassicas (Broccoli)
1,LIME FRESH,1.0,40.0,65.34,18.1436948,Citrus Fruit
1,PICKLE DILL LENGTHWISE SNDWICH,2.0,38.2,63.58,17.327228534000003,Stimulants
3,SPICE PAPRIKA XFCY,0.0,4.933,63.5,2.23757116121,Stimulants & Spices (misc.)
1,EGGPLANT FRESH,2.0,54.0,62.57,24.49398798,Other vegetables
72,SNACK TRAIL MIX FRUIT & NUT,1.0,9.0,62.02,4.082331330000001,Tree nuts and seeds
2,HAM CAPICOLA BUTT HOT,1.0,11.38,61.96,5.161881170600001,Pork (pig meat)
1,CABBAGE NAPA CHINESE FRESH,1.0,30.0,61.7,13.6077711,Cabbages and other Brassicas (Broccoli)
2,SAUCE PESTO NO NUT,2.0,8.0,61.54,3.62873896,Vegetable oils
6,TEA ASST 6 FLVR,2.0,4.0,59.88,1.81436948,Stimulants
24,WATER SPARKLING,4.0,80.0,59.44,36.2873896,Uncategorized
24,WATER SPARKLING LMN,4.0,72.0,59.44,32.658650640000005,Citrus Fruit
4,SAUCE BBQ ORIGINAL,1.0,40.56,57.86,18.3977065272,Vegetable oils
6,MIX WAFFLE BELGIAN COMPLT,1.0,30.0,57.34,13.6077711,"Wheat/Rye (Bread, pasta, baked goods)"
2,SAUCE CHIMICHURRI,2.0,20.0,56.32,9.0718474,Vegetable oils
2,SALSA PICO DE GALLO,2.0,20.0,54.5,9.0718474,Stimulants
12,RASPBERRY RED FRESH,1.0,7.2,53.89,3.265865064,Berries
6,POTATO FRY BOARDWALK CUT,1.0,27.0,52.67,12.24699399,Potatoes
2,FRANK ALL-BEEF 8X1 FZ,1.0,10.0,52.03,4.535923700000001,Beef & buffalo meat
24,WATER SPRING SPRKLG BLUE GLASS,2.0,67.9,52.02,30.798921923000005,Uncategorized
24,WATER STILL BLUE BTL GLASS,2.0,70.0,52.02,31.751465900000003,Uncategorized
3,SPICE PEPPER BLK GRND,0.0,4.9,52.0,2.2226026130000003,Stimulants & Spices (misc.)
20,BROCCOLI RABE ICELESS,1.0,20.0,50.2,9.0718474,Cabbages and other Brassicas (Broccoli)
6,PUDDING BANANA ZTF,1.0,42.06,49.48,19.0780950822,Bananas
1,CORN WHL KERNEL,1.0,30.0,49.32,13.6077711,Corn (Maize)
1,CHURRO PRFRD FRIES 4IN,1.0,7.0,49.26,3.17514659,Sugars and sweeteners
6,TEA ASST HERBAL,2.0,2.54,49.14,1.1521246198,Stimulants
6,TEA BAG LMN GNGR,2.0,2.32,49.14,1.0523342984,Citrus Fruit
8,CHEESE PEPPER JACK SLI .75OZ,1.0,12.0,48.3,5.4431084400000005,Cheese
24,SAUCE CHILI SWEET,1.0,15.0,47.69,6.80388555,Vegetable oils
6,SEASONING STEAK MONTREAL,0.0,5.47,47.37,2.4811502639,Beef & buffalo meat
1,CARROT BABY PLD TRI COLOR,2.0,12.94,46.9,5.8694852678,Root Vegetables
6,JELLY GRAPE,1.0,33.0,46.88,14.968548210000002,Citrus Fruit
1,OLIVES GREEK KALAMATA PITTED,1.0,17.64,46.47,8.0013694068,Other vegetables
6,LEAVES GRAPE STFD DOLMADES,1.0,26.5,45.66,12.020197805,Citrus Fruit
1,POTATO SWEET JUMBO,2.0,80.0,45.64,36.2873896,Cassava and Other Roots
6,SEASONING CHICKEN MONTREAL,0.0,4.29,45.36,1.9459112673,"Poultry (chicken, turkey)"
2,BROWNIE CHOC CHIP PRCT,1.0,12.0,45.18,5.4431084400000005,"Wheat/Rye (Bread, pasta, baked goods)"
50,PRETZEL SOFT KNG,1.0,15.62,44.38,7.0851128194,"Wheat/Rye (Bread, pasta, baked goods)"
24,SODA SPRITE CANS,2.0,36.0,43.94,16.329325320000002,Stimulants
200,HONEY PURE CUP,1.0,7.0,43.7,3.17514659,Sugars and sweeteners
3,SPICE GARLIC GRANULATED,0.0,6.5,43.19,2.948350405,Stimulants & Spices (misc.)
6,BEAN KIDNEY LIGHT RED,1.0,37.8,41.1,17.145791585999998,Beans and pulses (dried)
6,ONION GRILLED CARAMELIZED,1.0,12.0,40.99,5.4431084400000005,Onions and Leeks
6,GLAZE BALSAMIC,2.0,9.8,40.7,4.445205226000001,Stimulants
24,CORN STARCH,1.0,24.0,40.35,10.88621688,Corn (Maize)
2,PUDDING RICE,2.0,16.0,40.32,7.25747792,Rice
6,SEASONING CAJUN,0.0,2.316,39.72,1.05051992892,Stimulants & Spices (misc.)
40,WATER BOTTLED DRINKING,3.0,136.8,39.72,62.051436216000006,Uncategorized
6,YOGURT VANILLA PARFAIT POUCH,1.0,24.0,39.04,10.88621688,Yogurt
6,BEAN GARBANZO FRESH RTE,1.0,24.0,38.77,10.88621688,Beans and pulses (dried)
1,TOMATO 1 LAYER 5X6,2.0,20.0,38.64,9.0718474,Tomatoes
1,CELERY PASCAL FDSVC,4.0,24.0,38.62,10.88621688,Other vegetables
1,SPINACH BABY FRSH,2.0,8.0,38.38,3.62873896,Cabbages and other Brassicas (Broccoli)
8,LEMON FRESH,0.0,20.0,38.31,9.0718474,Citrus Fruit
12,BLACKBERRY FRESH,1.0,9.0,36.93,4.082331330000001,Berries
1,APPLE RED DEL FANCY FRESH,1.0,40.0,36.8,18.1436948,Apples
6,CHEESE PROVOLONE SLICED .75 TP,1.0,9.0,36.59,4.082331330000001,Cheese
12,SAUCE SOY,2.0,15.5,36.42,7.030681735,Vegetable oils
1000,KETCHUP PACKET FCY FOIL,1.0,19.84,35.14,8.999272620800001,Tomatoes
16,KETCHUP SQUEEZE RED UPSIDE DWN,1.0,17.6,34.74,7.983225712000001,Tomatoes
1200,SUGAR TURBINADO PACKET CANE,1.0,11.5,33.64,5.216312255,Sugars and sweeteners
1,LETTUCE ROMAINE FRESH W/LINER,1.0,32.3,32.98,14.651033551,Cabbages and other Brassicas (Broccoli)
6,SPICE TURMERIC GROUND,0.0,2.133,32.72,0.96751252521,Stimulants & Spices (misc.)
12,CRACKER RICE PLAIN,1.0,3.5,32.54,1.587573295,"Wheat/Rye (Bread, pasta, baked goods)"
12,TOFU FIRM SILKEN,1.0,9.25,31.78,4.1957294225,Soybeans/Tofu
4,CIDER APPLE FRSH LOCAL,1.0,34.0,30.86,15.42214058,Apples
24,COOKIE CHOC CHIP GLTN FR I/W,1.0,5.5,30.4,2.4947580350000003,"Wheat/Rye (Bread, pasta, baked goods)"
8,JUICE CRNBRY RTS PET,1.0,34.614,29.69,15.70064629518,Citrus Fruit
1,SALAD FRUIT CHPOG LS NO PRES,1.0,8.0,29.39,3.62873896,Fruits (misc.)
4,COCONUT FLAKE UNSWT,2.0,5.0,28.9,2.2679618500000003,Tree nuts and seeds
1,VINEGAR SHERRY SPANISH,1.0,11.0,28.79,4.9895160700000005,Stimulants
2,PASTA SPAGHETTINI,1.0,20.0,26.94,9.0718474,"Wheat/Rye (Bread, pasta, baked goods)"
4,GARLIC PEELED FRESH,0.0,5.0,26.38,2.2679618500000003,Stimulants & Spices (misc.)
12,LETTUCE BIBB HYDRO FRESH,1.0,5.0,25.06,2.2679618500000003,Cabbages and other Brassicas (Broccoli)
4,CABBAGE GREEN SHRD FRSH W/BAG,1.0,20.0,24.98,9.0718474,Cabbages and other Brassicas (Broccoli)
6,JUICE LEMON PSTRZD ULTRA PREM,1.0,13.0,24.61,5.8967008100000005,Citrus Fruit
6,MILK ALMOND ORIGINAL,1.0,25.04,23.92,11.3579529448,Almond milk
4,SYRUP CHOCOLATE SAFARI,0.0,10.75,22.66,4.8761179775,Sugars and sweeteners
1,ONION RED JUMBO BOX,1.0,25.0,22.24,11.33980925,Onions and Leeks
14,NUT MIXED W/CRAN ALMND CASHEW,1.0,1.619,21.97,0.7343660470300001,Tree nuts and seeds
2,CREAM SOUR CULTRD GRADE A,1.0,10.0,21.54,4.535923700000001,Cream
1,LETTUCE ICEBERG TRIMMED FDSVC,1.0,8.0,21.09,3.62873896,Cabbages and other Brassicas (Broccoli)
1,CAKE POUND SLI LMN,1.0,4.25,20.72,1.9277675725,"Wheat/Rye (Bread, pasta, baked goods)"
3,SPICE OREGANO LEAVES,0.0,1.75,20.54,0.7937866475,Stimulants & Spices (misc.)
1,CAKE POUND SLI MARBLE,1.0,4.25,19.87,1.9277675725,"Wheat/Rye (Bread, pasta, baked goods)"
12,YOGURT PLAIN NONFAT GREEK,1.0,3.975,19.56,1.80302967075,Yogurt
12,TOMATO GRAPE FRSH,1.0,10.0,18.87,4.535923700000001,Tomatoes
2,CHEESE BLUE CRUMBLES,0.0,5.0,18.81,2.2679618500000003,Cheese
6,SPICE GINGER GRND,0.0,0.781,17.75,0.35425564097,Stimulants & Spices (misc.)
2,ARUGULA BABY FRESH,1.0,4.0,17.07,1.81436948,Cabbages and other Brassicas (Broccoli)
1,BREAD NAAN DIPPERS MINI,1.0,2.0,16.7,0.90718474,"Wheat/Rye (Bread, pasta, baked goods)"
4,CHEESE CHDR MILD FCY SHRD YEL,0.0,5.0,14.99,2.2679618500000003,Cheese
24,WATER SPARKLING BERRY,1.0,18.0,14.86,8.164662660000001,Berries
24,WATER SPARKLING LIME,1.0,18.0,14.86,8.164662660000001,Citrus Fruit
4,SAUCE BBQ ORIGINAL,0.0,9.7,14.74,4.399845989,Vegetable oils
6,PEANUT BUTTER CREAMY,0.0,4.894,13.53,2.21988105878,Cream
1,DILL BABY FRESH HERB,2.0,0.5,12.06,0.226796185,Stimulants & Spices (misc.)
1,BASIL FRESH THAI HERB,1.0,1.0,12.01,0.45359237,Stimulants & Spices (misc.)
4,PARSLEY CLN/WASH FRESH HERB,0.0,2.0,11.82,0.90718474,Grains/cereals (except rice)
4,RELISH DILL GREEN,0.0,9.125,10.58,4.13903037625,Legumes (misc.)
1,LIME FRESH,1.0,2.0,10.55,0.90718474,Citrus Fruit
4,LETTUCE SHREDDED 1/8 IN FRESH,0.0,5.0,6.34,2.2679618500000003,Cabbages and other Brassicas (Broccoli)
4,ONION GREEN ICELS,0.0,1.537,6.18,0.69717147269,Onions and Leeks
4,DIP EGGPLANT BABA GANOUSH CHEF,0.0,0.0,0.0,0.0,Other vegetables
1,EGG HARDBOILED WHL PEEL SEL,0.0,0.0,0.0,0.0,Eggs
24,WATER BTLD SMARTWATER,19.0,798.0,862.22,361.96671126,Uncategorized
6,MILK HOMOGENIZED ESL,23.0,604.9,428.25,274.378024613,Milk (cow's milk)
2,SOUP CHICKEN NDLE,8.0,128.0,332.48,58.05982336,"Poultry (chicken, turkey)"
10,SALAMI GENOA FONTINA SNCK PK,7.0,8.75,277.92,3.9689332375,Pork (pig meat)
6,TEA CHAI CLASSIC CONC,8.0,96.0,277.28,43.54486752,Stimulants
6,MILK ORIGINAL OAT XTRA CREAMY,13.0,285.48,258.83,129.4915497876,Oat milk
24,SODA COKE DIET CLS CONT TRAY P,5.0,150.0,231.2,68.0388555,Stimulants
4,CEREAL GRANOLA OATS N HNY PARF,3.0,37.5,209.68,17.009713875,Grains/cereals (except rice)
12,CHEESE WISCONSIN SNACK TRAY,6.0,13.08,202.62,5.9329881996000005,Cheese
6,YOGURT VANILLA PARFAIT POUCH,5.0,120.0,195.2,54.4310844,Yogurt
2,SOUP LENTIL VEGETERIAN,5.0,80.0,194.49,36.2873896,Beans and pulses (dried)
12,WATER COCONUT JUICE 100%,9.0,81.0,173.79,36.74098197,Tree nuts and seeds
24,CROISSANT SAUSAGE EGG & CHS,4.0,27.0,161.64,12.24699399,Pork (pig meat)
12,SPREAD HUMMUS CLS W/PRETZELS,5.0,15.4,159.0,6.985322498,"Wheat/Rye (Bread, pasta, baked goods)"
6,DRINK PINEAPPLE PCH KOMBUCHA,8.0,48.8,136.88,22.135307656,Fruits (misc.)
8,JUICE DRINK MIGHTY MANGO,5.0,43.0,134.95,19.50447191,Fruits (misc.)
2,SOUP ITALIAN WEDDING W/MTBALLS,3.0,48.0,127.79,21.77243376,Lamb/mutton & goat meat
6,JUICE DRINK KOMUCHA GNGR ORG,7.0,42.7,119.77,19.368394199,Stimulants
2,SOUP CHOWDER CLAM N.E. FRESH,2.0,30.0,119.18,13.6077711,Mollusks
12,JUICE ORANGE PURE PREM NO PULP,6.0,54.48,117.12,24.7117123176,Citrus Fruit
12,BLUEBERRY FRESH,2.0,25.5,113.76,11.566605435,Berries
8,JUICE DRINK STWBRY BAN,4.0,34.4,111.92,15.603577528,Berries
24,SODA COKE DIET,5.0,88.81,111.0,40.283538379700005,Stimulants
12,JUICE APPLE PURE PREM,5.0,45.4,97.6,20.593093598,Apples
24,DRINK ENERGY RED BULL,2.0,24.9,97.1,11.294450013,Stimulants
24,DRINK ENERGY REDBULL SF,2.0,28.8,97.0,13.063460256,Stimulants
2,SOUP BROCCOLI CHS CHEDDAR RTU,2.0,32.0,95.8,14.51495584,Cabbages and other Brassicas (Broccoli)
200,HONEY PURE CUP,2.0,14.0,87.4,6.35029318,Sugars and sweeteners
12,CREAMER HALF & HALF ESL,2.0,51.3,86.9,23.269288581,Milk (cow's milk)
6,SNACK BAR CARAMEL ALMD SEA SLT,0.0,4.2,77.44,1.905087954,Tree nuts and seeds
6,SNACK BAR DK CHOC NUT SEA SALT,0.0,5.132,75.36,2.32783604284,Tree nuts and seeds
6,SNACK BAR BLUBRY VAN & CASHEW,0.0,4.2,75.16,1.905087954,Tree nuts and seeds
8,STRAWBERRY FRESH DRISCOLL,2.0,16.0,67.33,7.25747792,Berries
24,WATER SPRKLG UNFLAVRD SLEK CN,3.0,50.19,66.93,22.7658010503,Uncategorized
6,MILK WHL ORGANIC,2.0,51.68,64.32,23.4416536816,Milk (cow's milk)
12,YOGURT BLUEBERRY GREEK NON FAT,3.0,12.0,58.68,5.4431084400000005,Yogurt
12,YOGURT STWBRY GREEK NON FAT,3.0,12.0,58.68,5.4431084400000005,Yogurt
12,JUICE CRNBRY CKTL PURE PREM,3.0,27.24,58.56,12.3558561588,Citrus Fruit
24,WATER SPARKLING BLD ORGE SLEEK,2.0,36.192,50.64,16.41641505504,Onions and Leeks
24,WATER SPRKLG ORG ARANCAT CAN,2.0,36.192,50.64,16.41641505504,Uncategorized
12,TEA ICED SWEET PURELEAF,2.0,27.75,45.9,12.5871882675,Stimulants
24,SODA MEX COKE GLS NON RET,1.0,17.0,45.49,7.71107029,Stimulants
64,CHIP POTATO REG SEA SALT,1.0,5.5,45.24,2.4947580350000003,"Wheat/Rye (Bread, pasta, baked goods)"
64,CHIP POTATO SALT & VNGR KETTLE,1.0,5.5,45.24,2.4947580350000003,"Wheat/Rye (Bread, pasta, baked goods)"
24,SODA COKE CLS CONTOUR TRAY PK,1.0,30.0,44.22,13.6077711,Stimulants
1,MELON HONEYDEW FRSH,2.0,25.0,39.9,11.33980925,Fruits (misc.)
6,YOGURT BLUBRY LF PARFAITPRO,1.0,24.0,39.04,10.88621688,Yogurt
24,WATER BTLD VITAMIN XXX 6PK,1.0,27.36,38.03,12.4102872432,Uncategorized
6,SNACK BAR CHOC DARK CHRY CASHW,0.0,2.333,37.12,1.05823099921,Tree nuts and seeds
100,CHEESE CREAM ORIG SPREAD CUP,1.0,4.688,36.07,2.12644103056,Cheese
24,SODA GINGER ALE CUBE,2.0,41.7,32.36,18.914801829,Stimulants
12,SPREAD HUMMUS RST GRLC W/PRETZ,1.0,3.08,31.8,1.3970644996,Vegetable oils
1,MELON CANTALOUPE FRESH,2.0,16.0,29.1,7.25747792,Fruits (misc.)
24,DRINK ORANGE WIDEMOUTH PLST,1.0,34.4,28.71,15.603577528,Citrus Fruit
24,DRINK RASP COOL BLUE WIDEMOUTH,1.0,34.2,28.71,15.512859054000002,Berries
24,DRINK FRUIT PUNCH WIDEMOUTH PL,1.0,34.2,28.37,15.512859054000002,Fruits (misc.)
1,PINEAPPLE FRESH,1.0,9.833,19.09,4.46017377421,Fruits (misc.)
150,CRACKER OYSTER NEW ENGLAND,1.0,4.69,18.61,2.1273482153,"Wheat/Rye (Bread, pasta, baked goods)"
1,CLEANER FLOOR SANI WSH N WALK,2.0,43.2,361.56,19.595190384,Uncategorized
3,DETERGENT POT/PAN HAND SMARTPW,2.0,12.0,274.88,5.4431084400000005,Uncategorized
1,SANITIZER OASIS 146 MULTI QUAT,2.0,41.6,254.9,18.869442592,Uncategorized
1,SUPPLY SOTF KITCHEN,2.0,12.0,182.3,5.4431084400000005,Uncategorized
6,POLISH STNLS ECOSHINE,1.0,9.35,119.06,4.2410886595,Uncategorized
1,SUPPLY EQUIPMENT ON THE FLY,1.0,6.0,50.49,2.72155422,Uncategorized
1,CHARGE FREIGHT,4.0,4.0,47.9,1.81436948,Uncategorized
1,SUPPLY SOTF TEXTILES,1.0,6.0,31.65,2.72155422,Uncategorized
4,CHICKEN CVP THIGH B/S HALAL,44.0,1760.0,3993.58,798.3225712000001,"Poultry (chicken, turkey)"
8,PORK BUTT BNLS 1/4 6-9#EA,18.0,1259.2,2307.8,571.163512304,Pork (pig meat)
4,LETTUCE ROMAINE ITAL BLEND,35.0,350.0,1257.9,158.7573295,Cabbages and other Brassicas (Broccoli)
2,CHICKEN TNDR BRD PCK,28.0,280.0,1174.32,127.0058636,"Poultry (chicken, turkey)"
1,SALAD FRUIT NO ORANGES,13.0,312.0,1016.34,141.52081944,Fruits (misc.)
1,AVOCADO HASS BRKNG #2 GUAC PAK,12.0,282.0,675.95,127.91304834,Fruits (misc.)
40,DESSERT BAR MSHMLW CHEWY I/W,14.0,73.5,654.92,33.339039195000005,Sugars and sweeteners
1,EGG HARDBOILED WHL PEEL SEL,6.0,150.0,598.18,68.0388555,Eggs
3,APTZR POTSTICKER CHKN TERIYAKI,14.0,105.0,550.2,47.62719885,"Poultry (chicken, turkey)"
4,LETTUCE FRESH TENDER GREENS,14.0,168.0,547.96,76.20351816,Cabbages and other Brassicas (Broccoli)
4,NOODLE YAKISOBA JAPNSE FZ,16.0,320.0,544.8,145.14955840000002,"Wheat/Rye (Bread, pasta, baked goods)"
1,SYRUP LIQUID SWTNR NON NUTRITV,4.0,87.44,527.72,39.6621168328,Sugars and sweeteners
1,RICE PARBOILED PERFECT,24.0,612.0,527.32,277.59853044,Rice
6,POTATO FRY BOARDWALK CUT,10.0,270.0,526.7,122.4699399,Potatoes
6,MILK COCONUT UNSWT,6.0,228.0,516.06,103.41906036,Tree nuts and seeds
60,COOKIE CHOC CHIP IW,14.0,131.32,510.16,59.5657500284,"Wheat/Rye (Bread, pasta, baked goods)"
60,COOKIE MILANO,10.0,37.65,471.1,17.0777527305,"Wheat/Rye (Bread, pasta, baked goods)"
1,TOMATO GRAPE FRSH,21.0,210.0,456.52,95.2543977,Tomatoes
4,CHICKEN CVP WING 1&2JT JMB RND,5.0,200.0,450.45,90.718474,"Poultry (chicken, turkey)"
1,CORN WHL KERNEL,9.0,270.0,443.42,122.4699399,Corn (Maize)
150,APTZR POTSTICKER EDAMAME,10.0,75.0,442.98,34.01942775,Vegetables (misc.)
6,SAUCE SOY GLUTEN FREE,5.0,155.0,417.9,70.30681735,Vegetable oils
1,SHORTENING FRY CANOLA CLR ZTF,12.0,420.0,411.36,190.5087954,Rapeseed/canola (Oil)
6,QUINOA GRAIN RED FULLY COOKED,6.0,144.0,398.94,65.31730128000001,Grains/cereals (except rice)
6,SPROUT BEAN FCY,6.0,229.5,395.4,104.099448915,Beans and pulses (dried)
6,ONION FRENCH CRISPY TOPPING,8.0,72.0,383.36,32.658650640000005,Onions and Leeks
6,CHILI CRISP SPICY 7OZ,7.0,35.7,382.76,16.193247609000004,Stimulants
1,BANANA FRESH GREEN TIP,15.0,645.0,379.35,292.56707865000004,Bananas
120,COOKIE SANDWICH OREO,11.0,34.54,378.07,15.6670804598,"Wheat/Rye (Bread, pasta, baked goods)"
4,COFFEE FRZDRY ALEGRIA DELICATE,3.0,6.6,366.02,2.993709642,Coffee
1,CUCUMBER ENGLISH LONG,25.0,300.0,356.25,136.077711,Other vegetables
72,CRACKER GOLDFISH CHDR CHS,11.0,53.9,354.2,24.448628743,Fish (finfish)
1,APPLE GLDN DEL X-FANCY FRESH,7.0,280.0,347.19,127.0058636,Apples
1,BACON LAYFLAT 22/26 SMOKED,4.0,63.2,305.78,28.667037784,Pork (pig meat)
1,ORANGE FANCY FRESH,8.0,320.0,292.43,145.14955840000002,Citrus Fruit
4,CARROT SHRD FRSH MATCH STK,8.0,160.0,290.08,72.57477920000001,Root Vegetables
4,SPINACH CLIPPED FRESH,10.0,100.0,275.04,45.359237,Cabbages and other Brassicas (Broccoli)
6,POTATO FRY TWISTER ORIG BTTERD,4.0,120.0,269.76,54.4310844,Potatoes
6,DRESSING RANCH LITE ESSENTIAL,7.0,87.332,268.31,39.61312885684,Vegetable oils
4,ONION GREEN ICELS,10.0,64.574,259.56,29.29027370038,Onions and Leeks
4,CHEESE PARMESAN SHRED IMPORT,3.0,60.0,248.04,27.2155422,Cheese
8,TOFU FIRM SUPER ORGANIC,7.0,112.0,244.02,50.80234544,Soybeans/Tofu
4,MIX SOUP TONKOTSU RAMEN,2.0,17.6,240.92,7.983225712000001,Uncategorized
6,DRESSING BALSAMIC VGR ESSNTIAL,6.0,78.858,240.0,35.769387113460006,Vegetable oils
4,GARLIC PEELED FRESH,2.0,45.0,237.4,20.41165665,Stimulants & Spices (misc.)
1,EGG SHELL LRG WHT A CAGE FREE,3.0,67.5,222.42,30.617484975,Eggs
1,APPLE RED DEL FANCY FRESH,6.0,240.0,220.92,108.8621688,Apples
2,CHEESE FETA CRUMBLED,6.0,60.0,210.24,27.2155422,Cheese
1,BOK CHOY BABY FRESH,8.0,80.0,207.66,36.2873896,Cabbages and other Brassicas (Broccoli)
6,TUNA LIGHT SKIPJACK CHUNK WTR,2.0,49.4,206.36,22.407463078,Fish (finfish)
6,BEAN GARBANZO FRESH RTE,5.0,120.0,193.85,54.4310844,Beans and pulses (dried)
12,TOFU EXTRA FIRM WTR PK NON-GMO,10.0,120.0,192.8,54.4310844,Soybeans/Tofu
4,PEPPER BANANA MILD RING 1100CT,3.0,108.0,183.46,48.98797596,Bananas
1,ASPARAGUS FRESH STANDARD,6.0,66.0,182.4,29.937096420000003,Other vegetables
2,DRESSING SESAME TOASTED,4.0,71.2,179.13,32.295776744,Tree nuts and seeds
6,DRESSING CAESAR CRMY ESSENTIAL,4.0,47.796,177.36,21.67990091652,Vegetable oils
6,ORANGE MANDARIN BRKN LS,3.0,133.95,175.44,60.7586979615,Citrus Fruit
1,MUSHROOM SHIITAKE LRG SLI 3/16,6.0,18.0,173.4,8.164662660000001,Vegetables (misc.)
6,BEET DICED FCY,3.0,129.6,140.64,58.785571152,Root Vegetables
1,RICE BROWN PARBOILED WHLGRN QC,6.0,153.0,138.14,69.39963261,Rice
2,SQUASH BUTTERNUT PLD FRSH,5.0,50.0,131.05,22.6796185,Fruits (misc.)
4,BROCCOLI FLORET ICELESS,4.0,48.0,130.22,21.77243376,Cabbages and other Brassicas (Broccoli)
4,ONION DICED 3/8 YEL,3.0,60.0,129.99,27.2155422,Onions and Leeks
4,CILANTRO CLEAN WASH FRESH HERB,5.0,25.85,128.48,11.725362764500002,Stimulants & Spices (misc.)
1,SYRUP LIQUID SWEETENER HFCS,4.0,223.24,125.92,101.2599606788,Sugars and sweeteners
2,BEAN GREEN TRIMMED FRSH,5.0,52.25,123.0,23.7002013325,Beans and pulses (dried)
1,SQUASH YELLOW S/N MEDIUM FRESH,4.0,96.0,120.4,43.54486752,Fruits (misc.)
2,DRESSING GREEK FETA CHEESE,2.0,33.0,119.88,14.968548210000002,Cheese
1,PEAR FRESH,2.0,76.0,116.36,34.47302012,Fruits (misc.)
1,SOYBEAN WHOLE SHELLED EDAMAME,2.0,48.0,113.22,21.77243376,Soybeans/Tofu
60,COOKIE CHOC BROWNIE,3.0,28.125,108.39,12.75728540625,"Wheat/Rye (Bread, pasta, baked goods)"
6,OIL SESAME SEED TOASTED PURE,1.0,18.266,105.02,8.28531823042,Rapeseed/canola (Oil)
1,AVOCADO HASS GREEN FRESH,1.0,24.7,100.69,11.203731539,Fruits (misc.)
6,COCOA MIX ALEGRIA,1.0,10.5,98.81,4.762719885,Tree nuts and seeds
4,SAUCE WING GRLC PARMESAN,2.0,34.08,96.76,15.4584279696,Vegetable oils
1,SQUASH ZUCCHINI MEDIUM FRESH,4.0,80.0,91.44,36.2873896,Other vegetables
150,APTZR POTSTICKER KALE AND VEG,2.0,15.0,90.14,6.80388555,Legumes (misc.)
6,ARTICHOKE HEART QUARTER,1.0,33.0,89.88,14.968548210000002,Vegetables (misc.)
6,TEA ASST 6 FLVR,3.0,6.0,89.82,2.72155422,Stimulants
6,DRESSING HONEY MSTRD ESSENTIAL,2.0,24.788,89.36,11.24364766756,Vegetable oils
12,CREAMER HALF & HALF ESL,2.0,51.3,86.9,23.269288581,Milk (cow's milk)
2,SAUCE CHIMICHURRI,3.0,30.0,84.48,13.6077711,Vegetable oils
6,MILK ORIGINAL OAT XTRA CREAMY,4.0,87.84,79.64,39.8435537808,Oat milk
1,CAULIFLOWER FRESH MULTI-COLOR,2.0,30.0,78.98,13.6077711,Cabbages and other Brassicas (Broccoli)
1,BRUSSEL SPROUT ICELS,2.0,50.0,78.22,22.6796185,Beans and pulses (dried)
12,SUGAR BROWN LIGHT CANE,2.0,48.0,77.46,21.77243376,Sugars and sweeteners
6,OLIVE BLACK RIPE SLICED,1.0,43.0,77.05,19.50447191,Other vegetables
6,MILK HOMOGENIZED ESL,4.0,105.2,74.46,47.717917324000005,Milk (cow's milk)
6,TEA ASST HERBAL,3.0,3.81,73.71,1.7281869297,Stimulants
12,CAULIFLOWER CELLO WRPD FRSH,2.0,53.1,72.22,24.085754847,Cabbages and other Brassicas (Broccoli)
1,SYRUP MAPLE VERY DK GRADEA ORG,1.0,12.0,71.16,5.4431084400000005,Sugars and sweeteners
1,PASTE MISO WHT SHIRO,1.0,45.0,70.88,20.41165665,Stimulants
4,SAUCE PEPPER CAYENNE RED HOT,1.0,35.0,70.75,15.875732950000002,Vegetable oils
12,GREEN COLLARD IQF,1.0,34.45,65.72,15.626257146500002,Cabbages and other Brassicas (Broccoli)
1,ONION RED JUMBO BOX,3.0,75.0,63.44,34.01942775,Onions and Leeks
4,SAUCE TERIYAKI,1.0,40.0,63.24,18.1436948,Vegetable oils
1,EGGPLANT FRESH,2.0,54.0,62.56,24.49398798,Other vegetables
12,CURRY PASTE RED,1.0,26.25,58.09,11.9067997125,Stimulants
6,MILK SOY PLAIN 64OZ,2.0,48.0,55.76,21.77243376,Soy milk
48,BROWNIE CHOC CHIP GLUTEN FREE,1.0,10.5,55.55,4.762719885,"Wheat/Rye (Bread, pasta, baked goods)"
1,GINGER ROOT FRESH,3.0,15.0,52.19,6.80388555,Roots and Tubers
12,PEA & CARROT GR A P,1.0,30.0,47.79,13.6077711,Peas
12,SAUCE CHILI SAMBAL OELEK,1.0,13.5,47.17,6.123496995,Vegetable oils
1,CHICKEN TENDER VEGAN,1.0,10.0,47.01,4.535923700000001,Legumes (misc.)
6,SAUCE HOISIN,1.0,35.45,46.71,16.0798495165,Vegetable oils
1,POTATO BAKING RUSSET 80CT FRSH,2.0,100.0,45.88,45.359237,Potatoes
6,PEPPER RED RSTD,1.0,45.0,45.66,20.41165665,Stimulants & Spices (misc.)
12,SAUCE HOT SRIRACHA 17OZ,1.0,13.5,45.66,6.123496995,Vegetable oils
1,POTATO SWEET JUMBO,2.0,80.0,45.64,36.2873896,Cassava and Other Roots
4,ESCAROLE FRESH CHOPPED 1 1/2,1.0,10.0,44.44,4.535923700000001,Vegetables (misc.)
1,PEPPER SWEET BELL MEDLEY HH,1.0,20.0,42.18,9.0718474,Stimulants & Spices (misc.)
6,MILK ALMOND ORIGINAL,2.0,48.0,41.34,21.77243376,Almond milk
6,DRESSING 1000 ISLAND POUR BTL,1.0,12.66,40.23,5.7424794042,Vegetable oils
1,CAULIFLOWER FRESH,2.0,14.0,37.7,6.35029318,Cabbages and other Brassicas (Broccoli)
6,SPICE GINGER GRND,0.0,1.562,36.12,0.70851128194,Stimulants & Spices (misc.)
6,DRESSING ITALIAN LOW CAL,1.0,13.061,33.25,5.92436994457,Vegetable oils
1,POTATO YELLOW YUKON GOLD B SZ,2.0,100.0,32.52,45.359237,Potatoes
6,SPICE CURRY POWDER,0.0,2.016,32.26,0.91444221792,Stimulants & Spices (misc.)
48,COOKIE SANDWICH OREO 2.4 OZ,1.0,7.2,30.15,3.265865064,"Wheat/Rye (Bread, pasta, baked goods)"
6,SPICE SESAME SEED WHL WHITE,0.0,3.0,30.01,1.36077711,Tree nuts and seeds
4,LETTUCE SAL MIX SEPARATE FRESH,1.0,20.0,26.74,9.0718474,Cabbages and other Brassicas (Broccoli)
6,CHEESE PARM GRTD DRY CARTON US,0.0,5.0,26.44,2.2679618500000003,Cheese
3,SPICE BAY LEAVES WHL,0.0,0.5,25.19,0.226796185,Stimulants & Spices (misc.)
6,SPICE GARLIC GRANULATED,0.0,3.166,25.16,1.43607344342,Stimulants & Spices (misc.)
1,POTATO BAKING RSST 100CT FRSH,1.0,50.0,22.92,22.6796185,Potatoes
6,SPICE CINNAMON STICK,0.0,2.25,20.3,1.0205828325,Stimulants & Spices (misc.)
1,ONION YELLOW JUMBO BAG,1.0,50.0,19.82,22.6796185,Onions and Leeks
12,SPICE ANISE STAR,0.0,0.938,16.8,0.42546964306,Stimulants & Spices (misc.)
4,PARSLEY CLN/WASH FRESH HERB,0.0,1.0,5.91,0.45359237,Grains/cereals (except rice)
4,RINSE AID ALL PURPOSE TRUPOWER,1.0,33.9,337.94,15.376781343,Uncategorized
4,DETERGENT ALL PURP DISH TRUPWR,1.0,42.4,204.18,19.232316488,Uncategorized
6,BLEACH LIQ GRMCDL ULTRA 6%,2.0,117.0,55.52,53.07030729,Uncategorized
1,MOP HEAD CTN CUT END VALUE #24,2.0,6.0,32.92,2.72155422,Uncategorized
4,CHICKEN CVP THIGH B/S HALAL,61.0,2440.0,5388.84,1106.7653828,"Poultry (chicken, turkey)"
120,COOKIE SANDWICH OREO 1.59 OZ,42.0,498.96,2158.8,226.3244489352,"Wheat/Rye (Bread, pasta, baked goods)"
32,BEEF STEAK STRIPS WM FC FRZN,10.0,400.0,1466.7,181.436948,Beef & buffalo meat
4,BEEF BARBACOA CAFE H MEX/SHRED,10.0,192.25,1365.17,87.2031331325,Beef & buffalo meat
72,CHIP TORTILLA SCOOPS BAKED,38.0,149.622,1229.3,67.86739758414001,"Wheat/Rye (Bread, pasta, baked goods)"
3,BEEF CHUCK ROLL 1X1,3.0,227.6,1180.56,103.237623412,Beef & buffalo meat
8,TORTILLA FLOUR 14 INCH,27.0,729.0,1162.62,330.66883773,Grains/cereals (except rice)
2,CHICKEN BRST CHUNK TEMPURA,25.0,250.0,1033.0,113.3980925,"Poultry (chicken, turkey)"
1,APPLE RED DEL FANCY FRESH,24.0,960.0,883.28,435.4486752,Apples
1,PEPPER SWEET BELL MEDLEY HH,20.0,400.0,843.6,181.436948,Stimulants & Spices (misc.)
4,BURGER VEG IMPOSSIBLE BULK,4.0,80.0,708.04,36.2873896,"Wheat/Rye (Bread, pasta, baked goods)"
4,DRESSING MAYONNAISE VEGAN,6.0,186.24,676.26,84.47704298880001,Soybeans/Tofu
1,RICE PARBOILED PERFECT,16.0,812.0,619.78,368.31700444,Rice
50,VEGETARIAN VEG CHCKN BRST,8.0,96.0,592.56,43.54486752,Legumes (misc.)
4,SHRIMP WHT P&D TLOF 26/30,10.0,100.0,578.3,45.359237,Crustaceans (shrimp/prawns)
4,BEEF GRND BULK 81/19 CHUB FRS,6.0,120.0,552.48,54.4310844,Beef & buffalo meat
4,GARLIC PEELED FRESH,3.0,100.0,527.57,45.359237,Stimulants & Spices (misc.)
2,CHICKEN NUG PLANT BASED,7.0,70.0,502.88,31.751465900000003,"Poultry (chicken, turkey)"
2,SQUASH BUTTERNUT PLD FRSH,19.0,190.0,497.99,86.1825503,Fruits (misc.)
12,CAULIFLOWER CELLO WRPD FRSH,16.0,424.8,483.14,192.686038776,Cabbages and other Brassicas (Broccoli)
1,COUSCOUS INTL,10.0,100.0,477.5,45.359237,"Wheat/Rye (Bread, pasta, baked goods)"
6,BEAN BLACK FRESH READY TO EAT,12.0,288.0,465.24,130.63460256000002,Beans and pulses (dried)
4,SALSA CHUNKY MED AUTHENTIC,6.0,202.5,457.08,91.852454925,Stimulants
1,CORN WHL KERNEL GR A,9.0,262.8,449.71,119.20407483600002,Corn (Maize)
6,BEAN PINTO FRESH READY TO EAT,11.0,264.0,426.47,119.74838568,Beans and pulses (dried)
6,BEAN GARBANZO FRESH RTE,11.0,264.0,426.47,119.74838568,Beans and pulses (dried)
1,RICE BASMATI,7.0,280.0,403.83,127.0058636,Rice
1,EGGPLANT FRESH,12.0,324.0,375.54,146.96392788,Other vegetables
6,SAUCE SOY GLUTEN FREE,4.0,124.0,334.32,56.24545388,Vegetable oils
1,RICE JASMINE THAI,14.0,350.0,315.56,158.7573295,Rice
2,POTATO DICED CKD RSST SKLS MED,12.0,240.0,310.92,108.8621688,Potatoes
12,SPINACH CHOPPED IQF,6.0,144.9,304.02,65.725534413,Cabbages and other Brassicas (Broccoli)
1,TOMATO GRAPE FRSH,15.0,150.0,294.7,68.0388555,Tomatoes
3,PLANTBASED SHRED OAT PROTEIN,6.0,54.0,292.5,24.49398798,Legumes (misc.)
8,TOFU FIRM SUPER ORGANIC,8.0,128.0,278.88,58.05982336,Soybeans/Tofu
3,SPICE ONION POWDER,0.0,33.0,270.51,14.968548210000002,Stimulants & Spices (misc.)
1,ONION YELLOW JUMBO BAG,12.0,600.0,245.92,272.155422,Onions and Leeks
4,GUACAMOLE FRESH ORIG BLEND HPP,6.0,48.0,236.7,21.77243376,Fruits (misc.)
6,SPICE PAPRIKA SMK,0.0,11.684,230.45,5.2997732510799995,Stimulants & Spices (misc.)
12,BEAN GREEN WHL HARICOT VERT,4.0,96.0,227.56,43.54486752,Beans and pulses (dried)
1,BOK CHOY BABY FRESH,8.0,80.0,210.48,36.2873896,Cabbages and other Brassicas (Broccoli)
4,CILANTRO CLEAN WASH FRESH HERB,9.0,42.3,210.24,19.186957251,Stimulants & Spices (misc.)
6,CABBAGE NAPA KIMCHI,8.0,7.0,205.68,3.17514659,Cabbages and other Brassicas (Broccoli)
6,SPICE GARLIC GRANULATED,0.0,45.5,203.0,20.638452835,Stimulants & Spices (misc.)
1,APPLE RED DEL FANCY FRESH,6.0,240.0,201.84,108.8621688,Apples
1,CUCUMBER ENGLISH LONG,14.0,168.0,199.5,76.20351816,Other vegetables
4,CARROT BABY CUT PLD,7.0,121.1,196.0,54.930036007,Root Vegetables
4,SOUR CREAM VEGAN DF,5.0,40.0,185.45,18.1436948,Cream
1,BROCCOLI CROWN ASIAN ICELS,6.0,120.0,180.6,54.4310844,Cabbages and other Brassicas (Broccoli)
2,PASTA MACARONI ELBOW LRG RIDGD,4.0,80.0,179.64,36.2873896,"Wheat/Rye (Bread, pasta, baked goods)"
12,PASTE TAHINI,2.0,24.0,179.54,10.88621688,Stimulants
1,TOMATO ROMA UTILITY FRESH,5.0,125.0,177.31,56.69904625,Tomatoes
6,TOMATO DICED FIRE ROASTED,3.0,114.75,174.81,52.049724457500005,Tomatoes
6,SPICE CORIANDER GRND,0.0,9.9,151.78,4.490564463,Stimulants & Spices (misc.)
4,CHEESE CHDR MILD FCY SHRD YEL,2.0,50.0,148.36,22.6796185,Cheese
12,SAUCE PEPPER HARISSA HOT,2.0,30.0,137.0,13.6077711,Vegetable oils
12,CREAM HEAVY WHIPPING 36% ESL,2.0,51.32,136.5,23.278360428400003,Cream
1,TOMATO ROMA FRSH,4.0,100.0,134.3,45.359237,Tomatoes
1,TOMATILLO FRESH DEHUSKED,3.0,60.0,132.66,27.2155422,Other vegetables
12,SALT KOSHER FLAKE COARSE,2.0,74.2,130.38,33.656553854,Stimulants & Spices (misc.)
4,ONION GREEN ICELS,5.0,32.287,129.78,14.64513685019,Onions and Leeks
1,CREAM SOUR CULTRD GRD A,2.0,64.0,129.38,29.02991168,Cream
4,DRESSING BUTTERMILK RANCH,2.0,64.8,128.44,29.392785576,Yogurt
6,JUICE POMEGRANATE 100% FRSH,4.0,36.0,127.16,16.329325320000002,Fruits (misc.)
4,MUSTARD DIJON SMOOTH,0.0,27.15,125.46,12.3150328455,Tree nuts and seeds
48,AVOCADO HASS FRSH HLV INDW HPP,4.0,18.0,120.68,8.164662660000001,Fruits (misc.)
6,SPICE CUMIN GRND,0.0,15.75,117.84,7.144079827500001,Stimulants & Spices (misc.)
1,LIME FRESH,2.0,80.0,116.9,36.2873896,Citrus Fruit
1,SOYBEAN WHOLE SHELLED EDAMAME,2.0,48.0,113.22,21.77243376,Soybeans/Tofu
6,SUNFLOWER SEED SUNBUTTER,1.0,30.0,110.35,13.6077711,Butter
5,CHEESE CHEDDAR SHRD VEGAN,2.0,20.0,109.36,9.0718474,Soybeans/Tofu
6,CHILI CRISP SPICY 7OZ,2.0,10.2,109.36,4.626642174,Stimulants
24,PEPPER CHIPOTLE IN ADOBO SAUCE,2.0,20.0,105.44,9.0718474,Vegetable oils
1,RAISIN SEEDLESS GOLDEN,3.0,30.0,105.42,13.6077711,Fruits (misc.)
3,SPICE PEPPER BLK GRND,0.0,9.8,104.0,4.445205226000001,Stimulants & Spices (misc.)
1,RICE JASMINE THAI PR GRADE,3.0,75.0,93.93,34.01942775,Rice
1,RICE MEDIUM GRAIN,2.0,100.0,89.72,45.359237,Grains/cereals (except rice)
6,PLANTBASED PRTN PULLED MSHRM,1.0,13.23,88.81,6.001027055100001,Legumes (misc.)
1,GINGER ROOT FRESH,2.0,60.0,85.88,27.2155422,Roots and Tubers
4,OIL CANOLA SAL,2.0,65.0,85.54,29.48350405,Rapeseed/canola (Oil)
4,CHEESE GRUYERE SHRED,0.0,10.0,84.14,4.535923700000001,Cheese
1,SQUASH ZUCCHINI MEDIUM FRESH,4.0,80.0,82.8,36.2873896,Other vegetables
6,MILK COCONUT UNSWEETEND,1.0,36.75,81.04,16.669519597500003,Tree nuts and seeds
12,MOLASSES PURE POMEGRANATE,2.0,16.0,80.92,7.25747792,Fruits (misc.)
4,VINEGAR RICE WINE SEAS 4.5%,1.0,32.0,79.36,14.51495584,Rice
6,OLIVE BLACK RIPE SLICED,1.0,43.0,77.46,19.50447191,Other vegetables
12,SUGAR BROWN LIGHT CANE,2.0,48.0,77.4,21.77243376,Sugars and sweeteners
4,SAUCE WING BUFFALO RTU,1.0,35.45,76.53,16.0798495165,"Poultry (chicken, turkey)"
6,CHEESE PIZZA BLND MOZZ/PROV WM,1.0,30.0,74.9,13.6077711,Cheese
6,PEAR HVS CH EXTRA LS 30/35,1.0,39.75,74.74,18.0302967075,Fruits (misc.)
30,MARGARINE SOLID NH NPK,2.0,60.0,73.38,27.2155422,Butter
2,YOGURT PLAIN WHL MILK DAHI,3.0,60.0,71.79,27.2155422,Yogurt
12,PASTE CHILI GOCHUJANG,1.0,13.0,70.64,5.8967008100000005,Stimulants
3,SPICE CHILI PWDR LIGHT,0.0,12.0,69.75,5.4431084400000005,Stimulants
6,PEPPER RED STRIPS FIRE RSTD,1.0,37.5,67.69,17.009713875,Stimulants & Spices (misc.)
24,MIX COCKTAIL CREAM OF COCONUT,1.0,26.65,67.46,12.0882366605,Cream
4,SAUCE PEPPER CAYENNE RED HOT,1.0,35.0,66.59,15.875732950000002,Vegetable oils
1,LIME FRESH,3.0,27.0,64.98,12.24699399,Citrus Fruit
12,TOFU FIRM SILKEN,2.0,18.5,63.56,8.391458845,Soybeans/Tofu
6,SPICE PEPPER CAYENNE GRND,0.0,4.415,62.23,2.00261031355,Stimulants & Spices (misc.)
4,SWEETENER AGAVE NECTAR LT ORG,1.0,11.5,60.92,5.216312255,Sugars and sweeteners
6,APPLESAUCE FANCY UNSWEETENED,1.0,39.75,60.4,18.0302967075,Apples
6,MILK ORIGINAL OAT,3.0,65.88,59.73,29.8826653356,Oat milk
6,TOMATO PASTE FANCY CA,1.0,41.625,59.25,18.88078240125,Tomatoes
4,PARSLEY CLN/WASH FRESH HERB,2.0,10.0,59.08,4.535923700000001,Grains/cereals (except rice)
1,GINGER ROOT FRESH,3.0,15.0,58.65,6.80388555,Roots and Tubers
4,JUICE ORANGE PSTRZD ULTRA PREM,1.0,35.0,57.02,15.875732950000002,Citrus Fruit
1,FLOUR ALL PURP GLUTEN FREE,1.0,25.0,53.76,11.33980925,Grains/cereals (except rice)
4,SYRUP MAPLE 55% BLEND,0.0,10.637,52.37,4.82486203969,Sugars and sweeteners
1,CARROT FRESH JUMBO,2.0,100.0,51.71,45.359237,Root Vegetables
6,BAMBOO SHOOT STRIP,1.0,39.0,50.69,17.69010243,Other vegetables
6,JUICE LEMON PSTRZD ULTRA PREM,2.0,26.0,49.22,11.79340162,Citrus Fruit
6,SPICE TURMERIC GROUND,0.0,3.198,49.08,1.4505883992600002,Stimulants & Spices (misc.)
6,SPICE CURRY POWDER,0.0,3.024,49.01,1.37166332688,Stimulants & Spices (misc.)
6,JUICE LIME PSTRZD ULTRA PREM,2.0,26.0,48.14,11.79340162,Citrus Fruit
6,ONION FRENCH CRISPY TOPPING,1.0,9.0,47.92,4.082331330000001,Onions and Leeks
12,SAUCE CHILI SAMBAL OELEK,1.0,13.5,47.17,6.123496995,Vegetable oils
12,PEPPER CHIPOTLE IN ADOBO SAUCE,2.0,12.4,46.82,5.6245453880000005,Vegetable oils
3,CURRY PASTE GREEN,1.0,7.65,45.61,3.4699816305000004,Stimulants
3,SPICE THYME LEAVES WHL,0.0,1.5,43.81,0.6803885550000001,Vegetables (misc.)
4,SHALLOT PEELED FRESH,0.0,8.0,43.42,3.62873896,Onions and Leeks
6,TOMATO CRUSHED ALL PURP FCY CA,1.0,38.25,43.38,17.3499081525,Tomatoes
1,VEGETABLE MIX 4WAY,1.0,30.0,42.44,13.6077711,Legumes (misc.)
4,OIL SESAME SEED PURE,0.0,8.0,42.08,3.62873896,Rapeseed/canola (Oil)
4,VINEGAR CIDER APPLE 5% 50 GRN,1.0,33.6,41.27,15.240703632,Stimulants
1,ONION RED JUMBO BOX,2.0,50.0,41.2,22.6796185,Onions and Leeks
8,CREAM WHIPPING NON DAIRY,1.0,17.81,39.95,8.0784801097,Cream
1,PEPPER JALAPENO FRESH,2.0,20.0,39.7,9.0718474,Stimulants & Spices (misc.)
4,CARROT DICED 3/8,1.0,20.0,39.2,9.0718474,Root Vegetables
4,OLIVE GREEN MANZ SALAD STYLE,0.0,9.375,39.1,4.25242846875,Vegetables (misc.)
4,CARROT SHRD FRSH MATCH STK,1.0,20.0,36.26,9.0718474,Root Vegetables
1,THYME FRESH HERB,6.0,1.5,36.18,0.6803885550000001,Vegetables (misc.)
1,BASIL FRESH THAI HERB,3.0,3.0,36.03,1.36077711,Stimulants & Spices (misc.)
3,SPICE CINNAMON GRND,0.0,5.0,36.0,2.2679618500000003,Stimulants & Spices (misc.)
6,SPICE GINGER GRND,0.0,1.562,35.81,0.70851128194,Stimulants & Spices (misc.)
1,CELERY FRESH,1.0,55.35,30.48,25.1063376795,Other vegetables
1,PEPPER POBLANO FRESH,1.0,10.0,29.16,4.535923700000001,Stimulants & Spices (misc.)
6,SPICE OREGANO LEAF,0.0,4.0,23.12,1.81436948,Stimulants & Spices (misc.)
6,SAUCE FISH PREMIUM,1.0,8.873,21.97,4.02472509901,Fish (finfish)
12,JUICE LIME,1.0,24.0,20.98,10.88621688,Citrus Fruit
6,SPICE ALLSPICE GROUND,0.0,1.0,19.75,0.45359237,Stimulants & Spices (misc.)
1,MINT FRESH,1.0,2.0,19.6,0.90718474,Stimulants & Spices (misc.)
12,JUICE LEMON,1.0,26.8,19.54,12.156275516,Citrus Fruit
6,SPICE DILL WEED WH,0.0,0.308,16.68,0.13970644996,Stimulants & Spices (misc.)
6,SPICE SAGE RUBBED,0.0,0.408,15.8,0.18506568696,Stimulants & Spices (misc.)
12,CURRY PASTE RED,0.0,6.562,14.58,2.97647313194,Stimulants
6,SPICE CHILI POWDER LT,0.0,2.033,12.76,0.92215328821,Stimulants
1,DILL BABY FRESH HERB,2.0,0.5,12.06,0.226796185,Stimulants & Spices (misc.)
6,SPICE PARSLEY FLAKE,0.0,0.811,11.55,0.36786341207,Grains/cereals (except rice)
1,MINT FRESH HERB,2.0,0.5,11.26,0.226796185,Stimulants & Spices (misc.)
1,ROSEMARY FRESH HERB,2.0,0.5,11.26,0.226796185,Vegetables (misc.)
6,SPICE CHIVE FREEZE DRIED,0.0,0.1,10.56,0.045359237,Other vegetables
6,SPICE CINNAMON GRND,0.0,1.125,8.33,0.5102914162500001,Stimulants & Spices (misc.)
4,VINEGAR RED WINE FLAVORED,0.0,8.0,6.59,3.62873896,Stimulants
1,RICE JASMINE,0.0,0.0,0.0,0.0,Rice
6,BEEF GRND BULK 81/19 CHUB FRS,0.0,0.0,0.0,0.0,Beef & buffalo meat
4,CHICKEN CVP BRST RAND HALAL,32.0,1280.0,3752.48,580.5982336000001,"Poultry (chicken, turkey)"
4,BEEF EYE OF RND XT IAP,16.0,643.22,3264.91,291.7596842314,Beef & buffalo meat
6,SEASONING ROTISSERIE CHKN,3.0,28.14,348.25,12.7640892918,"Poultry (chicken, turkey)"
4,OIL CANOLA SAL,2.0,65.0,85.54,29.48350405,Rapeseed/canola (Oil)
1,SUPPLY SOTF TABLEWARE BIDS,1.0,6.0,4969.44,2.72155422,Uncategorized
1,CHARGE FREIGHT,1.0,1.0,402.8,0.45359237,Uncategorized
3,BEEF STRIP BNLS 0X1 1/4SEL,6.0,216.5,2059.13,98.202748105,Beef & buffalo meat
4,CHICKEN CVP BRST RAND HALAL,10.0,400.0,1189.11,181.436948,"Poultry (chicken, turkey)"
1,COD ATL LOIN IQF 8 OZ ASIA,9.0,90.0,816.48,40.8233133,Fish (finfish)
24,SODA COCA COLA CLS,35.0,700.0,777.0,317.514659,Stimulants
6,DETERGENT MACHINE SMRTPWR,4.0,162.0,761.32,73.48196394,Uncategorized
4,CAKE CARROT PRE-SLICED,6.0,108.0,748.92,48.98797596,"Wheat/Rye (Bread, pasta, baked goods)"
4,CHEESECAKE NEW YORK STY 16 SLC,6.0,102.0,652.14,46.266421740000006,Cheese
10,RICE ARBORIO ITAL SUPERFINO,10.0,220.0,618.5,99.7903214,Rice
24,WATER SPRKLG MINERAL GLASS,22.0,377.96,612.92,171.4397721652,Uncategorized
5,APTZR SPANAKOPITA,7.0,26.25,589.47,11.9067997125,"Wheat/Rye (Bread, pasta, baked goods)"
24,SODA COKE DIET,25.0,444.062,555.0,201.42313500694,Stimulants
8,JUICE ORANGE 100% PET,9.0,288.0,536.73,130.63460256000002,Citrus Fruit
1,SNAPPER RED FRZN 8-10,5.0,50.0,531.59,22.6796185,Fish (finfish)
2,CAKE CHOC THUNDER,6.0,48.0,521.4,21.77243376,"Wheat/Rye (Bread, pasta, baked goods)"
24,WATER SELTZER PLAIN,50.0,1050.0,494.0,476.2719885,Uncategorized
2,CAKE TIRAMISU RND,8.0,52.0,470.32,23.58680324,"Wheat/Rye (Bread, pasta, baked goods)"
24,SODA SPRITE CANS,18.0,324.0,395.46,146.96392788,Stimulants
1,ASPARAGUS FRESH STANDARD,12.0,132.0,382.9,59.874192840000006,Other vegetables
6,BREAD CRUMB PANKO GLUTEN FREE,5.0,75.0,358.95,34.01942775,"Wheat/Rye (Bread, pasta, baked goods)"
6,SAUCE PASTA TOMATO & HERB,5.0,196.85,354.35,89.28965803450001,Tomatoes
2,RINSE AID ADDITIVE SMRTPWR,1.0,5.0,352.45,2.2679618500000003,Uncategorized
100,CRAB CAKE MINI,4.0,18.75,347.6,8.5048569375,Crustaceans (shrimp/prawns)
4,SHRIMP WHT P&D TLOF 26/30,6.0,60.0,346.42,27.2155422,Crustaceans (shrimp/prawns)
12,CREAM HEAVY WHIPPING 36% ESL,5.0,128.3,346.25,58.19590107100001,Cream
213,DOUGH COOKIE CHOC CHIP,5.0,105.0,329.65,47.62719885,"Wheat/Rye (Bread, pasta, baked goods)"
2,RAVIOLI SPINACH ROAST GARLIC,7.0,42.0,305.2,19.05087954,"Wheat/Rye (Bread, pasta, baked goods)"
12,CREAMER HALF & HALF ESL,7.0,179.55,304.42,81.44251003350001,Milk (cow's milk)
213,DOUGH COOKIE OATMEAL RAISIN,5.0,100.0,303.8,45.359237,"Wheat/Rye (Bread, pasta, baked goods)"
1,SUPPLY SOTF DINING ROOM,1.0,6.0,296.82,2.72155422,Uncategorized
10,APTZR BEEF DLX WELLINGTON,2.0,10.6,279.52,4.808079122,Beef & buffalo meat
12,CIDER SPRKLG APPLE MARTINELLI,5.0,195.0,275.45,88.45051215000001,Apples
216,DOUGH COOKIE RED VELVET,4.0,81.0,274.16,36.74098197,"Wheat/Rye (Bread, pasta, baked goods)"
4,ENTREE CABBAGE ROLL STFD,2.0,46.0,262.98,20.86524902,Rice
1,MUSHROOM PORTABELLA CP LRG FSH,10.0,50.0,259.9,22.6796185,Vegetables (misc.)
2,TURKEY BRST SMOKED SKON,3.0,55.35,253.51,25.1063376795,"Poultry (chicken, turkey)"
18,BEEF FLANK STKS PLD CH 3PK 6EA,1.0,35.2,251.43,15.966451424000002,Beef & buffalo meat
1,CHICKEN NUGGET PLNT BSD,4.0,40.0,248.68,18.1436948,"Poultry (chicken, turkey)"
36,BUTTER SOLID UNSLTD USDA AA,2.0,72.0,248.36,32.658650640000005,Butter
1,CHICKEN BRST AIRLINE NAE 8-10Z,5.0,50.0,230.3,22.6796185,"Poultry (chicken, turkey)"
6,POTATO DICE BKFST PRIV RESV,3.0,108.0,225.99,48.98797596,Potatoes
2,CAKE CHOC MOUSSE 10 14CT,2.0,22.5,214.94,10.205828325,"Wheat/Rye (Bread, pasta, baked goods)"
1,CAULIFLOWER FRESH MULTI-COLOR,5.0,75.0,197.45,34.01942775,Cabbages and other Brassicas (Broccoli)
2,SOUP LENTIL VEGETERIAN,5.0,80.0,193.11,36.2873896,Beans and pulses (dried)
4,MILK WHL GALLON,7.0,240.8,188.54,109.22504269600002,Milk (cow's milk)
2,CHEESE PARM GRTD FRSH DOM,4.0,40.0,188.12,18.1436948,Cheese
1,CARROT BABY PLD TRI COLOR,8.0,51.76,187.6,23.4779410712,Root Vegetables
2,PASTA PENNE RIGATE MINI,4.0,78.8,187.52,35.743078756,"Wheat/Rye (Bread, pasta, baked goods)"
2,SAUCE PESTO NO NUT,6.0,24.0,184.62,10.88621688,Vegetable oils
4,SOUP VEG W/CHKN STEW PERU RTU,3.0,48.0,181.11,21.77243376,Legumes (misc.)
150,APTZR POTSTICKER KALE AND VEG,4.0,30.0,180.28,13.6077711,Legumes (misc.)
2,BEEF SIRLOIN STEW CUBE 1X1 CH,2.0,20.2,174.69,9.162565874,Beef & buffalo meat
2,SALAD POTATO RED-SK DLX,7.0,70.0,171.65,31.751465900000003,Vegetables (misc.)
3,PASTA TORTELLINI CHEESE,6.0,54.0,171.06,24.49398798,"Wheat/Rye (Bread, pasta, baked goods)"
18,COFFEE GRND HSE BLEND MED URN,1.0,15.75,167.84,7.144079827500001,Coffee
3,BROCCOLI FRESH SWEET BABY,6.0,36.0,165.72,16.329325320000002,Cabbages and other Brassicas (Broccoli)
24,SODA GINGER ALE CUBE,10.0,208.5,161.8,94.574009145,Stimulants
1,TOMATO GRAPE FRSH,6.0,60.0,152.55,27.2155422,Tomatoes
12,HAM PROSCIUTTO DOM AGED SLICED,1.0,12.0,147.65,5.4431084400000005,Pork (pig meat)
180,ROLL DINNER ASSORTED,2.0,37.4,146.68,16.964354638,Rice
8,JUICE APPLE 100% PET BAR MIXER,5.0,155.0,141.9,70.30681735,Apples
6,BEEF PASTRAMI BRSK HRW SMK SLI,1.0,12.0,133.0,5.4431084400000005,Beef & buffalo meat
2,BEEF ROAST TOP RND DF FRSH,1.0,18.86,132.23,8.5547520982,Beef & buffalo meat
107,DOUGH COOKIE CHOC CHIP GOURMT,2.0,42.0,131.86,19.05087954,"Wheat/Rye (Bread, pasta, baked goods)"
6,SNACK BAR DK CHOC NUT SEA SALT,1.0,8.983,131.73,4.0746202597100005,Tree nuts and seeds
24,LYCHEE WHL IN HEAVY SYRUP,1.0,30.0,124.39,13.6077711,Sugars and sweeteners
4,SOUP CHICKEN NOODLE RTU,3.0,48.0,123.87,21.77243376,"Poultry (chicken, turkey)"
6,YOGURT PLAIN GREEK NONFAT,4.0,48.0,123.48,21.77243376,Yogurt
1,TILAPIA FIL BTRD PUBHSE 3 OZ.,2.0,20.0,120.06,9.0718474,Fish (finfish)
4,OIL OLIVE EXTRA VIRGIN ROBUSTO,1.0,24.19,119.94,10.9723994303,Olives (Oil)
10,PASTA GNOCCHI POTATO,2.0,44.0,115.06,19.95806428,"Wheat/Rye (Bread, pasta, baked goods)"
6,WRAP TORTILLA GLUTEN FREE 12IN,2.0,32.98,113.8,14.959476362599998,"Wheat/Rye (Bread, pasta, baked goods)"
6,SNACK BAR BLUBRY VAN & CASHEW,1.0,6.3,112.66,2.857631931,Tree nuts and seeds
4,GARLIC PEELED FRESH,1.0,20.0,105.51,9.0718474,Stimulants & Spices (misc.)
1,CHEESE MANCHEGO 3 MONTHS AGED,1.0,7.67,104.81,3.4790534779,Cheese
8,TOFU FIRM SUPER ORGANIC,3.0,48.0,104.58,21.77243376,Soybeans/Tofu
100,CHEESE CREAM PLAIN SPREAD CUP,4.0,18.0,103.17,8.164662660000001,Cheese
3,CHEESE PROVOLONE,1.0,35.36,102.61,16.0390262032,Cheese
200,HONEY PURE CUP,2.0,10.6,101.04,4.808079122,Sugars and sweeteners
1200,SUGAR TURBINADO PACKET CANE,3.0,34.5,100.41,15.648936765,Sugars and sweeteners
6,EXTRACT VANILLA PURE,0.0,3.0,100.11,1.36077711,Stimulants & Spices (misc.)
1,EGGPLANT CUTLET BRD,2.0,20.0,98.98,9.0718474,Other vegetables
2,MIX BATTER FALAFEL BALLS,3.0,36.0,97.98,16.329325320000002,Beans and pulses (dried)
2,CHEESE MOZZ FRSH CILIEGN 1/3OZ,3.0,18.0,97.45,8.164662660000001,Cheese
2,MEAT ALTERNATE SEITAN BULK,2.0,20.0,94.26,9.0718474,Soybeans/Tofu
1,GLACE DEMI DE POULET (CHICKEN),1.0,16.0,93.95,7.25747792,"Poultry (chicken, turkey)"
2,CHICKEN BRST BRD FIL 6 OZ,2.0,20.0,93.36,9.0718474,"Poultry (chicken, turkey)"
1,TOMATO SUNDRIED HALF DOM,2.0,10.0,92.02,4.535923700000001,Tomatoes
1,POTATO BAKING RSST 100CT FRSH,4.0,200.0,91.74,90.718474,Potatoes
2,PASTA CAPELLINI/ANGEL HAIR 10,2.0,40.2,91.32,18.234413274,"Wheat/Rye (Bread, pasta, baked goods)"
3,SEASONING CAJUN,0.0,6.5,89.06,2.948350405,Stimulants & Spices (misc.)
3,SOUP VEG BEEF CONC,2.0,23.9,87.92,10.840857643,Legumes (misc.)
20,PLANTAIN FROZEN TOSTONES,2.0,40.0,86.92,18.1436948,Bananas
1,LIME FLORIDA FRESH,4.0,40.0,86.2,18.1436948,Citrus Fruit
4,SOUP ITALIAN WEDDING MTBL RTU,2.0,32.0,85.82,14.51495584,Lamb/mutton & goat meat
2,ARUGULA BABY FRESH,5.0,20.0,85.35,9.0718474,Cabbages and other Brassicas (Broccoli)
6,CAPER NONPAREIL IMPORTED,2.0,37.0,85.2,16.78291769,Sugars and sweeteners
3,SOUP MINESTRONE CONC,2.0,24.0,84.44,10.88621688,"Wheat/Rye (Bread, pasta, baked goods)"
2,TOMATO DICED 3/8IN TRAY,4.0,40.0,83.68,18.1436948,Tomatoes
4,CHEESE CREAM TUB SPREAD,2.0,6.0,83.61,2.72155422,Cheese
8,CHEESE MOZZ FRSH LOG SLI CRYO,2.0,16.0,82.68,7.25747792,Cheese
4,SHRIMP BRD COCO BFLY 16/20,1.0,12.0,82.55,5.4431084400000005,Crustaceans (shrimp/prawns)
3,LETTUCE MIX TUSCAN BABY KALE,5.0,15.0,82.45,6.80388555,Cabbages and other Brassicas (Broccoli)
6,POTATO FRY 3/8,2.0,60.0,82.44,27.2155422,Potatoes
4,CHUTNEY TAMARIND,2.0,16.0,80.46,7.25747792,Stimulants
32,TEA ICED BREW BLK FP 3OZ,2.0,12.0,78.86,5.4431084400000005,Stimulants
2,COOKIE MINI ASSORTED MACARONS,1.0,4.05,78.02,1.8370490985,"Wheat/Rye (Bread, pasta, baked goods)"
4,SHRIMP WHT P&D TLON CKD 16/20,1.0,10.0,77.77,4.535923700000001,Crustaceans (shrimp/prawns)
1,SUGAR GRANULATED XFINE CANE,3.0,75.0,77.34,34.01942775,Sugars and sweeteners
3,SOUP TOMATO BASIL CONC,2.0,24.0,77.26,10.88621688,Tomatoes
2,MANGO CUBED,2.0,20.0,77.14,9.0718474,Fruits (misc.)
1,SPINACH BABY FRSH,4.0,16.0,76.76,7.25747792,Cabbages and other Brassicas (Broccoli)
1,BACON LAYFLAT 22/26 SMOKED,1.0,15.8,76.74,7.166759446,Pork (pig meat)
4,SALSA CHUNKY MED AUTHENTIC,1.0,33.75,76.53,15.3087424875,Stimulants
2,HAM 4X6 CKD DOMESTIC35%HW97%FF,1.0,23.0,74.97,10.43262451,Pork (pig meat)
6,TOMATO PLUM VESUVIANO,2.0,86.0,73.18,39.00894382,Fruits (misc.)
6,PUMPKIN SOLID FANCY,1.0,45.15,70.64,20.4796955055,Vegetables (misc.)
24,BAR FRUIT CHK STRBRY SS BAR,4.0,22.272,70.4,10.10240926464,Fruits (misc.)
2,SHRIMP WHT BFLY GRL&HRB 16/20,1.0,10.0,70.38,4.535923700000001,Crustaceans (shrimp/prawns)
2,SOUP PASTA FAGIOLI,2.0,0.32,70.04,0.1451495584,"Wheat/Rye (Bread, pasta, baked goods)"
1,FLOUR HI-GLUTEN BL EN MT BR,3.0,150.0,69.87,68.0388555,Grains/cereals (except rice)
1,MUSHROOM SLCD FRESH,3.0,30.0,69.48,13.6077711,Vegetables (misc.)
216,PRESERVE ASSORTED,1.0,6.56,69.19,2.9755659472,Uncategorized
5,CHEESE CHEDDAR VEGAN SLICE,1.0,11.023,67.28,4.9999486945100005,Soybeans/Tofu
3,SOUP CREAM OF POTATO CONC,2.0,23.9,67.08,10.840857643,Cream
12,ICE CREAM BAR VAN MLK CHOC,2.0,12.0,65.66,5.4431084400000005,Ice cream
12,ICE CREAM BAR DARK CHOC,2.0,12.0,65.66,5.4431084400000005,Ice cream
4,SANITIZER MACH LIQ ECOSAN,1.0,37.1,64.98,16.828276927,Uncategorized
3,PASTA TORTELLINI TRICOLOR,2.0,18.0,64.8,8.164662660000001,"Wheat/Rye (Bread, pasta, baked goods)"
12,ICE CREAM BAR COFF ALMND CRN,2.0,12.0,62.96,5.4431084400000005,Ice cream
12,ICE CREAM BAR VAN CHOC ALMONDS,2.0,12.0,62.7,5.4431084400000005,Ice cream
1,EGGPLANT FRESH,2.0,54.0,62.59,24.49398798,Other vegetables
2,PEPPER GREEN DICED FRESH,2.0,20.0,62.46,9.0718474,Stimulants & Spices (misc.)
96,BEEF PATTY 80/20 SLIDER FRSH,1.0,12.0,61.53,5.4431084400000005,Beef & buffalo meat
2,CHEESE GOUDA SMOKED,1.0,12.74,60.8,5.7787667938,Cheese
2,DRESSING GREEK FETA CHEESE,1.0,16.5,59.65,7.484274105000001,Cheese
12,PEPPER RED RSTD WHL IMP,1.0,21.0,59.36,9.52543977,Stimulants & Spices (misc.)
3,SOUP CHICKEN TORTLLA CONC,1.0,11.998,57.83,5.44220125526,"Poultry (chicken, turkey)"
48,BROWNIE CHOC CHIP GLUTEN FREE,1.0,10.5,55.55,4.762719885,"Wheat/Rye (Bread, pasta, baked goods)"
4,SOUP TOMATO BASIL BISQUE RTU,1.0,16.0,55.18,7.25747792,Tomatoes
2,PASTA ROTINI/SPIRAL GARDEN,1.0,19.1,54.68,8.663614267000002,"Wheat/Rye (Bread, pasta, baked goods)"
6,CHEESE GOAT CRUMBLE TRAY PK,1.0,6.0,53.98,2.72155422,Lamb/mutton & goat meat
3,CHEESE CUBE CHDR/SWISS/PEP JCK,1.0,15.0,53.12,6.80388555,Cheese
6,RICE LONG GRAIN AND WILD,1.0,14.61,52.83,6.6269845257,Grains/cereals (except rice)
4,OLIVE GREEN CASTELVETRANO PTD,1.0,17.1,52.49,7.756429527000001,Other vegetables
10,BEET RED PLD & COOKED,2.0,22.0,52.42,9.97903214,Root Vegetables
2,DRESSING VINGRT HONEY APPLE,1.0,17.0,52.31,7.71107029,Apples
6,BREAD CRUMB ITAL MED GR,1.0,30.0,51.68,13.6077711,"Wheat/Rye (Bread, pasta, baked goods)"
4,BRUSSEL SPROUT SHREDDED,1.0,12.0,50.69,5.4431084400000005,Beans and pulses (dried)
4,MAYONNAISE HEAVY DUTY,1.0,29.0,48.84,13.15417873,Vegetable oils
6,BEAN CANNELLINI,1.0,41.25,48.38,18.7106852625,Beans and pulses (dried)
3,SOUP CHOWDER CLAM NEW ENG CONC,1.0,12.1,48.07,5.488467677,Mollusks
2,CHEESE PARM SHAVED DOM,1.0,10.0,47.97,4.535923700000001,Cheese
1,COUSCOUS INTL,1.0,10.0,47.75,4.535923700000001,"Wheat/Rye (Bread, pasta, baked goods)"
6,SAUCE HOISIN,1.0,35.45,46.71,16.0798495165,Vegetable oils
4,CHEESE MOZZARELLA LMPS FTHR SH,0.0,15.0,46.56,6.80388555,Cheese
8,CHEESE CHDR MLD SLI INT .75 YL,1.0,12.0,46.21,5.4431084400000005,Cheese
3,SOUP CHICKEN NOODLE RSTD CONC,1.0,12.0,46.21,5.4431084400000005,"Poultry (chicken, turkey)"
3,CURRY PASTE GREEN,1.0,7.65,45.61,3.4699816305000004,Stimulants
6,HONEY PURE CLOVER GR A TSC JUG,0.0,10.333,45.08,4.686969959210001,Sugars and sweeteners
4,PIEROGI POT/CHS MINI,1.0,10.0,44.26,4.535923700000001,"Wheat/Rye (Bread, pasta, baked goods)"
1,PICKLE CHIP DILL KO RE KK 5/16,1.0,45.6,43.53,20.683812072,"Wheat/Rye (Bread, pasta, baked goods)"
6,PEA BLACKEYE,1.0,40.5,43.53,18.370490985,Peas
12,MOLASSES PURE POMEGRANATE,1.0,8.0,43.41,3.62873896,Fruits (misc.)
2,BACON TURKEY LAYFLT,1.0,12.0,43.31,5.4431084400000005,"Poultry (chicken, turkey)"
4,VEGETABLE MIX SLAW POWER BLEND,2.0,16.0,42.96,7.25747792,Legumes (misc.)
1,PEPPER SWEET BELL MEDLEY HH,1.0,20.0,42.18,9.0718474,Stimulants & Spices (misc.)
6,GRAIN SPECIALTY BULGUR WHEAT,1.0,12.0,41.04,5.4431084400000005,Grains/cereals (except rice)
6,CORN YEL RSTD,1.0,15.0,39.25,6.80388555,Corn (Maize)
4,MUSTARD BROWN SPCY,1.0,35.29,39.08,16.0072747373,Tree nuts and seeds
1,LEMON CHOICE FRESH,1.0,40.0,39.07,18.1436948,Citrus Fruit
6,BEAN BLACK FRESH READY TO EAT,1.0,24.0,38.77,10.88621688,Beans and pulses (dried)
6,BEAN GARBANZO FRESH RTE,1.0,24.0,38.77,10.88621688,Beans and pulses (dried)
2,CHEESE FETA CRUMBLED,1.0,10.0,36.66,4.535923700000001,Cheese
2,VINEGAR BALSAMIC ITALY,1.0,22.0,36.33,9.97903214,Stimulants
6,TOMATO CRUSHED JERSEY FRSH,1.0,44.5,36.01,20.184860465,Tomatoes
2,DRESSING BALSAMIC VINGT GARLIC,1.0,17.0,35.84,7.71107029,Vegetable oils
6,BREAD NAAN 8IN RND,1.0,11.57,35.4,5.2480637209,"Wheat/Rye (Bread, pasta, baked goods)"
6,LETTUCE ROMAINE SHREDDED 3/8,1.0,12.0,35.02,5.4431084400000005,Cabbages and other Brassicas (Broccoli)
1,RAISIN SEEDLESS GOLDEN,1.0,10.0,34.97,4.535923700000001,Fruits (misc.)
1,CHARGE FREIGHT,1.0,1.0,34.88,0.45359237,Uncategorized
6,PASTE MISO WHT KOSHI,1.0,4.95,34.39,2.2452822315,Stimulants
3,KALE BABY GREEN,2.0,6.0,34.14,2.72155422,Cabbages and other Brassicas (Broccoli)
2,PASTA RIGATONI,1.0,20.0,33.64,9.0718474,"Wheat/Rye (Bread, pasta, baked goods)"
3,PEANUT HONEY-RST SLTD,1.0,6.0,33.58,2.72155422,Peas
4,BROCCOLI FLORET ICELESS,1.0,12.0,32.55,5.4431084400000005,Cabbages and other Brassicas (Broccoli)
2,CHEESE MONTEREY JACK LOAF,1.0,10.0,31.76,4.535923700000001,Cheese
2,PEACH SLICED IQF,1.0,10.0,31.02,4.535923700000001,Fruits (misc.)
12,MILK SKIM UHT,2.0,51.78,30.92,23.4870129186,Milk (cow's milk)
6,SPICE SESAME SEED WHL WHITE,0.0,3.0,29.79,1.36077711,Tree nuts and seeds
6,CORN BABY WHL CUT,1.0,42.0,28.27,19.05087954,Corn (Maize)
1,CARROT FRESH JUMBO,1.0,50.0,27.97,22.6796185,Root Vegetables
4,CABBAGE GREEN SHRD FRSH W/BAG,1.0,20.0,24.98,9.0718474,Cabbages and other Brassicas (Broccoli)
4,ONION GREEN ICELS,1.0,6.15,24.72,2.7895930755000005,Onions and Leeks
1,CRANBERRY DRIED SWEETENED,1.0,5.0,24.22,2.2679618500000003,Berries
1,CARROT MATCHSTICK PREMIUM,2.0,10.0,23.9,4.535923700000001,Root Vegetables
1,LETTUCE RADICCHIO FRESH,1.0,6.0,23.45,2.72155422,Cabbages and other Brassicas (Broccoli)
1,POTATO BAKING RUSSET 50CT FRSH,1.0,50.0,22.95,22.6796185,Potatoes
6,SEASONING BLEND HARISSA,0.0,1.219,22.7,0.5529290990300001,Stimulants & Spices (misc.)
2,PEPPERONCINI SLICED,1.0,8.36,22.37,3.7920322132,Pork (pig meat)
2,CREAM SOUR CULTRD GRADE A,1.0,10.0,21.88,4.535923700000001,Cream
6,SPICE CINNAMON STICK,0.0,0.483,21.7,0.21908511471,Stimulants & Spices (misc.)
4,ONION DICED 3/8 YEL,0.0,10.0,21.66,4.535923700000001,Onions and Leeks
6,GLAZE BALSAMIC,1.0,4.9,20.35,2.2226026130000003,Stimulants
6,SEASONING CAJUN,0.0,1.158,19.86,0.52525996446,Stimulants & Spices (misc.)
6,SPICE LEMON PEPPER,0.0,1.736,17.92,0.78743635432,Citrus Fruit
1,PARSLEY ITALIAN FRSH,1.0,2.0,17.82,0.90718474,Grains/cereals (except rice)
1,RADISH RED FRSH,1.0,5.0,16.76,2.2679618500000003,Root Vegetables
4,SAUCE COCKTAIL RTU,0.0,8.0,16.07,3.62873896,Vegetable oils
1,GRAPE GREEN SDLS FRESH,1.0,4.0,15.15,1.81436948,Citrus Fruit
12,PASTE TAHINI,0.0,2.0,15.02,0.90718474,Stimulants
6,SEASONING ITALIAN WHL,0.0,0.411,13.13,0.18642646407,Stimulants & Spices (misc.)
4,CILANTRO CLEAN WASH FRESH HERB,0.0,2.35,11.68,1.0659420695,Stimulants & Spices (misc.)
2,BROWNIE CHOC CHIP PRCT,0.0,0.0,0.0,0.0,"Wheat/Rye (Bread, pasta, baked goods)"
2,SOUP MNSTRN FRZN,0.0,0.0,0.0,0.0,Uncategorized
3,PASTA PAPPARDELLE PLAIN FRSH,0.0,0.0,0.0,0.0,"Wheat/Rye (Bread, pasta, baked goods)"
2,CHICKEN FAJ BRST STRIP CKD,238.0,2380.0,12376.0,1079.5498406000002,"Poultry (chicken, turkey)"
8,STRAWBERRY FRESH DRISCOLL,323.0,2584.0,11217.01,1172.08268408,Berries
2,EGG LIQ WHL CAGE FREE W/CITRIC,35.0,1400.0,8743.7,635.029318,Eggs
2,EGG WHL LIQUID FRSH W/CITRC,75.0,3000.0,6484.5,1360.77711,Eggs
1,SALAD FRUIT NO ORANGES,80.0,1920.0,6254.4,870.8973504,Fruits (misc.)
4,GUACAMOLE FRESH ORIG BLEND HPP,157.0,1256.0,6193.65,569.7120167200001,Fruits (misc.)
1,BEEF SKIRT OUTSDE PLD,6.0,383.9,5119.31,174.134110843,Beef & buffalo meat
4,CHICKEN CVP THIGH B/S HALAL,53.0,2120.0,4888.37,961.6158244,"Poultry (chicken, turkey)"
2,STEAK FILET TIPS FRZ,38.0,386.84,4807.26,175.4676724108,Beef & buffalo meat
1,OIL SALAD CANOLA ZTF,132.0,4620.0,4539.2,2095.5967494,Rapeseed/canola (Oil)
2,CHICKEN TNDR FRTR ORIG FLT SEL,133.0,1330.0,4537.57,603.2778521,"Poultry (chicken, turkey)"
2,CAULIFLOWER FLORET LRG CUT,131.0,844.95,4494.61,383.2628730315,Cabbages and other Brassicas (Broccoli)
2,SAUSAGE SMKD MPLE BIAS CUT Z,94.0,940.0,4488.5,426.3768278,Pork (pig meat)
144,BISCUIT BUTTERMILK SIMPL SPLIT,94.0,1908.2,4480.38,865.544960434,Yogurt
1,EGG SHELL XLRG GRD AA USDA WHT,27.0,681.75,4108.05,309.2365982475,Eggs
1,BACON LAYFLAT 18/22 SMOKED,51.0,765.0,3951.42,346.99816305,Pork (pig meat)
4,BEEF RIB SHORT BNLS CH,4.0,327.3,3947.24,148.460782701,Beef & buffalo meat
4,BROCCOLI FLORET ICELESS,120.0,1440.0,3906.26,653.1730128,Cabbages and other Brassicas (Broccoli)
114,SAUSAGE CHICKEN FOUR PPR VEG/C,81.0,810.0,3777.03,367.4098197,Legumes (misc.)
6,SAUCE MARINARA CHUNKY,81.0,3159.0,3745.44,1432.8982968300002,Vegetable oils
2,BEEF CORNED BRSKT CH RAW 20,13.0,500.58,3628.7,227.0592685746,Beef & buffalo meat
1,BEEF BRISKET,36.0,570.3,3587.76,258.683728611,Beef & buffalo meat
2,CHICKEN BRST PRESSED ULT THN,64.0,640.0,3578.24,290.29911680000004,"Poultry (chicken, turkey)"
1,SAUSAGE TURKEY PTY CKD 1.6OZ,68.0,680.0,3321.85,308.4428116,"Poultry (chicken, turkey)"
1,TOMATO GRAPE FRSH,150.0,1500.0,3221.36,680.388555,Tomatoes
1,BANANA FRESH GREEN TIP,126.0,5418.0,3186.54,2457.56346066,Bananas
24,LAMB FORESHANK NZ 3711 HALAL,18.0,550.43,3140.75,249.6708482191,Lamb/mutton & goat meat
1,EGG SHELL XL WHT USDA AA,11.0,550.0,3140.71,249.4758035,Eggs
2,BACON BIT REAL CKD 3/8 GF,41.0,410.0,3020.09,185.9728717,Pork (pig meat)
6,LETTUCE ROMAINE CHOP,86.0,1032.0,3011.72,468.10732584,Cabbages and other Brassicas (Broccoli)
1,EGG SHELL LRG WHT A CAGE FREE,40.0,900.0,2964.8,408.233133,Eggs
2,PEPPER GREEN DICED FRESH,93.0,930.0,2904.39,421.8409041000001,Stimulants & Spices (misc.)
4,BEEF GRND BLK 80/20 GRFD HALAL,31.0,625.24,2902.99,283.6040934188,Beef & buffalo meat
6,CHEESE PIZZA BLND MOZZ/PROV WM,35.0,1050.0,2832.45,476.2719885,Cheese
1,GRAPE GREEN SEEDLS LG,55.0,990.0,2751.72,449.0564463,Citrus Fruit
2,MEATBALL BEEF CHICKN HALAL 1OZ,65.0,650.0,2639.0,294.8350405,Beef & buffalo meat
120,POTATO HASH BRN GLDN PTY,60.0,1012.5,2603.4,459.262274625,Potatoes
7,BEEF FLANK STEAK SKND 193,5.0,364.9,2566.34,165.515855813,Beef & buffalo meat
100,CHEESE CREAM ORIG SPREAD CUP,60.0,375.0,2516.37,170.09713875,Cheese
2,ONION RED DICED 3/8,62.0,620.0,2502.38,281.2272694,Onions and Leeks
4,SHRIMP WHT P&D TLOF CKD 91/110,43.0,430.0,2500.2,195.0447191,Crustaceans (shrimp/prawns)
90,SAUSAGE BREAKFAST PATTY VEGAN,30.0,275.7,2482.8,125.055416409,Legumes (misc.)
2,SALSA PICO DE GALLO,90.0,900.0,2452.5,408.233133,Stimulants
2,TOMATO DICED 3/8IN TRAY,117.0,1170.0,2447.64,530.7030729,Tomatoes
5,BEEF BRISKET PR,6.0,493.0,2348.65,223.62103841,Beef & buffalo meat
1,GRAPE RED SEEDLS LG,55.0,990.0,2337.78,449.0564463,Citrus Fruit
2,SOUP TOMATO BISQUE,49.0,784.0,2321.89,355.61641808,Tomatoes
1,ORANGE FANCY FRESH,62.0,2480.0,2273.74,1124.9090776,Citrus Fruit
4,ONION DICED 3/8 YEL,52.0,1040.0,2253.16,471.7360648,Onions and Leeks
5,SHRIMP TGR P&D TLON U12,20.0,200.0,2204.4,90.718474,Crustaceans (shrimp/prawns)
4,OIL CANOLA SAL,51.0,1657.5,2181.63,751.829353275,Rapeseed/canola (Oil)
12,BLUEBERRY FRESH,36.0,459.0,2066.63,208.19889783,Berries
1,MUSHROOM SLCD FRESH,88.0,880.0,2038.08,399.1612856,Vegetables (misc.)
3,COFFEE FRZDRY SMOOTH,13.0,34.32,2024.0,15.5672901384,Coffee
4,CHEESECAKE PLAIN NY 16CT 11,21.0,362.25,2017.26,164.3138360325,Cheese
2,BEAN GREEN TRIMMED FRSH,80.0,836.0,1968.0,379.20322132,Beans and pulses (dried)
1,SAUSAGE TURKEY SKLS LK CK .8OZ,40.0,400.0,1948.6,181.436948,"Poultry (chicken, turkey)"
6,OIL OLIVE EXTRA VIRGIN FRUTATO,16.0,251.875,1935.33,114.24857819375,Olives (Oil)
6,POTATO H/BRN DICE SKON,30.0,1080.0,1927.26,489.8797596,Potatoes
8,TOFU FIRM SUPER ORGANIC,55.0,880.0,1917.3,399.1612856,Soybeans/Tofu
2,HAM BUFFET MASTER BNLS H/W 32%,28.0,577.36,1897.27,261.88609074320004,Pork (pig meat)
4,BEEF BARBACOA CAFE H MEX/SHRED,13.0,262.45,1877.79,119.0453175065,Beef & buffalo meat
2,CHEESE MOZZ FRSH CILIEGN 1/3OZ,57.0,342.0,1856.62,155.12859054,Cheese
36,BUTTER SOLID UNSLTD USDA AA,15.0,540.0,1853.48,244.9398798,Butter
6,GARLIC CHOPPED IN WATER,32.0,384.0,1825.28,174.17947008000002,Stimulants & Spices (misc.)
1,PANCAKE APPLE FILLED,36.0,468.0,1766.52,212.28122916,"Wheat/Rye (Bread, pasta, baked goods)"
1,COFFEE COLD BREW BIB,13.0,546.0,1764.71,247.66143402,Coffee
4,CHICKEN CVP B/S BRST 6 OZ ABF,18.0,360.0,1742.76,163.2932532,"Poultry (chicken, turkey)"
2,EGG WHOLE W/CITRIC ACID CF,13.0,520.0,1715.61,235.8680324,Eggs
2,CHICKEN POPCORN BRD PCK MBE,38.0,380.0,1713.78,172.3651006,"Poultry (chicken, turkey)"
40,PORK CHOP B/I C/C 4 OZ SEAS,35.0,350.0,1712.9,158.7573295,Pork (pig meat)
5,LAMB LEG BNLS HALAL FRZ,10.0,319.38,1683.13,144.8683311306,Lamb/mutton & goat meat
1,CHEESE CREAM ORIG CRTN,8.0,400.0,1667.04,181.436948,Cheese
4,SYRUP MAPLE PURE DARK ROBUST,6.0,264.06,1637.85,119.7756012222,Sugars and sweeteners
4,CHEESE CHEDDAR JACK FTHR SHRED,27.0,540.0,1629.13,244.9398798,Cheese
4,CAKE LEMON BRY CRM MASCARPONE,12.0,273.6,1600.32,124.102872432,"Wheat/Rye (Bread, pasta, baked goods)"
4,COFFEE FRZDRY ALEGRIA DELICATE,13.0,28.6,1582.43,12.972741782000002,Coffee
1,GOAT MEAT BI SL CUBE 1.5-1.75,25.0,375.0,1559.0,170.09713875,Lamb/mutton & goat meat
4,CHEESE QUESO QUESADILLA SHRED,20.0,400.0,1549.2,181.436948,Cheese
160,SAUSAGE PORK PTY CKD MILD 1 OZ,33.0,330.0,1546.21,149.6854821,Pork (pig meat)
4,CORNBREAD BKD CUT 12X16,28.0,448.0,1537.76,203.20938176,Corn (Maize)
12,BLACKBERRY FRESH,45.0,405.0,1529.47,183.70490985,Berries
6,ORANGE MANDARIN BRKN LS,26.0,1160.9,1519.92,526.5753823330001,Citrus Fruit
12,CREAM HEAVY WHIPPING 36% ESL,22.0,564.52,1503.4,256.0619647124,Cream
4,SOUP BASE VEGETABLE LIQ CONC,24.0,276.0,1498.32,125.19149412,Legumes (misc.)
4,COFFEE FRZDRY 100% ARABE ALEGR,11.0,24.2,1494.08,10.976935354,Coffee
2,SAUSAGE CHORIZO VEGAN BULK,23.0,230.0,1454.06,104.3262451,Legumes (misc.)
2,BACON TURKEY SLI SMK BULK,31.0,310.0,1450.18,140.6136347,"Poultry (chicken, turkey)"
1,APPLE GLDN DEL X-FANCY FRESH,29.0,1160.0,1438.65,526.1671492,Apples
1,EGG SHELL LARGE GR AA USDA WHT,10.0,250.0,1425.7,113.3980925,Eggs
72,EGGROLL VEGETABLE,26.0,351.0,1418.04,159.21092187000002,Eggs
12,PANCAKE BUTTERMILK 4,44.0,540.32,1410.64,245.0850293584,Yogurt
6,SAUCE CHEESE ULT YEL POUCH,14.0,556.5,1408.96,252.42415390500005,Cheese
2,SOUP LENTIL VEGETERIAN,35.0,560.0,1389.01,254.0117272,Beans and pulses (dried)
6,COCOA MIX ALEGRIA,14.0,147.0,1383.34,66.67807839000001,Tree nuts and seeds
6,COFFEE CAPP FRCH VAN,18.0,216.0,1378.62,97.97595192,Coffee
4,CARROT STK 4 IN FRESH,33.0,660.0,1376.22,299.3709642,Root Vegetables
6,BEAN GARBANZO FRESH RTE,35.0,840.0,1356.95,381.0175908,Beans and pulses (dried)
1,SALMON ATL FIL SKLS 3-4 LB CAN,10.0,106.4,1346.39,48.26222816800001,Fish (finfish)
6,OLIVE BLACK RIPE SLICED,17.0,731.0,1316.61,331.57602247,Other vegetables
2,PORK LOIN BNLS CC STR/OFF 1/8I,33.0,569.32,1313.24,258.23920808840006,Pork (pig meat)
1,TUNA YEL FIN POKE CUBE 0.5IN,15.0,150.0,1291.95,68.0388555,Fish (finfish)
2,PASTA CAVATAPPI,31.0,607.6,1285.65,275.602724012,"Wheat/Rye (Bread, pasta, baked goods)"
4,BANANA PLANTAIN FRZN SWEET SLI,38.0,912.0,1282.12,413.67624144,Bananas
8,PORK BUTT BNLS 1/4 6-9#EA,10.0,689.49,1271.15,312.7474031913,Pork (pig meat)
38,CHICKEN BRST VEGTRN BREADED RW,16.0,190.0,1267.2,86.1825503,Legumes (misc.)
6,YOGURT VANILLA PARFAIT POUCH,32.0,768.0,1249.28,348.35894016000003,Yogurt
6,EGG SCRAMBLE MIX BNB,16.0,480.0,1242.24,217.7243376,Eggs
2,SOUP CHICKEN NDLE,29.0,464.0,1238.58,210.46685968,"Poultry (chicken, turkey)"
2,SOUP CHOWDER CLAM N.E. FRESH,20.0,300.0,1209.4,136.077711,Mollusks
150,APTZR POTSTICKER EDAMAME,27.0,202.5,1195.98,91.852454925,Vegetables (misc.)
12,CORN WHL KERNEL GR A P,24.0,720.0,1187.76,326.5865064,Corn (Maize)
46,CHICKEN BRST BRD PCK CSPY,35.0,350.0,1138.55,158.7573295,"Poultry (chicken, turkey)"
2,MEAT ALTERNATE SEITAN BULK,24.0,240.0,1131.12,108.8621688,Soybeans/Tofu
4,CARROT SHRD FRSH MATCH STK,31.0,620.0,1124.06,281.2272694,Root Vegetables
12,TOAST FRENCH WHL WHEAT 4PCS,18.0,432.0,1106.28,195.95190384,"Wheat/Rye (Bread, pasta, baked goods)"
1,APPLE RED DEL FANCY FRESH,30.0,1200.0,1104.86,544.310844,Apples
2,PORK DICED 1 IN FRZN,40.0,400.0,1102.4,181.436948,Pork (pig meat)
2,CHEESE VEGAN MOZZ SHRED,22.0,220.0,1098.68,99.7903214,Soybeans/Tofu
2,CHEESECAKE CANDY COTTN SWIRL,15.0,144.3,1087.02,65.45337899100001,Cheese
4,SPINACH CLIPPED FRESH,39.0,390.0,1080.62,176.90102430000002,Cabbages and other Brassicas (Broccoli)
4,CARROT BABY CUT PLD,38.0,657.4,1064.0,298.191624038,Root Vegetables
6,POTATO PANCAKE MINI BABYCAKE,21.0,378.0,1062.81,171.45791586,"Wheat/Rye (Bread, pasta, baked goods)"
4,LETTUCE FRESH TENDER GREENS,27.0,324.0,1056.78,146.96392788,Cabbages and other Brassicas (Broccoli)
1,RICE PARBOILED PERFECT,28.0,1421.0,1053.98,644.55475777,Rice
6,PORK CARNITAS MEAT PRCK CAFE H,8.0,234.35,1042.63,106.2993719095,Pork (pig meat)
120,SPREAD CHOCOLATE HZLNT PC,36.0,147.6,1040.4,66.95023381200001,Sugars and sweeteners
120,EGG PATTY BAKED PLANT BASED,10.0,150.0,1030.1,68.0388555,Eggs
2,CHEESECAKE APPLE CARAMEL,15.0,136.5,1022.82,61.915358505,Cheese
6,CRAB IMIT FLAKE STYL,18.0,270.0,1015.2,122.4699399,Crustaceans (shrimp/prawns)
1,PEPPER SWEET BELL MEDLEY HH,24.0,480.0,1012.32,217.7243376,Stimulants & Spices (misc.)
1,EGG HARDBOILED WHL PEEL SEL,10.0,250.0,1007.02,113.3980925,Eggs
6,POTATO FRY WDG 8CUT KRUNCHIE,16.0,480.0,1000.96,217.7243376,Potatoes
3,CHEESE CUBE CHDR/SWISS/PEP JCK,18.0,270.0,996.52,122.4699399,Cheese
6,PEPPER RED DICED FCY,11.0,465.3,974.18,211.056529761,Stimulants & Spices (misc.)
12,PRETZEL SOFT BURGER BUN VEGAN,19.0,273.6,948.29,124.102872432,Soybeans/Tofu
3,PEA GREEN WASABI BULK,7.0,105.0,924.14,47.62719885,Peas
6,PAN COATING BUTR SPRAY,26.0,165.62,922.48,75.1239683194,Vegetable oils
50,SAUSAGE VEGETARIAN ITAL SWT,8.0,88.0,917.92,39.91612856,Legumes (misc.)
6,BUN PLAIN BAO FLD BTRFLY SHPD,16.0,128.0,906.08,58.05982336,"Wheat/Rye (Bread, pasta, baked goods)"
160,SAUSAGE PORK LNK SKLS CKD MILD,20.0,200.0,905.04,90.718474,Pork (pig meat)
16,CHICKEN CVP 8PC CUT TR HAL,9.0,435.04,898.36,197.33082464480003,"Poultry (chicken, turkey)"
6,"VEG BLEND SWT POT,RSTD ROOTVEG",17.0,255.0,887.06,115.66605435,Legumes (misc.)
2,SOUP ITALIAN WEDDING W/MTBALLS,20.0,320.0,877.0,145.14955840000002,Lamb/mutton & goat meat
6,APTZR FRANK IN BLNKT,8.0,64.0,866.48,29.02991168,Beef & buffalo meat
1,APPLE GALA X-FANCY FRESH,21.0,861.0,865.81,390.54303057,Apples
2,CAKE CHOC MOUSSE 10 14CT,8.0,90.0,859.76,40.8233133,"Wheat/Rye (Bread, pasta, baked goods)"
6,YOGURT STRAWBERRY PARFAIT POUC,22.0,528.0,858.88,239.49677136000005,Yogurt
4,CAKE RED VELVET LYR 9,12.0,159.0,842.64,72.12118683,"Wheat/Rye (Bread, pasta, baked goods)"
1,PLANTBASED MEATBALL VEGAN,14.0,140.0,836.64,63.502931800000006,Legumes (misc.)
2,SALMON ATL SMK SLI FIL USA,11.0,57.2,817.91,25.945483564000003,Fish (finfish)
6,BEAN KIDNEY DARK RED,20.0,811.0,816.1,367.86341207,Beans and pulses (dried)
6,BEAN BLACK FRESH READY TO EAT,21.0,504.0,814.17,228.61055448,Beans and pulses (dried)
12,PEA GREEN P,16.0,480.0,811.04,217.7243376,Peas
1,SYRUP LIQUID SWTNR NON NUTRITV,6.0,131.16,791.58,59.4931752492,Sugars and sweeteners
6,SAUCE SOY TAMARI GLUTEN FREE,10.0,292.8,791.3,132.81184593600003,Vegetable oils
2,CHEESE COTTAGE SMALL CURD 1%,30.0,300.0,788.7,136.077711,Cheese
2,SOUP MINESTRONE RTU REFRI,19.0,304.0,786.74,137.89208048,"Wheat/Rye (Bread, pasta, baked goods)"
6,EGG WHITE SUPER WHIP,8.0,240.0,780.56,108.8621688,Eggs
1,OAT REGULAR GLUTEN FREE,14.0,350.0,779.24,158.7573295,Oats (Oatmeal)
16,KETCHUP SQUEEZE RED UPSIDE DWN,22.0,387.2,766.49,175.630965664,Tomatoes
200,PEANUT BUTTER CREAMY CUP,14.0,131.25,766.36,59.5339985625,Cream
12,RASPBERRY RED FRESH,16.0,115.2,763.92,52.253841024,Berries
4,DIP HUMMUS TRADITIONAL,16.0,240.0,760.48,108.8621688,Vegetable oils
4,JUICE ORANGE CONC 5X1 ORIG,4.0,128.0,758.88,58.05982336,Citrus Fruit
4,SAUCE TZATZIKI SOUR CREAM,18.0,270.0,755.46,122.4699399,Vegetable oils
6,BEET DICED FCY,16.0,691.2,748.7,313.52304614400003,Root Vegetables
1,POTATO YELLOW YUKON GOLD B SZ,46.0,2300.0,747.96,1043.262451,Potatoes
1,CHICKEN BREAST BRD PLNT BSD,10.0,100.0,737.2,45.359237,"Poultry (chicken, turkey)"
4,LETTUCE SHREDDED 1/8 IN FRESH,29.0,580.0,734.86,263.0835746,Cabbages and other Brassicas (Broccoli)
6,VEGETABLE BLND RST PEPR ONION,20.0,300.0,733.88,136.077711,Legumes (misc.)
12,TOFU EXTRA FIRM WTR PK NON-GMO,38.0,456.0,732.64,206.83812072,Soybeans/Tofu
4,JUICE APPLE CONC DISP 6X1,4.0,128.0,719.08,58.05982336,Apples
2,BRATWURST CKD BEER CRAFT 4X1,18.0,180.0,717.12,81.6466266,Barley (Beer)
12,JUICE CONC MANDARIN CARDAMOM,4.0,128.136,713.64,58.12151192232,Citrus Fruit
12,JUICE CONC MANGO,4.0,128.12,713.64,58.1142544444,Fruits (misc.)
12,DRINK LEMONADE CONC,4.0,128.12,713.64,58.1142544444,Citrus Fruit
12,JUICE CONC PUNCH FARMERS,4.0,124.0,713.64,56.24545388,Uncategorized
4,HAM HONEY SMK SLI .67OZ,13.0,130.0,710.01,58.9670081,Pork (pig meat)
6,SAUCE PIZZA W/BASIL MW,18.0,681.3,694.44,309.032481681,Vegetable oils
12,JUICE CONC NSA PNAPLE PASINFRT,4.0,133.44,686.36,60.5273658528,Fruits (misc.)
4,GARLIC PEELED CHINESE,11.0,220.0,683.72,99.7903214,Stimulants & Spices (misc.)
2,CHEESE FETA CRUMBLED,18.0,180.0,658.14,81.6466266,Cheese
6,ARTICHOKE HEART QUARTER,7.0,277.9,652.83,126.053319623,Vegetables (misc.)
4,GRAIN SPECIALTY FARRO SEMIPRLD,15.0,180.0,646.8,81.6466266,Grains/cereals (except rice)
80,SAUSAGE PORK PATTY CKD MILD CN,14.0,140.0,643.02,63.502931800000006,Pork (pig meat)
2,BEEF SLICED PEPPERONI HALAL,10.0,100.0,641.1,45.359237,Beef & buffalo meat
12,BUN BRAT PRETZL SLI 2.6Z VEGAN,13.0,169.0,638.69,76.65711053,Legumes (misc.)
4,CELERY STICK FRESH,15.0,300.0,638.45,136.077711,Other vegetables
2,SOUP BUTTERNUT & APPLE,13.0,2.08,636.42,0.9434721296,Fruits (misc.)
6,CHEESE PARM GRTD DRY CARTON US,4.0,120.0,634.56,54.4310844,Cheese
1,SYRUP LIQUID SWEETENER HFCS,20.0,1116.2,629.6,506.299803394,Sugars and sweeteners
42,CHICKEN CUTLET CLS VEGAN 3.7,8.0,77.6,624.4,35.198767912,Legumes (misc.)
6,POTATO FRY THIN REG SURECRISP,10.0,300.0,612.8,136.077711,Potatoes
2,TOMATO SLI FRSH FC XL,19.0,399.0,610.47,180.98335563,Tomatoes
1,BASIL FRESH,32.0,64.0,597.76,29.02991168,Stimulants & Spices (misc.)
2,SOUP SPLIT PEA W/HAM,13.0,221.0,589.81,100.24391377,Pork (pig meat)
10,CLAM WHL SHEL CKD VP 17-22ASIA,12.0,120.0,585.0,54.4310844,Mollusks
4,CILANTRO CLEAN WASH FRESH HERB,25.0,117.5,583.97,53.297103475,Stimulants & Spices (misc.)
4,NOODLE SOBA,12.0,240.0,574.68,108.8621688,"Wheat/Rye (Bread, pasta, baked goods)"
6,GRAIN QUINOA RED FULLY COOKED,14.0,184.8,572.18,83.82386997600001,Grains/cereals (except rice)
1,CHICKEN CVP LEG QTR JUMBO,17.0,680.0,566.44,308.4428116,"Poultry (chicken, turkey)"
36,EMPANADA CHICKEN ARGENTINIAN,10.0,68.0,562.3,30.84428116,"Poultry (chicken, turkey)"
2,CAKE LYR PNK LMNADE 10IN 14CT,7.0,98.0,560.0,44.45205226,"Wheat/Rye (Bread, pasta, baked goods)"
6,GRAIN QUINOA WHT FULLY CKD ORG,14.0,184.8,559.16,83.82386997600001,Grains/cereals (except rice)
4,CEREAL GRANOLA OATSN HNY BLKPK,8.0,100.0,557.58,45.359237,Grains/cereals (except rice)
2,CHICKEN TNDR FRTR HMSTYL JUMBO,15.0,150.0,552.0,68.0388555,"Poultry (chicken, turkey)"
4,PARSLEY CLN/WASH FRESH HERB,23.0,92.0,543.47,41.73049804,Grains/cereals (except rice)
12,SUGAR BROWN LIGHT CANE,14.0,336.0,542.22,152.40703632,Sugars and sweeteners
3,MANGO DICED,12.0,180.0,537.33,81.6466266,Fruits (misc.)
4,SALSA CHUNKY MED AUTHENTIC,7.0,236.25,533.96,107.1611974125,Stimulants
6,MILK COCONUT ORIG ESL,19.0,484.69,529.53,219.8516858153,Tree nuts and seeds
2,SOUP BROCCOLI CHS CHEDDAR RTU,11.0,176.0,528.34,79.83225712000001,Cabbages and other Brassicas (Broccoli)
1,RICE BOTAN SUSHI RICE,18.0,360.0,526.5,163.2932532,Rice
1,BEEF SKIRT OUTSDE PLD,1.0,64.84,525.46,29.410929270800004,Beef & buffalo meat
8,SAUCE MIX ALFREDO,5.0,40.0,523.7,18.1436948,Vegetable oils
12,SALT KOSHER FLAKE COARSE,8.0,296.8,521.52,134.626215416,Stimulants & Spices (misc.)
4,CALAMARI TUBE ONLY 5-8 TODER,8.0,80.0,514.96,36.2873896,Mollusks
1,MANGO CHUNK IQF,10.0,200.0,513.08,90.718474,Fruits (misc.)
4,CEREAL COCOA PUFFS BULKPAK,8.0,84.4,508.24,38.283196028000006,Grains/cereals (except rice)
1,CUCUMBER SELECT FRESH,15.0,750.0,497.43,340.1942775,Other vegetables
2,SOUP PASTA FAGIOLI,14.0,2.24,490.28,1.0160469088,"Wheat/Rye (Bread, pasta, baked goods)"
6,MILK COCONUT UNSWEETEND,6.0,220.5,486.24,100.017117585,Tree nuts and seeds
440,DONUT HOLE PLAIN CAKE,12.0,138.84,482.16,62.97676465080001,"Wheat/Rye (Bread, pasta, baked goods)"
6,MILK OAT ORIGINAL ESL,16.0,382.56,477.6,173.5262970672,Oat milk
6,POTATO FRY SPIRAL SEASD BKABL,10.0,240.0,477.2,108.8621688,Potatoes
4,SAUCE WING BUFFALO,7.0,248.78,470.61,112.8447098086,"Poultry (chicken, turkey)"
6,KALE CHOPPED,16.0,192.0,469.28,87.08973504000001,Cabbages and other Brassicas (Broccoli)
6,TORTILLA CORN WHITE 4.5 IN,22.0,275.0,461.56,124.73790175,Corn (Maize)
2,PORK BELLY SKIN ON,6.0,153.3,457.14,69.53571032100001,Pork (pig meat)
1,SQUASH YELLOW S/N MEDIUM FRESH,17.0,408.0,456.28,185.06568696,Fruits (misc.)
1,CORN COB PET SUPER SWEET FROZ,10.0,290.0,456.12,131.5417873,Corn (Maize)
12,BUN HOAGIE WHITE 8IN HINGD,12.0,201.6,455.16,91.444221792,"Wheat/Rye (Bread, pasta, baked goods)"
400,JELLY ASST 160G/160MF/80STR,8.0,76.0,451.08,34.47302012,Sugars and sweeteners
6,NOODLE EGG LO MEIN THICK,9.0,270.0,445.63,122.4699399,Eggs
6,PEPPER JALAPENO SLI FIELD RUN,11.0,420.75,445.07,190.8489896775,Stimulants & Spices (misc.)
12,CEREAL FRUITY PEBBLES,5.0,56.25,441.5,25.5145708125,Grains/cereals (except rice)
4,SWEETENER AGAVE LGT BLORGANIC,4.0,92.0,433.98,41.73049804,Sugars and sweeteners
6,PINEAPPLE TIDBIT JCE,6.0,274.2,433.86,124.375027854,Fruits (misc.)
175,PASTRY BEIGNET MINI FLD YUZU,7.0,67.48,433.44,30.6084131276,"Wheat/Rye (Bread, pasta, baked goods)"
104,CHIP POTATO REG SNG SRV,9.0,58.5,420.48,26.535153645,"Wheat/Rye (Bread, pasta, baked goods)"
1,SQUASH ZUCCHINI MEDIUM FRESH,19.0,380.0,416.17,172.3651006,Other vegetables
144,WAFFLE JUMBO GOURM WHL GRN,15.0,175.5,415.8,79.60546093500001,"Wheat/Rye (Bread, pasta, baked goods)"
8,JUICE APPLE 100% PET,12.0,456.0,415.44,206.83812072,Apples
2,TOFU FIRM BTRD NUGGET,4.0,80.0,412.88,36.2873896,Soybeans/Tofu
4,APTZR APPLE CARMEL EMPANADA,8.0,37.44,410.72,16.9824983328,Apples
4,CABBAGE GREEN SHRD FRSH W/BAG,16.0,325.0,405.93,147.41752025,Cabbages and other Brassicas (Broccoli)
1,CHICKEN LEG QTR HALAL,11.0,440.0,400.51,199.5806428,"Poultry (chicken, turkey)"
4,CEREAL LUCKY CHARM GLTN FR BLK,6.0,54.0,399.14,24.49398798,Grains/cereals (except rice)
4,JUICE CRNBRY DRINK MINI PAC,2.0,64.0,392.96,29.02991168,Citrus Fruit
24,SAUCE HOT,6.0,49.26,392.48,22.3439601462,Vegetable oils
4,CELERY DICED 3/8,10.0,200.0,392.0,90.718474,Other vegetables
2,SAUCE GENERAL TSO,6.0,135.0,391.56,61.23496995,Vegetable oils
1,MUSHROOM WILD BLND #1 SLI 3/16,16.0,48.0,391.04,21.77243376,Vegetables (misc.)
6,MILK SOY PLAIN 64OZ,14.0,336.0,390.32,152.40703632,Soy milk
6,MILK SOY UNSWTND ORGANIC,14.0,364.0,389.62,165.10762268000002,Soy milk
8,BEVERAGE MIX FROTHY ALEGRIA,2.0,32.0,389.32,14.51495584,Uncategorized
120,BREADSTICK GARLIC,10.0,133.13,389.1,60.3867522181,"Wheat/Rye (Bread, pasta, baked goods)"
3,SPICE GARLIC GRANULATED,0.0,58.5,388.71,26.535153645,Stimulants & Spices (misc.)
6,BEAN PINTO FRESH READY TO EAT,10.0,240.0,387.7,108.8621688,Beans and pulses (dried)
4,SAUCE SESAME GARLIC,6.0,117.6,387.42,53.342462712,Tree nuts and seeds
1,CHICKEN THIGH MEAT TEMPURA,7.0,140.0,385.21,63.502931800000006,Lamb/mutton & goat meat
100,CHEESE CREAM GARDEN VEGETABLE,9.0,56.25,383.4,25.5145708125,Cheese
2,SOUP VEGETARIAN 3 BEAN W/CHILI,8.0,128.0,383.2,58.05982336,Beans and pulses (dried)
6,POTATO TATER TOT VERSITOT,7.0,210.0,382.06,95.2543977,Potatoes
2,SOUP CREAM OF BROCCOLI REFRI,9.0,139.5,381.06,63.276135615,Cream
12,BEEF EYE OF RND 171C,1.0,80.1,379.83,36.332748837,Beef & buffalo meat
1,CANDY MINT STARLIGHT POUCH PPM,4.0,120.0,379.42,54.4310844,Sugars and sweeteners
6,BEAN GREAT NORTHERN,9.0,414.0,377.67,187.78724118,Beans and pulses (dried)
140,DESSERT MINI RASPBERRY BEIGNET,6.0,46.32,377.1,21.0103985784,Sugars and sweeteners
2,SAUSAGE ANDOUILLE ROPE SMKD FZ,7.0,70.0,376.95,31.751465900000003,Pork (pig meat)
4,CEREAL GRANOLA CINNAMON,7.0,87.5,376.32,39.689332375,Grains/cereals (except rice)
120,BISCUIT BUTTERMILK RDY TOPSPLT,8.0,150.0,374.8,68.0388555,Yogurt
48,ICE CREAM CHOC CUP 4 OZ,15.0,101.295,373.8,45.94663911915001,Ice cream
4,PASTA FARFALLE,10.0,200.0,372.3,90.718474,"Wheat/Rye (Bread, pasta, baked goods)"
50,VEGETARIAN VEG CHCKN BRST,5.0,60.0,370.35,27.2155422,Legumes (misc.)
4,BEEF GRND BULK 81/19 CHUB FRS,4.0,80.0,368.32,36.2873896,Beef & buffalo meat
4,RICE ARBORIO,3.0,132.0,359.82,59.874192840000006,Rice
2,CHICKEN NUG PLANT BASED,5.0,50.0,359.2,22.6796185,"Poultry (chicken, turkey)"
2,ARUGULA BABY FRESH,21.0,84.0,358.47,38.10175908,Cabbages and other Brassicas (Broccoli)
2,TURKEY BRST SMOKED SKON,4.0,78.3,357.37,35.516282571,"Poultry (chicken, turkey)"
4,CEREAL APPLE JACKS,6.0,57.3,356.88,25.990842801,Grains/cereals (except rice)
2,SAUCE MASALA TIKKA,10.0,80.0,356.3,36.2873896,Vegetable oils
1,RICE BASMATI WHITE,9.0,222.3,352.2,100.833583851,Rice
1,RICE JASMINE THAI PR GRADE,11.0,275.0,351.61,124.73790175,Rice
5,MEAT ALTERNATE JACKFRUIT NKD,8.0,76.24,351.44,34.5818822888,Fruits (misc.)
4,CREAM SOUR ALL NAT GRD A,9.0,180.0,349.38,81.6466266,Cream
4,SAUCE BBQ ORIGINAL,6.0,243.36,347.16,110.38623916320002,Vegetable oils
48,ICE CREAM VAN CUP 4 OZ,14.0,89.488,347.06,40.59107400656,Ice cream
4,ONION RED FRSH SLICED 1/8,5.0,100.0,346.45,45.359237,Onions and Leeks
50,SAUSAGE VEGETARIAN ITAL HOT,3.0,33.0,344.22,14.968548210000002,Legumes (misc.)
6,MIX WAFFLE BELGIAN COMPLT,6.0,180.0,343.17,81.6466266,"Wheat/Rye (Bread, pasta, baked goods)"
6,APTZR CORN NUGGET SWEET,8.0,90.4,342.88,41.00475024800001,Corn (Maize)
4,SHRIMP BRD POPCRN 60/80,7.0,70.0,342.79,31.751465900000003,Crustaceans (shrimp/prawns)
2,CHICKEN MEAT DICED WHT LSOD,7.0,70.0,337.54,31.751465900000003,Lamb/mutton & goat meat
10,MUSSEL WHL VP 23/29 CHL,13.0,130.0,336.31,58.9670081,Mollusks
6,ONION FRENCH CRISPY TOPPING,7.0,63.0,335.44,28.57631931,Onions and Leeks
6,SAUCE SOY GLUTEN FREE,4.0,124.0,334.32,56.24545388,Vegetable oils
6,BEAN CANNELLINI,7.0,288.75,329.3,130.9747968375,Beans and pulses (dried)
6,TOMATO DICED IN JUICE MW,8.0,306.0,323.2,138.79926522,Tomatoes
24,CORN STARCH,8.0,192.0,322.8,87.08973504000001,Corn (Maize)
4,SWEETENER AGAVE LIGHT 176,2.0,100.0,321.28,45.359237,Sugars and sweeteners
60,BREAD ROLL SNDW FARMHOUSE,7.0,117.95,315.7,53.501220041500005,"Wheat/Rye (Bread, pasta, baked goods)"
6,DRESSING RANCH LITE ESSENTIAL,8.0,99.808,306.64,45.272147264960005,Vegetable oils
4,APTZR VEG FALAFEL BALL,6.0,96.0,304.32,43.54486752,Legumes (misc.)
8,VEGETARIAN SOY FISHLESS FIL,9.0,45.9,302.13,20.819889783,Legumes (misc.)
6,POTATO FRY WDG SKON 6CUT DELI,5.0,150.0,301.65,68.0388555,Potatoes
6,POTATO DICE BKFST PRIV RESV,4.0,144.0,301.32,65.31730128000001,Potatoes
60,DRESSING BALSAMIC VINGT PKT,19.0,106.97,299.44,48.5207758189,Vegetable oils
4,CEREAL CHEERIOS HONEY,5.0,45.0,299.1,20.41165665,Grains/cereals (except rice)
5,SEAFOOD MIX MEDLEY IQF THA,4.0,40.0,298.16,18.1436948,Animal fats
30,NOODLE RICE STICK PAD THAI,3.0,78.0,298.08,35.38020486,"Wheat/Rye (Bread, pasta, baked goods)"
4,ONION GREEN ICELS,12.0,73.8,296.64,33.475116906000004,Onions and Leeks
1,PEA SNOW FRESH,11.0,110.0,296.54,49.895160700000005,Peas
6,SPICE PEPPERCORN BLK GRINDER,3.0,8.37,291.75,3.7965681369,Corn (Maize)
2,PASTA PENNE RIGATE HVY WALL,7.0,140.0,290.5,63.502931800000006,"Wheat/Rye (Bread, pasta, baked goods)"
8,CHEESE PEPPER JACK SLI .75OZ,6.0,72.0,287.86,32.658650640000005,Cheese
2,CAKE CHOC 3-LAYER 10 IN 12-CUT,3.0,45.0,285.09,20.41165665,"Wheat/Rye (Bread, pasta, baked goods)"
6,POTATO FRY 1/4 SS,8.0,216.0,284.48,97.97595192,Potatoes
8,JUICE APPLE 100% PET BAR MIXER,10.0,310.0,283.8,140.6136347,Apples
1,SAUSAGE LINK 7 ITAL MD RW FRZ,8.0,80.0,283.52,36.2873896,Pork (pig meat)
6,PIE BOSTON CRM 10 T&S,5.0,61.875,282.7,28.06602789375,"Wheat/Rye (Bread, pasta, baked goods)"
1,FRANK BEEF IMPOSSF PLANT BASED,3.0,30.0,281.04,13.6077711,Beef & buffalo meat
6,STRAWBERRY SLICED 4X1,3.0,118.05,279.57,53.546579278500005,Berries
6,LETTUCE ROMAINE CHOPPED FRSH,9.0,108.0,279.18,48.98797596,Cabbages and other Brassicas (Broccoli)
212,VEGETABLE VEG CHICKEN NUG,5.0,50.0,278.15,22.6796185,Legumes (misc.)
48,BROWNIE CHOC CHIP GLUTEN FREE,5.0,52.5,277.75,23.813599425,"Wheat/Rye (Bread, pasta, baked goods)"
20,APTZR YUCCA FRIES PRCKD,7.0,140.0,277.27,63.502931800000006,Cassava and Other Roots
6,FILLING PIE BLUEBERRY,2.0,84.0,277.1,38.10175908,"Wheat/Rye (Bread, pasta, baked goods)"
2,BACON PRECOOKED THICK SLICE,4.0,15.0,277.0,6.80388555,Pork (pig meat)
2,ICE CREAM BAR CRUNCH,10.0,80.0,274.19,36.2873896,Ice cream
140,DESSERT MINI PLAIN BEIGNET,5.0,30.85,273.4,13.9933246145,Sugars and sweeteners
6,SALT SEA GRINDER,3.0,14.31,270.42,6.490906814700001,Stimulants & Spices (misc.)
2,OLIVE GREEK PITTED MIX,4.0,69.6,269.6,31.570028952,Other vegetables
3,SOUP FRENCH ONION CONC,6.0,71.4,268.02,32.38649521800001,Onions and Leeks
3,SEASONING CAJUN,0.0,19.5,267.18,8.845051215,Stimulants & Spices (misc.)
4,CEREAL CAP N CRUNCH,6.0,54.36,267.06,24.657281233200003,Grains/cereals (except rice)
175,PASTRY BEIGNET MN FLD CHOCCRML,4.0,38.56,265.36,17.490521787200002,"Wheat/Rye (Bread, pasta, baked goods)"
12,SYRUP CARAMEL,3.0,117.0,264.63,53.07030729,Sugars and sweeteners
4,CREAM SOUR CULTRD GRADE A,6.0,120.0,263.16,54.4310844,Cream
6,CHEESE RICOTTA OLD FSHND,8.0,144.0,262.48,65.31730128000001,Cheese
12,SALAMI GENOA SLI,3.0,36.0,258.06,16.329325320000002,Pork (pig meat)
6,DRESSING CAESAR CMY POUR BTL,6.0,74.28,257.34,33.6928412436,Vegetable oils
6,PINEAPPLE TIDBIT JCE FCY,4.0,156.2,253.16,70.851128194,Fruits (misc.)
1,CHOCOLATE WHITE BLOCK,2.0,22.0,251.8,9.97903214,Sugars and sweeteners
12,MUSTARD YELLOW SQZ CLS,12.0,110.4,251.76,50.076597648,Tree nuts and seeds
10,CHIP WONTON STRIP,5.0,50.0,251.45,22.6796185,"Wheat/Rye (Bread, pasta, baked goods)"
2,FRANK ALL-BEEF 8X1 6 IN,6.0,60.0,250.56,27.2155422,Beef & buffalo meat
1,SAUSAGE LINK ITAL HOT 7IN,7.0,70.0,248.08,31.751465900000003,Pork (pig meat)
4,SHRIMP WHT P&D TLOF 51/60,5.0,50.0,246.75,22.6796185,Crustaceans (shrimp/prawns)
1,RAISIN SEEDLESS SELECT,3.0,84.6,245.66,38.373914502,Fruits (misc.)
6,CHESTNUT WATER SLICED,3.0,114.69,245.44,52.0225089153,Peanuts/groundnuts
6,MILK ALMOND DARK CHOC,10.0,255.0,244.7,115.66605435,Almond milk
4,DRESSING CAESAR CREAMY LIBERTY,3.0,97.8,244.63,44.361333786,Vegetable oils
6,MILK ALMOND UNSWT,10.0,251.7,244.5,114.169199529,Almond milk
6,SAUCE TERIYAKI GLAZE,4.0,127.0,241.4,57.60623099,Vegetable oils
6,TEA HOT BAG BLK  ENV DECAF,5.0,15.0,239.0,6.80388555,Stimulants
8,JUICE ORANGE 100% PET,4.0,128.0,238.16,58.05982336,Citrus Fruit
6,TOMATO PASTE FANCY CA,4.0,166.5,236.77,75.52312960500001,Tomatoes
60,DRESSING CAESAR CREAMY PKT,9.0,50.67,236.25,22.9835253879,Vegetable oils
1,CHICKEN TENDER VEGAN,5.0,50.0,235.05,22.6796185,Legumes (misc.)
24,ICE CREAM SANDWICH VAN,10.0,53.0,230.48,24.04039561,Ice cream
2,SAUSAGE ITAL BULK MILD,7.0,70.0,224.63,31.751465900000003,Pork (pig meat)
1,CELERY STICK 4 IN,12.0,60.0,224.16,27.2155422,Other vegetables
4,NOODLE LO MEIN,5.0,100.0,219.3,45.359237,"Wheat/Rye (Bread, pasta, baked goods)"
6,CHEESE PROVOLONE SLICED .75 TP,6.0,54.0,216.7,24.49398798,Cheese
4,JUICE RASP LEMONADE CONC 5X1,2.0,61.0,216.36,27.66913457,Berries
1,BANANA FRESH RIPE/READY,8.0,328.536,216.24,149.02142287032,Bananas
6,VEGETABLE BLND FIESTA,6.0,90.0,215.4,40.8233133,Legumes (misc.)
2,SAUSAGE MEXICAN CHORIZO BULK,7.0,70.0,212.66,31.751465900000003,Pork (pig meat)
4,SAUCE MANGO HABANERO WING GLZ,4.0,76.716,212.48,34.79779225692,Fruits (misc.)
24,ICE CREAM SNDW COOKIES N CRM,6.0,26.64,211.38,12.0837007368,Ice cream
10,CLAM BABY MEAT VPAC 300/500 CT,4.0,40.0,209.8,18.1436948,Lamb/mutton & goat meat
8,CORN MEAL YEL,6.0,240.0,208.08,108.8621688,Corn (Maize)
1,POTATO SWEET #1 STANDARD,7.0,280.0,203.98,127.0058636,Cassava and Other Roots
12,SPINACH CHOPPED IQF,4.0,96.6,202.68,43.817022942,Cabbages and other Brassicas (Broccoli)
12,SEASONING ALL PURP ADOBO W/PPR,3.0,63.0,200.07,28.57631931,Stimulants & Spices (misc.)
1,STRAWBERRY WHOLE IQF,8.0,66.8,199.52,30.299970316,Berries
6,ARTICHOKE HEART QUARTERED MARN,2.0,78.7,195.96,35.697719519,Vegetables (misc.)
3,PASTA TORTELLINI TRICOLOR,6.0,54.0,194.4,24.49398798,"Wheat/Rye (Bread, pasta, baked goods)"
6,SPICE CURRY POWDER,2.0,12.1,192.88,5.488467677,Stimulants & Spices (misc.)
4,POLENTA CORN MEAL YELLOW MED,4.0,80.0,192.84,36.2873896,Corn (Maize)
1,MUSHROOM OYSTER WHT #1 FRSH,6.0,30.0,192.78,13.6077711,Vegetables (misc.)
6,ORANGE MANDRN WHL SEC LGHT SYR,3.0,133.2,188.67,60.418503684,Citrus Fruit
1,BEAN LENTIL RED CHIEF,5.0,50.0,184.95,22.6796185,Beans and pulses (dried)
140,DESSERT MINI CHC HZLNT BEIGNET,3.0,23.16,184.71,10.5051992892,Sugars and sweeteners
2,SAUCE PESTO NO NUT,6.0,24.0,184.62,10.88621688,Vegetable oils
8,CROUTON SEASONED CUBE ZTF,3.0,60.0,182.2,27.2155422,"Wheat/Rye (Bread, pasta, baked goods)"
4,CHEESE CHEDDR JACK FANCY SHRED,3.0,60.0,179.91,27.2155422,Cheese
2,PASTA MACARONI ELBOW LRG RIDGD,4.0,80.0,179.64,36.2873896,"Wheat/Rye (Bread, pasta, baked goods)"
1,CABBAGE GREEN FRSH LARGE,7.0,350.0,177.4,158.7573295,Cabbages and other Brassicas (Broccoli)
4,BURGER VEG IMPOSSIBLE BULK,1.0,20.0,177.01,9.0718474,"Wheat/Rye (Bread, pasta, baked goods)"
1,TOMATILLO FRESH DEHUSKED,4.0,80.0,176.88,36.2873896,Other vegetables
2,PASTA BOWTIE,8.0,80.0,176.16,36.2873896,"Wheat/Rye (Bread, pasta, baked goods)"
100,CHEESE CREAM CHIVE & ONION,4.0,25.0,174.32,11.33980925,Cheese
1,PICKLE CHIP DILL KO RE KK 5/16,4.0,182.4,173.58,82.73524828800001,"Wheat/Rye (Bread, pasta, baked goods)"
1,MUSHROOM SHIITAKE LRG SLI 3/16,6.0,18.0,173.4,8.164662660000001,Vegetables (misc.)
6,TEA HOT BAG HERBAL MINT MEDLY,6.0,4.398,173.04,1.99489924326,Stimulants
4,SAUCE BBQ KOREAN,3.0,58.371,170.97,26.476640229270004,Vegetable oils
6,CAPER NONPAREIL IMPORTED,4.0,74.0,169.02,33.56583538,Sugars and sweeteners
8,CHEESE SWISS SLICE .75 OZ,3.0,36.0,168.93,16.329325320000002,Cheese
2,AVOCADO DICED IQF,4.0,40.0,168.92,18.1436948,Fruits (misc.)
32,CHEESECAKE UBE IND,2.0,16.12,168.78,7.311909004400001,Cheese
1,OKRA CUT GR A IQF,3.0,90.0,167.85,40.8233133,Vegetables (misc.)
2,PASTA ZITI ITA,5.0,100.0,167.65,45.359237,"Wheat/Rye (Bread, pasta, baked goods)"
1,PINEAPPLE CHUNK IQF,4.0,80.0,166.56,36.2873896,Fruits (misc.)
1,PEPPER GREEN BELL CHOICE FRESH,7.0,175.0,164.63,79.37866475,Stimulants & Spices (misc.)
2,PASTA PENNE WHL GRAIN 100%,5.0,100.0,164.2,45.359237,"Wheat/Rye (Bread, pasta, baked goods)"
3,SEASONING SEAFOOD,0.0,21.099,164.17,9.57034541463,Animal fats
3,SPICE PAPRIKA DOM GRND,0.0,27.0,163.62,12.24699399,Stimulants & Spices (misc.)
60,DRESSING ITALIAN GOLDEN PACKET,9.0,50.67,163.08,22.9835253879,Vegetable oils
1,ONION YELLOW JUMBO BAG,8.0,400.0,162.88,181.436948,Onions and Leeks
1,ASPARAGUS FRESH LARGE,4.0,44.0,162.52,19.95806428,Other vegetables
1,BROCCOLI SLAW,9.0,45.0,160.83,20.41165665,Cabbages and other Brassicas (Broccoli)
2,PORK GROUND 80/20 FINE,7.0,70.0,160.51,31.751465900000003,Pork (pig meat)
6,PEACH SLICED CH EXTRA LS,2.0,80.0,160.17,36.2873896,Fruits (misc.)
2,CAKE SPECIAL CARNIVAL 14 CUTS,2.0,31.72,159.26,14.3879499764,"Wheat/Rye (Bread, pasta, baked goods)"
4,COUSCOUS INTL ISRAELI,3.0,60.0,159.03,27.2155422,"Wheat/Rye (Bread, pasta, baked goods)"
2,PASTA NOODLE EGG XWIDE,5.0,50.0,158.4,22.6796185,"Wheat/Rye (Bread, pasta, baked goods)"
12,BREAD PITA GYRO PRE-OILED 7,5.0,105.0,158.2,47.62719885,"Wheat/Rye (Bread, pasta, baked goods)"
1,CAULIFLOWER FRESH MULTI-COLOR,4.0,60.0,157.96,27.2155422,Cabbages and other Brassicas (Broccoli)
4,CABBAGE RED SHRED 1/8,5.0,100.75,157.45,45.6994312775,Cabbages and other Brassicas (Broccoli)
1,ROSEMARY FRESH,8.0,16.0,156.32,7.25747792,Vegetables (misc.)
3,SPICE PEPPER BLK GRND,1.0,14.7,155.88,6.667807839,Stimulants & Spices (misc.)
15,SEASONING SAZON CORNDR ANNATTO,2.0,11.88,155.38,5.3886773556000005,Corn (Maize)
2,SAUSAGE CRMBL LRG ITL SPCY CK,2.0,40.0,154.72,18.1436948,Pork (pig meat)
6,BEAN BAKED VEGETARIAN RED SOD,3.0,129.39,153.81,58.6903167543,Beans and pulses (dried)
12,TOPPING WHPD ARSL,4.0,40.0,152.56,18.1436948,Vegetable oils
288,CREAMER NON-DAIRY IRISH CREME,6.0,54.0,152.52,24.49398798,Cream
60,DRESSING ITALIAN CREAMY PACKET,9.0,50.67,150.84,22.9835253879,Vegetable oils
20,BROCCOLI RABE ICELESS,3.0,60.0,150.6,27.2155422,Cabbages and other Brassicas (Broccoli)
1,APPLE SLICE IQF,3.0,90.0,150.29,40.8233133,Apples
720,BUTTER CUP USDA AA,4.0,32.0,148.48,14.51495584,Butter
12,HAM PROSCIUTTO DOM AGED SLICED,1.0,12.0,147.65,5.4431084400000005,Pork (pig meat)
6,TEA HERBAL ORG & CINNAMON,6.0,7.62,147.42,3.4563738594,Stimulants
6,TEA HERBAL PURE CAMOMILE,6.0,6.9,147.42,3.129787353,Stimulants
6,TEA BAG LMN GNGR,6.0,6.96,147.42,3.1570028952,Citrus Fruit
6,TEA BAG PPRMNT PURE,6.0,6.96,147.42,3.1570028952,Stimulants
6,TEA ASST BLK,6.0,6.0,147.42,2.72155422,Stimulants
6,TEA ASST HERBAL,6.0,7.62,147.42,3.4563738594,Stimulants
12,PEA & CARROT GR A P,3.0,90.0,145.44,40.8233133,Peas
6,TEA BAG EARL GREY,6.0,6.0,144.9,2.72155422,Stimulants
6,TEA BAG ENGLISH BKFST,6.0,6.0,144.9,2.72155422,Stimulants
6,TEA GREEN,6.0,7.2,144.9,3.265865064,Stimulants
1,FENNEL ANISE BUNCH FRSH,6.0,66.0,144.9,29.937096420000003,"Wheat/Rye (Bread, pasta, baked goods)"
6,SPICE ONION GRANULATED,0.0,12.925,144.8,5.862681382250001,Stimulants & Spices (misc.)
6,SEASONING CARIBBEAN JERK,0.0,9.266,144.64,4.20298690042,Beans and pulses (dried)
3,SPICE OREGANO LEAVES,0.0,12.25,143.78,5.5565065325,Stimulants & Spices (misc.)
2,FLOUR ALL PURP UNBLCH,5.0,250.0,143.65,113.3980925,Grains/cereals (except rice)
6,SPICE LEMON PEPPER,0.0,13.893,143.36,6.301758796410001,Citrus Fruit
12,SPINACH CHOPPED,5.0,180.0,143.3,81.6466266,Cabbages and other Brassicas (Broccoli)
1,POTATO RED #1 FRESH SZ B,3.0,150.0,142.59,68.0388555,Potatoes
1,CLAM LITTLENECK LIVE FARM 1+,3.0,22.5,142.02,10.205828325,Mollusks
2,TORTELLINI CHEESE TRI COLR,4.0,40.0,141.2,18.1436948,"Wheat/Rye (Bread, pasta, baked goods)"
12,CEREAL HOT GRITS QUICK HOMINY,4.0,63.2,140.36,28.667037784,Grains/cereals (except rice)
8,FLOUR CORN MASA HARINA,3.0,105.6,140.13,47.899354272,Grains/cereals (except rice)
180,CREAMER HZLNT NON DAIRY,6.0,29.1,139.08,13.199537967,Cream
1,SUGAR GRANULATED XFINE CANE,3.0,150.0,137.16,68.0388555,Sugars and sweeteners
1,THYME FRESH,7.0,14.0,136.78,6.35029318,Vegetables (misc.)
1,MUSSEL BLUE PEI CANADA 23-27CT,4.0,40.0,136.52,18.1436948,Mollusks
6,PEACH DICED W/PEAR JUICE,2.0,78.76,136.3,35.72493506120001,Fruits (misc.)
3,PORK SPARE RIB FRSH 4.9# DN AV,1.0,55.13,136.28,25.006547358100004,Pork (pig meat)
12,CEREAL HOT GRITS QUICK,5.0,90.0,135.25,40.8233133,Grains/cereals (except rice)
4,MILK WHL GALLON,5.0,172.0,134.53,78.01788764,Milk (cow's milk)
1,MUSHROOM PORT SLCD FRESH,6.0,30.0,133.8,13.6077711,Vegetables (misc.)
1,GRAIN SPCLTY WHEATBERRIES,4.0,40.0,131.32,18.1436948,Grains/cereals (except rice)
1,CABBAGE RED FRSH,4.0,200.0,130.92,90.718474,Cabbages and other Brassicas (Broccoli)
20,PLANTAIN FROZEN TOSTONES,3.0,60.0,130.38,27.2155422,Bananas
60,DRESSING RANCH PACKET,6.0,33.72,130.32,15.2951347164,Vegetable oils
4,OKRA BRD SOUTHERN STYLE,4.0,80.0,128.84,36.2873896,Vegetables (misc.)
1,GINGER ROOT FRESH,3.0,90.0,128.82,40.8233133,Roots and Tubers
1,VEGETABLE MIX 4WAY,3.0,90.0,127.7,40.8233133,Legumes (misc.)
1,LETTUCE ICEBERG TRIMMED FDSVC,6.0,48.0,126.54,21.77243376,Cabbages and other Brassicas (Broccoli)
16,PASTA ORZO,4.0,64.0,125.8,29.02991168,"Wheat/Rye (Bread, pasta, baked goods)"
24,SAUCE HOT GREEN PPR,2.0,16.5,125.32,7.484274105000001,Vegetable oils
1,ICE CREAM FRCH VAN,5.0,69.0,124.9,31.29787353,Ice cream
2,CHEESE QUESO FRESCO WHEEL 5LB,3.0,33.89,124.59,15.3722454193,Cheese
2,RICE WILD POLY,2.0,20.0,124.4,9.0718474,Rice
12,SPICE ONION GRANULATED,2.0,24.0,123.5,10.88621688,Stimulants & Spices (misc.)
24,COOKIE CHOC CHIP GLTN FR I/W,4.0,22.0,121.6,9.97903214,"Wheat/Rye (Bread, pasta, baked goods)"
12,MIX COCKTAIL CREAM OF COCONUT,1.0,35.9,120.58,16.283966083,Cream
12,CHUTNEY MAJOR GRAY,1.0,22.6,119.88,10.251187562000002,Stimulants
4,PEPPER BANANA RING HOT 1100 CT,2.0,72.0,119.42,32.658650640000005,Bananas
60,DRESSING HONEY MUSTARD PKT,6.0,33.78,119.4,15.322350258600002,Tree nuts and seeds
180,CREAMER COFFEE NONDAIRY FR VAN,7.0,33.95,119.35,15.399460961500004,Cream
2,PINEAPPLE CHUNK IQF FRZN,4.0,40.0,115.0,18.1436948,Fruits (misc.)
1,MUSHROOM CRIMINI UNSZD FRESH,7.0,35.0,114.66,15.875732950000002,Vegetables (misc.)
1,LABEL ROLL UNVRSL PLAS 2X3,10.0,208.8,114.6,94.710086856,Rice
15,EGG LIQUID WHITES CGFREE,1.0,30.0,113.75,13.6077711,Eggs
1,CHIP TORTILLA PCUF YEL 4CUT,3.0,90.0,113.31,40.8233133,"Wheat/Rye (Bread, pasta, baked goods)"
4,DRESSING MAYONNAISE VEGAN,1.0,31.04,112.72,14.0795071648,Soybeans/Tofu
10,TOMATO CHERRY MIX HEIRLOOM,3.0,20.25,111.42,9.1852454925,Fruits (misc.)
100,CHEESE CREAM GRDN VEG CUP,4.0,18.76,111.4,8.5093928612,Cheese
1,POTATO BAKING RUSSET 90CT FRSH,5.0,250.0,110.8,113.3980925,Potatoes
4,SYRUP VANILLA PL BTL NONGMO,3.0,39.27,110.46,17.812572369900003,Sugars and sweeteners
48,ICE CREAM RASP NF SHERBET CUP,5.0,46.32,110.25,21.0103985784,Ice cream
60,DRESSING 1000 ISLAND PACKET,6.0,33.78,110.16,15.322350258600002,Vegetable oils
6,SAUERKRAUT SHREDDED FCY,2.0,88.0,108.32,39.91612856,Vegetables (misc.)
4,CEREAL FROSTED FLAKES,2.0,23.0,107.28,10.43262451,Grains/cereals (except rice)
4,SYRUP HAZELNUT,3.0,36.0,106.83,16.329325320000002,Tree nuts and seeds
4,CEREAL FROOT LOOPS,2.0,18.5,106.36,8.391458845,Grains/cereals (except rice)
4,BAGEL PLAIN GLUTEN FREE,4.0,21.0,105.92,9.52543977,"Wheat/Rye (Bread, pasta, baked goods)"
4,GARLIC PEELED FRESH,1.0,20.0,105.49,9.0718474,Stimulants & Spices (misc.)
2,SQUASH BUTTERNUT PLD FRSH,4.0,40.0,104.84,18.1436948,Fruits (misc.)
3,SPICE CHILI PWDR LIGHT,0.0,18.0,104.25,8.164662660000001,Stimulants
1,CHOCOLATE DARK BLOCK 54%,1.0,11.0,103.87,4.9895160700000005,Cocoa
60,DRESSING RASPBERRY LTE PKT,6.0,33.78,102.96,15.322350258600002,Berries
60,DRESSING FRENCH RED LIGHT PKT,6.0,33.78,99.84,15.322350258600002,Vegetable oils
6,DRESSING BLUE CHEESE POUR BTL,2.0,24.3,99.42,11.022294591,Cheese
1,HONEY PURE HOT JUG,1.0,8.34,99.25,3.7829603658,Sugars and sweeteners
4,OKRA CUT BRD IQF HVY GR A,3.0,60.0,98.61,27.2155422,Vegetables (misc.)
4,SAUCE JAMAICAN JERK WING,2.0,40.222,97.7,18.24439230614,Vegetable oils
4,CHERRY MARA STEM,1.0,32.0,97.34,14.51495584,Fruits (misc.)
24,SAUCE CHILI SWEET,2.0,30.0,95.38,13.6077711,Vegetable oils
12,PIZZA CRUST PAR BKD CAULI PB,2.0,15.8,94.78,7.166759446,"Wheat/Rye (Bread, pasta, baked goods)"
6,SEASONING VEGETABLE GRL MATE,1.0,7.5,94.56,3.401942775,Legumes (misc.)
1,LETTUCE ROMAINE CROWN LEAVES,3.0,30.45,92.61,13.8118876665,Cabbages and other Brassicas (Broccoli)
1,RICE BROWN PARBOILED WHLGRN QC,4.0,102.0,92.48,46.266421740000006,Rice
2,SALAD COLESLAW DIXIE CHPD,3.0,42.0,91.32,19.05087954,Vegetables (misc.)
1,ICE CREAM CHOC,3.0,41.04,91.32,18.6154308648,Ice cream
1,CHEESE CREAM NON DAIRY,1.0,30.0,89.6,13.6077711,Soybeans/Tofu
4,SAUCE GARLIC PEPPER BOOM BOOM,1.0,31.71,88.38,14.3834140527,Vegetable oils
12,PEPPER SWEET VEGGIE FRSH,2.0,24.0,87.96,10.88621688,Legumes (misc.)
1,KALE FRESH ICELS,3.0,93.0,87.78,42.18409041,Cabbages and other Brassicas (Broccoli)
3,SPICE THYME LEAVES WHL,0.0,3.0,87.62,1.36077711,Vegetables (misc.)
6,PEA BLACKEYE,2.0,81.0,87.06,36.74098197,Peas
48,ICE CREAM ORANG NF SHERBET CUP,4.0,37.056,87.0,16.80831886272,Ice cream
1,TOMATO ROMA UTILITY FRESH,3.0,75.0,85.89,34.01942775,Tomatoes
1,ICE CRM PREMIUM CAKE,3.0,42.0,84.96,19.05087954,"Wheat/Rye (Bread, pasta, baked goods)"
1,CAULIFLOWER FRESH,5.0,35.0,84.15,15.875732950000002,Cabbages and other Brassicas (Broccoli)
350,BREAD NAAN PETITE GARLIC&CHILI,2.0,15.4,83.24,6.985322498,"Wheat/Rye (Bread, pasta, baked goods)"
3,BROCCOLI FRESH SWEET BABY,3.0,18.0,82.86,8.164662660000001,Cabbages and other Brassicas (Broccoli)
6,SPICE TURMERIC GROUND,0.0,5.333,81.8,2.4190081092100004,Stimulants & Spices (misc.)
12,SEASONING FRUIT ORIG,1.0,10.5,80.5,4.762719885,Fruits (misc.)
2,SAUCE SWEET AND SOUR,2.0,39.0,80.06,17.69010243,Vegetable oils
6,TOMATO WHOLE PEELD PLM NTRL,2.0,90.0,80.0,40.8233133,Tomatoes
12,PASTA PENNE RIGATE WHL WHEAT,3.0,30.0,79.26,13.6077711,"Wheat/Rye (Bread, pasta, baked goods)"
2,SAUCE BUFFALO SNDW RED HOT,2.0,35.0,78.84,15.875732950000002,"Poultry (chicken, turkey)"
2,MANGO CUBED,2.0,20.0,77.14,9.0718474,Fruits (misc.)
1,SPINACH BABY FRSH,4.0,16.0,76.76,7.25747792,Cabbages and other Brassicas (Broccoli)
6,CHEESE MOZZ LMPS  SLI .75OZ,2.0,18.0,76.74,8.164662660000001,Cheese
4,SAUCE GENERAL TSO,1.0,22.0,75.43,9.97903214,Vegetable oils
1,BARLEY PEARLED DRIED,3.0,60.0,75.42,27.2155422,"Wheat/Rye (Bread, pasta, baked goods)"
384,CREAMER HALF AND HALF PC ASEP,3.0,23.085,74.01,10.47117986145,Milk (cow's milk)
6,CORN BABY WHL,1.0,42.5,73.99,19.277675725,Corn (Maize)
6,JUICE LEMON PSTRZD ULTRA PREM,3.0,39.0,73.83,17.69010243,Citrus Fruit
1,PEPPER JALAPENO FRSH,7.0,14.0,73.69,6.35029318,Stimulants & Spices (misc.)
4,SEASONING BLACKENED REDFISH,0.0,9.0,72.3,4.082331330000001,Fish (finfish)
24,PEA PIGEON GREEN (GANDULES),2.0,47.94,72.26,21.7452182178,Peas
6,JUICE LIME PSTRZD ULTRA PREM,3.0,39.0,72.21,17.69010243,Citrus Fruit
6,BREAD CRUMB PANKO GLUTEN FREE,1.0,15.0,71.79,6.80388555,"Wheat/Rye (Bread, pasta, baked goods)"
12,PEPPER CHIPOTLE IN ADOBO SAUCE,3.0,18.6,70.23,8.436818082,Vegetable oils
1,SUGAR SUB BLUE PACKET,2.0,11.8,68.78,5.3523899660000005,Sugars and sweeteners
12,VINEGAR BALSAMIC ITALY,2.0,25.2,68.56,11.430527724,Stimulants
6,SPICE CORIANDER GRND,0.0,4.5,68.5,2.0411656650000003,Stimulants & Spices (misc.)
12,SAUCE PEPPER HARISSA MILD,1.0,15.0,68.5,6.80388555,Vegetable oils
60,DRESSING FRENCH CREAMY PACKET,4.0,22.52,68.44,10.2149001724,Vegetable oils
1200,SUGAR TURBINADO PACKET CANE,2.0,23.0,67.28,10.43262451,Sugars and sweeteners
3,LETTUCE MIX TUSCAN BABY KALE,4.0,12.0,65.96,5.4431084400000005,Cabbages and other Brassicas (Broccoli)
4,DRESSING 1000 ISLAND POURABLE,1.0,32.92,65.9,14.932260820400002,Vegetable oils
3,SPICE BASIL LEAVES,0.0,5.25,64.74,2.3813599425,Stimulants & Spices (misc.)
2,SAUCE ORANGE GNGR,1.0,20.0,63.64,9.0718474,Citrus Fruit
12,TOFU FIRM SILKEN,2.0,18.5,63.56,8.391458845,Soybeans/Tofu
1,ONION RED JUMBO BOX,3.0,75.0,63.44,34.01942775,Onions and Leeks
6,SPICE PEPPER RED CRUSHED,0.0,4.45,63.4,2.0184860465,Stimulants & Spices (misc.)
1,EGGPLANT FRESH,2.0,54.0,62.56,24.49398798,Other vegetables
6,SEASONING STEAK MONTREAL,0.0,14.0,61.88,6.35029318,Beef & buffalo meat
6,SALSA JALAPENO FIRE ROASTED CA,1.0,37.95,61.21,17.2138304415,Stimulants
4,SAUCE THAI CHILI,1.0,20.0,60.58,9.0718474,Vegetable oils
4,BEEF GRND BULK WAGYU HALAL FZ,1.0,10.0,60.28,4.535923700000001,Beef & buffalo meat
6,BREAD LOAF MGRN GFR SLC,1.0,9.0,59.95,4.082331330000001,"Wheat/Rye (Bread, pasta, baked goods)"
6,BREAD WHITE SNDW GLUTEN FREE,1.0,9.0,59.95,4.082331330000001,"Wheat/Rye (Bread, pasta, baked goods)"
2,DRESSING GREEK FETA CHEESE,1.0,16.5,59.94,7.484274105000001,Cheese
6,MILK ORIGINAL OAT,3.0,65.88,59.73,29.8826653356,Oat milk
1,FLOUR GLUTEN FREE 1 TO 1 BKING,1.0,25.0,59.08,11.33980925,Grains/cereals (except rice)
6,BEAN BUTTER,1.0,33.75,59.02,15.3087424875,Butter
6,TOMATO DICED FIRE ROASTED,1.0,38.25,58.27,17.3499081525,Tomatoes
1,SOYBEAN WHOLE SHELLED EDAMAME,1.0,24.0,56.61,10.88621688,Soybeans/Tofu
6,CORN BABY WHL CUT,2.0,84.0,56.54,38.10175908,Corn (Maize)
1,BREAD NAAN DIPPERS MINI,3.0,6.0,56.49,2.72155422,"Wheat/Rye (Bread, pasta, baked goods)"
4,VINEGAR RICE GENUINE BREWED,1.0,37.0,55.66,16.78291769,Rice
12,TURKEY HAM SLI FRZ,1.0,12.0,55.17,5.4431084400000005,"Poultry (chicken, turkey)"
1,BANANA SLICE IQF,2.0,40.0,54.56,18.1436948,Bananas
6,VINEGAR CIDER APPLE 5% 50 GRN,2.0,96.0,54.4,43.54486752,Stimulants
12,PASTA ORECCHIETTE,2.0,24.0,54.1,10.88621688,"Wheat/Rye (Bread, pasta, baked goods)"
2,DRESSING VINGRT BLOOD ORG SHAL,1.0,17.86,53.99,8.1011597282,Vegetable oils
1,FLOUR ALL PURP GLUTEN FREE,1.0,25.0,53.76,11.33980925,Grains/cereals (except rice)
1,MUSHROOM BUTTON FRESH,2.0,20.0,50.82,9.0718474,Vegetables (misc.)
2,SAUCE REMOULADE,1.0,15.868,49.36,7.197603727160001,Vegetable oils
24,GINGER PICKLED PINK SUSHI,1.0,10.0,48.94,4.535923700000001,Rice
4,MAYONNAISE HEAVY DUTY,1.0,29.0,48.84,13.15417873,Vegetable oils
6,SAUCE HOISIN,1.0,35.45,46.71,16.0798495165,Vegetable oils
1,TOMATO SUNDRIED JULIENNE,1.0,5.0,46.47,2.2679618500000003,Tomatoes
4,PEPPER CHERRY HOT SLICED,1.0,32.0,44.8,14.51495584,Fruits (misc.)
2,SAUCE CHIPOTLE ANCHO SANDWICH,1.0,17.33,44.1,7.860755772099999,Vegetable oils
48,ICE CREAM BAR FUDGE,2.0,19.488,43.88,8.83960810656,Ice cream
4,VINEGAR DISTILLED WHITE 5%,2.0,64.0,43.7,29.02991168,Stimulants
3,SAUCE PESTO CILANTRO,1.0,5.63,43.53,2.5537250431,Vegetable oils
1,SQUASH YEL S/N SMALL FCY FRESH,2.0,38.0,43.48,17.23651006,Fruits (misc.)
4,CHEESE CREAM PLAIN VEGAN,1.0,8.0,42.5,3.62873896,Cream
12,SAUCE CHILI HOT SRIRACHA,1.0,21.0,41.91,9.52543977,Vegetable oils
2,CHEESE GOAT CRUMBLES,1.0,4.0,40.71,1.81436948,Lamb/mutton & goat meat
6,GLAZE BALSAMIC,2.0,9.8,40.7,4.445205226000001,Stimulants
10,POWDER WASABI,0.0,6.6,40.05,2.993709642,Vegetables (misc.)
4,SWEETENER LIQUID AGAVE,1.0,13.05,39.83,5.9193804285,Sugars and sweeteners
6,SPICE CUMIN GRND,0.0,5.25,39.24,2.3813599425,Stimulants & Spices (misc.)
1,GINGER ROOT FRESH,2.0,10.0,39.1,4.535923700000001,Roots and Tubers
900,MARGARINE SPREAD ZTF,1.0,9.92,37.7,4.499636310400001,Butter
12,SUGAR CONFECTIONER 10X CANE,1.0,24.0,37.28,10.88621688,Sugars and sweeteners
30,MARGARINE SOLID NH NPK,1.0,30.0,36.69,13.6077711,Butter
4,MUSTARD YELLOW PRPD,1.0,33.6,36.59,15.240703632,Tree nuts and seeds
12,SAUCE SOY,2.0,15.5,36.42,7.030681735,Vegetable oils
4,SYRUP CANE 100% PURE,1.0,11.9,35.84,5.397749203,Sugars and sweeteners
2,DRESSING BALSAMIC VINGT GARLIC,1.0,17.0,35.84,7.71107029,Vegetable oils
4,SYRUP CINNAMON,1.0,12.0,35.61,5.4431084400000005,Sugars and sweeteners
6,PASTE MISO WHT KOSHI,1.0,4.95,34.39,2.2452822315,Stimulants
6,SPICE CINNAMON GRND,0.0,4.5,34.0,2.0411656650000003,Stimulants & Spices (misc.)
6,SPICE THYME GROUND,0.0,1.426,32.0,0.64682271962,Vegetables (misc.)
1,SQUASH BUTTERNUT FRESH,1.0,50.0,31.7,22.6796185,Fruits (misc.)
4,GIARDINIERA GREEK,1.0,32.0,31.56,14.51495584,Other vegetables
1,CRANBERRY DRIED CRAISINS,1.0,10.0,31.45,4.535923700000001,Fruits (misc.)
1,ONION YELLOW SPR COLOSSAL BOX,1.0,50.0,29.01,22.6796185,Onions and Leeks
1,BEAN LENTIL DRIED,1.0,20.0,28.61,9.0718474,Beans and pulses (dried)
2,VINEGAR RICE SEASONED GOURM,1.0,20.3,28.55,9.207925111000002,Rice
1,PEPPER GREEN BELL MEDIUM FRESH,1.0,25.0,28.16,11.33980925,Stimulants & Spices (misc.)
1,PARSNIP FRESH,1.0,20.0,26.21,9.0718474,Uncategorized
24,SPICE PEPPERCORN GREEN/BRINE,0.0,2.5,25.75,1.133980925,Corn (Maize)
3,SPICE BAY LEAVES WHL,0.0,0.5,25.19,0.226796185,Stimulants & Spices (misc.)
1,BASIL FRESH THAI HERB,2.0,2.0,24.02,0.90718474,Stimulants & Spices (misc.)
1,CARROT FRESH JUMBO,1.0,50.0,23.74,22.6796185,Root Vegetables
1,ONIONS CRISPY FRIED,4.0,3.52,22.44,1.5966451424,Onions and Leeks
2,FLOUR ALL PURP H&R BL EN MLT,1.0,50.0,21.91,22.6796185,Grains/cereals (except rice)
4,VINEGAR DISTILLED WHITE 4%,1.0,37.0,19.83,16.78291769,Stimulants
6,SPICE FENNEL SEED WHL,0.0,0.858,16.71,0.38918225346,Tree nuts and seeds
1,DILL BABY FRESH HERB,1.0,0.25,6.03,0.1133980925,Stimulants & Spices (misc.)
1,EGG SHELL LG WHT PASTEURIZED,0.0,0.0,0.0,0.0,Eggs
1,EGG SHELL LRG BRN A CAGE FREE,0.0,0.0,0.0,0.0,Eggs
6,SAUCE CHILI THAI SWEET/SPICY,0.0,0.0,0.0,0.0,Vegetable oils
2,TURKEY BREAST BRAISED,102.0,1901.66,8346.39,862.5784663342001,"Poultry (chicken, turkey)"
2,CHICKEN BRST BRD CRSPY  RAW,145.0,1450.0,5833.35,657.7089365,"Poultry (chicken, turkey)"
2,BEEF BRISKET SLICED SMKD CKD,24.0,469.1,5087.86,212.780180767,Beef & buffalo meat
6,BEEF PASTRAMI BRSK HRW SMK SLI,34.0,408.0,4234.25,185.06568696,Beef & buffalo meat
2,BEEF FOR STEW FRZN,58.0,587.77,3975.68,266.6079873149,Beef & buffalo meat
6,TUNA LIGHT SKIPJACK POUCH PACK,34.0,567.8,3217.74,257.549747686,Fish (finfish)
2,HAM 4X6 CKD DOMESTIC35%HW97%FF,42.0,966.0,3162.7,438.17022942,Pork (pig meat)
2,MEATBALL BEEF ITAL STYLE 1 OZ,60.0,600.0,3029.45,272.155422,Beef & buffalo meat
1,CHIP VARIETY FRITO LAY,61.0,400.16,2607.41,181.5095227792,"Wheat/Rye (Bread, pasta, baked goods)"
2,TOMATO SLI FRSH FC XL,80.0,1680.0,2570.4,762.0351816,Tomatoes
2,BACON PRECOOKED REGULAR SLICE,44.0,180.4,2497.24,81.828063548,Pork (pig meat)
4,BEEF GROUND BULK 81/19 BRKT FZ,24.0,480.0,2297.04,217.7243376,Beef & buffalo meat
104,CHIP POTATO REG SNG SRV,48.0,312.0,2242.56,141.52081944,"Wheat/Rye (Bread, pasta, baked goods)"
2,CHICKEN FAJ BRST STRIP CKD,41.0,410.0,2154.96,185.9728717,"Poultry (chicken, turkey)"
2,PORK PULLED SMOKED,36.0,360.0,2073.78,163.2932532,Pork (pig meat)
1,HONEY PURE HOT JUG,18.0,150.12,1786.5,68.0932865844,Sugars and sweeteners
8,CHEESE PEPPER JACK SLI .75OZ,37.0,444.0,1773.52,201.39501228,Cheese
4,LETTUCE SHREDDED 1/8 IN FRESH,63.0,1260.0,1596.42,571.5263862,Cabbages and other Brassicas (Broccoli)
4,ONION RED FRSH SLICED 1/8,22.0,440.0,1524.38,199.5806428,Onions and Leeks
1,BANANA FRESH RIPE/READY,56.0,2299.752,1513.68,1043.14996009224,Bananas
104,CHIP POTATO BBQ SS,31.0,201.5,1448.32,91.398862555,"Wheat/Rye (Bread, pasta, baked goods)"
6,HAM PROSCIUTTO SLICE,14.0,84.0,1442.14,38.10175908,Pork (pig meat)
4,MAYONNAISE HEAVY DUTY,30.0,870.0,1423.4,394.6253619,Vegetable oils
12,GUACAMOLE CALIFORNIA HPP FRZ,22.0,264.0,1349.98,119.74838568,Fruits (misc.)
1,COFFEE COLD BREW BIB,10.0,420.0,1345.66,190.5087954,Coffee
1,APPLE RED DEL FANCY FRESH,36.0,1440.0,1325.76,653.1730128,Apples
2,BEEF BRISKET WHOLE SMKD CKD,6.0,119.75,1257.14,54.3176863075,Beef & buffalo meat
8,CHEESE SWISS SLI .5OZ,22.0,264.0,1247.86,119.74838568,Cheese
48,COOKIE OATMEAL RSN BKD T&S,45.0,270.0,1196.55,122.4699399,"Wheat/Rye (Bread, pasta, baked goods)"
8,CHEESE PROV NONSMK SLI .75,25.0,300.0,1193.36,136.077711,Cheese
1,ORANGE FANCY FRESH,32.0,1280.0,1177.1,580.5982336000001,Citrus Fruit
48,COOKIE CHOC CHIP BKD T&S,43.0,258.0,1153.69,117.02683146,"Wheat/Rye (Bread, pasta, baked goods)"
72,COOKIE SNICKERDOODLE BKD,45.0,202.5,1129.5,91.852454925,"Wheat/Rye (Bread, pasta, baked goods)"
4,BEEF TACO MEAT FC,15.0,300.0,1095.0,136.077711,Beef & buffalo meat
4,CHEESE AMER 160 DELI SLI YEL,17.0,340.0,1016.55,154.2214058,Cheese
8,CHEESE CHDR MLD SLI INT .75 YL,20.0,240.0,922.68,108.8621688,Cheese
4,BEEF ROAST SLI TOP RND C/O 10,11.0,110.0,911.57,49.895160700000005,Beef & buffalo meat
4,CHEESE MOZZARELLA SHRD WHL MLK,14.0,280.0,880.01,127.0058636,Cheese
4,PEPPER BANANA HOT RING,16.0,532.16,839.84,241.3837156192,Bananas
5,MEAT ALTERNATE JACKFRUIT NKD,19.0,181.07,834.67,82.1319704359,Fruits (misc.)
64,CHIP POTATO BBQ LSS,18.0,108.0,814.32,48.98797596,"Wheat/Rye (Bread, pasta, baked goods)"
6,PEPPER RED STRIPS FIRE RSTD,12.0,450.0,810.25,204.1165665,Stimulants & Spices (misc.)
1,SYRUP LIQUID SWTNR NON NUTRITV,6.0,131.16,791.58,59.4931752492,Sugars and sweeteners
6,SAUCE PIZZA PRPD,14.0,574.0,736.4,260.36202038,Vegetable oils
6,VEGETABLE BLND RST PEPR ONION,20.0,300.0,734.2,136.077711,Legumes (misc.)
80,SNACK CHIP PLANTAIN 1.OZ,18.0,90.0,663.84,40.8233133,"Wheat/Rye (Bread, pasta, baked goods)"
96,BROWNIE COOKIE BAR,8.0,187.2,645.52,84.912491664,"Wheat/Rye (Bread, pasta, baked goods)"
38,CHICKEN BRST VEGTRN BREADED RW,8.0,95.0,633.6,43.09127515,Legumes (misc.)
4,HAM HONEY SMK SLI .67OZ,10.0,100.0,560.7,45.359237,Pork (pig meat)
1,PLANTBASED MEATBALL VEGAN,9.0,90.0,537.84,40.8233133,Legumes (misc.)
1,PICKLE DILL CHIP KK 1/4IN,15.0,682.5,508.05,309.57679252500003,"Wheat/Rye (Bread, pasta, baked goods)"
1,SYRUP LIQUID SWEETENER HFCS,16.0,892.96,503.68,405.03984271520005,Sugars and sweeteners
2,SAUCE MASALA TIKKA,14.0,112.0,498.82,50.80234544,Vegetable oils
2,BROWNIE CHEESECAKE PRE-CUT,11.0,132.0,496.98,59.874192840000006,Cheese
210,MAYONNAISE REAL STICK PACK GF,12.0,59.04,460.56,26.7800935248,Vegetable oils
6,CHEESE MOZZ FRSH SLI 18 CT,12.0,72.0,449.4,32.658650640000005,Cheese
2,CAULIFLOWER FLORET LRG CUT,13.0,83.85,446.03,38.0337202245,Cabbages and other Brassicas (Broccoli)
12,TOFU EXTRA FIRM WTR PK NON-GMO,23.0,276.0,443.44,125.19149412,Soybeans/Tofu
4,CHEESE CHDR MILD FTHR SHRD YEL,7.0,140.0,418.16,63.502931800000006,Cheese
2,BROWNIE CHOC CHIP PRCT,9.0,108.0,406.62,48.98797596,"Wheat/Rye (Bread, pasta, baked goods)"
6,CHEESE PROVOLONE SLICED .75 TP,11.0,99.0,396.81,44.905644630000005,Cheese
2,MEAT ALTERNATE SEITAN BULK,8.0,80.0,377.04,36.2873896,Soybeans/Tofu
3,OIL OLIVE POMACE,3.0,69.0,347.22,31.29787353,Olives (Oil)
1,MUSHROOM PORT SLCD FRESH,15.0,75.0,334.5,34.01942775,Vegetables (misc.)
4,SALAMI GENOA SLICED .33OZ,6.0,60.0,331.26,27.2155422,Pork (pig meat)
2,MEAT ALTERNATE SEITAN STRIP,7.0,70.0,321.86,31.751465900000003,Soybeans/Tofu
2,SAUSAGE ITAL BULK MILD,10.0,100.0,320.9,45.359237,Pork (pig meat)
3,MANGO DICED,7.0,105.0,316.47,47.62719885,Fruits (misc.)
5,HAM CAPICOLA SLI,5.0,50.0,312.86,22.6796185,Pork (pig meat)
4,SAUCE WING BUFFALO RTU,4.0,141.8,297.8,64.319398066,"Poultry (chicken, turkey)"
4,SAUCE BBQ ORIGINAL,5.0,194.0,293.95,87.99691978,Vegetable oils
8,CHEESE VEGAN CHED SLI,5.0,60.0,290.8,27.2155422,Soybeans/Tofu
4,DIP HUMMUS TRADITIONAL,6.0,90.0,285.18,40.8233133,Vegetable oils
6,PEPPER JALAPENO SLI,6.0,233.7,276.86,106.004536869,Stimulants & Spices (misc.)
12,PEPPER CHIPOTLE IN ADOBO SAUCE,11.0,68.2,257.51,30.934999634000004,Vegetable oils
1,SANITIZER OASIS 146 MULTI QUAT,2.0,41.6,254.9,18.869442592,Uncategorized
4,CABBAGE GREEN SHRD FRSH W/BAG,10.0,200.0,249.8,90.718474,Cabbages and other Brassicas (Broccoli)
6,LETTUCE ROMAINE SHREDDED 3/8,7.0,84.0,245.14,38.10175908,Cabbages and other Brassicas (Broccoli)
1,DETERGENT POT/PAN PANTASTIC,2.0,92.0,241.64,41.73049804,Uncategorized
6,SEASONING STEAK MONTREAL,0.0,27.348,232.43,12.40484413476,Beef & buffalo meat
50,SAUSAGE VEGETARIAN ITAL HOT,2.0,22.0,229.48,9.97903214,Legumes (misc.)
50,SAUSAGE VEGETARIAN ITAL SWT,2.0,22.0,229.48,9.97903214,Legumes (misc.)
4,DRESSING MAYONNAISE VEGAN,2.0,62.08,225.44,28.1590143296,Soybeans/Tofu
4,DRESSING RANCH,2.0,107.25,224.32,48.6477816825,Vegetable oils
2,CHICKEN BRST BRD PCK HMSTY,7.0,70.0,219.1,31.751465900000003,"Poultry (chicken, turkey)"
24,WATER SPRING SPORT TOP,15.0,608.25,216.75,275.8975590525,Uncategorized
4,SPREAD FRUIT FIG,3.0,42.36,203.58,19.2141727932,Fruits (misc.)
2,TOMATO DICED 3/8IN TRAY,9.0,90.0,188.28,40.8233133,Tomatoes
80,CHICKEN 8PC IF CUT,2.0,57.6,183.64,26.126920512,"Poultry (chicken, turkey)"
6,BREAD WHITE SNDW GLUTEN FREE,3.0,27.0,179.85,12.24699399,"Wheat/Rye (Bread, pasta, baked goods)"
2,COD FIL BTRD PRTN BEER 2-3OZ,2.0,20.0,179.58,9.0718474,Fish (finfish)
4,LETTUCE CHOPPED PLAIN 1X1,6.0,120.0,175.5,54.4310844,Cabbages and other Brassicas (Broccoli)
1,PEAR FRESH,3.0,114.0,174.62,51.70953018,Fruits (misc.)
5,TEMPEH SOY,4.0,48.0,165.12,21.77243376,Soybeans/Tofu
12,SAUCE CHILI SWEET THAI,4.0,96.0,155.16,43.54486752,Vegetable oils
2,ONION RED DICED 3/8,4.0,40.0,153.9,18.1436948,Onions and Leeks
4,DRESSING COLESLAW,2.0,70.32,145.78,31.8966154584,Vegetable oils
3,DETERGENT POT/PAN HAND SMARTPW,1.0,6.0,137.44,2.72155422,Uncategorized
1,CUCUMBER FRESH MARINADE SLD,6.0,30.0,136.56,13.6077711,Other vegetables
6,PRESERVE FIG,3.0,24.39,131.1,11.0631179043,Uncategorized
4,ONION DICED 3/8 YEL,3.0,60.0,129.99,27.2155422,Onions and Leeks
30,BUTTER SOLID USDA AA SLTD,1.0,30.0,126.46,13.6077711,Butter
6,SNACK BAR PNUT BTR DARK CHOC,1.0,6.3,122.98,2.857631931,Tree nuts and seeds
1,PEPPER RED BELL FRESH,6.0,30.0,114.13,13.6077711,Stimulants & Spices (misc.)
4,SAUCE BBQ KOREAN,2.0,38.914,113.98,17.651093486180002,Vegetable oils
4,GARLIC PEELED FRESH,1.0,20.0,105.51,9.0718474,Stimulants & Spices (misc.)
6,LETTUCE ROMAINE CHOP,3.0,36.0,105.06,16.329325320000002,Cabbages and other Brassicas (Broccoli)
16,CHICKEN CVP 8PC CUT TR HAL,1.0,50.0,103.25,22.6796185,"Poultry (chicken, turkey)"
1,SQUASH YELLOW FCY FRSH,7.0,35.0,102.77,15.875732950000002,Fruits (misc.)
2,ARUGULA BABY FRESH,6.0,24.0,102.42,10.88621688,Cabbages and other Brassicas (Broccoli)
20,BROCCOLI RABE ICELESS,2.0,40.0,100.4,18.1436948,Cabbages and other Brassicas (Broccoli)
2,CHEESE VEGAN MOZZ SHRED,2.0,20.0,99.88,9.0718474,Soybeans/Tofu
4,VINEGAR WINE RED 5% 50 GRN,2.0,64.0,95.37,29.02991168,Stimulants
1,EGGPLANT FRESH,3.0,81.0,93.86,36.74098197,Other vegetables
1,EGG HARDBOILED WHL PEEL SEL,2.0,20.0,85.34,9.0718474,Eggs
2,SOUP CHOWDER CHKN CORN FRZN,2.0,32.0,82.76,14.51495584,"Poultry (chicken, turkey)"
80,WATER BOTTLED  PURIFD DRINKING,4.0,176.0,82.56,79.83225712000001,Uncategorized
4,GARLIC PEELED CHINESE,0.0,25.0,78.1,11.33980925,Stimulants & Spices (misc.)
2,VINEGAR BALSAMIC,4.0,72.0,77.92,32.658650640000005,Stimulants
1,SQUASH ZUCCHINI MEDIUM FRESH,3.0,60.0,72.54,27.2155422,Other vegetables
6,SPICE PEPPER PACKET .1 GM,2.0,2.92,69.6,1.3244897204,Stimulants & Spices (misc.)
4,MAYONNAISE DRESSING VEGENAISE,1.0,32.0,69.08,14.51495584,Vegetable oils
1,SQUASH ZUCCHINI FCY FRESH,6.0,30.0,65.26,13.6077711,Other vegetables
1000,KETCHUP PACKET FOIL,2.0,30.86,62.9,13.9978605382,Tomatoes
500,MUSTARD BROWN SPCY PACKETS,2.0,19.84,60.0,8.999272620800001,Tree nuts and seeds
4,SAUCE SOY,1.0,40.0,58.03,18.1436948,Vegetable oils
1,PEPPER GREEN BELL LARGE FRESH,2.0,50.0,56.32,22.6796185,Stimulants & Spices (misc.)
4,CABBAGE RED SHRED 1/8,1.0,35.262,55.1,15.99457415094,Cabbages and other Brassicas (Broccoli)
2,SALSA PICO DE GALLO,2.0,20.0,54.5,9.0718474,Stimulants
2,CHEESE PARM SHRD USA,1.0,10.0,53.6,4.535923700000001,Cheese
1,BANANA FRESH GREEN,2.0,86.0,50.58,39.00894382,Bananas
4,MUSTARD BROWN SPCY,0.0,32.0,47.64,14.51495584,Tree nuts and seeds
6,SEASONING ITALIAN,0.0,2.25,46.26,1.0205828325,Stimulants & Spices (misc.)
6,SALT PKT .6 GM,2.0,15.86,46.12,7.1939749882,Stimulants & Spices (misc.)
4,SOUP CHICKEN NOODLE RTU,1.0,16.0,41.29,7.25747792,"Poultry (chicken, turkey)"
2,SOUP LENTIL VEGETERIAN,1.0,16.0,39.45,7.25747792,Beans and pulses (dried)
1,LETTUCE SPRING MIX CONV PLLW,3.0,9.0,37.65,4.082331330000001,Cabbages and other Brassicas (Broccoli)
1,BASIL FRESH,2.0,4.0,37.36,1.81436948,Stimulants & Spices (misc.)
1,CILANTRO FRESH ICELESS,1.0,16.0,37.11,7.25747792,Stimulants & Spices (misc.)
4,CARROT SHRD FRSH MATCH STK,1.0,20.0,36.26,9.0718474,Root Vegetables
6,PASTE MISO WHT KOSHI,1.0,4.95,34.39,2.2452822315,Stimulants
1,MUSHROOM OYSTER WHT #1 FRSH,1.0,5.0,32.13,2.2679618500000003,Vegetables (misc.)
1,SQUASH YELLOW S/N MEDIUM FRESH,1.0,24.0,28.95,10.88621688,Fruits (misc.)
1,RADISH DAIKON,1.0,10.0,28.37,4.535923700000001,Root Vegetables
1,BANANA FRESH PETITE RIPE,1.0,40.0,27.03,18.1436948,Bananas
12,PASTA PENNE RIGATE,1.0,12.0,26.82,5.4431084400000005,"Wheat/Rye (Bread, pasta, baked goods)"
6,SPICE FIVE CHINESE,0.0,1.05,24.04,0.4762719885,Stimulants & Spices (misc.)
1,MUSHROOM SLCD FRESH,1.0,10.0,23.16,4.535923700000001,Vegetables (misc.)
4,VINEGAR DISTILLED WHITE 5%,1.0,32.0,21.85,14.51495584,Stimulants
4,SHALLOT PEELED FRESH,0.0,4.0,21.71,1.81436948,Onions and Leeks
6,SPICE PAPRIKA SMK,0.0,1.062,21.15,0.48171509694,Stimulants & Spices (misc.)
1,PEPPER JALAPENO FRESH,1.0,10.0,19.85,4.535923700000001,Stimulants & Spices (misc.)
1,SPICE PEPPER RED CRUSHED,0.0,0.666,19.75,0.30209251842,Stimulants & Spices (misc.)
12,JUICE LEMON,1.0,26.8,19.54,12.156275516,Citrus Fruit
6,SNACK BAR CARAMEL ALMD SEA SLT,0.0,1.05,19.36,0.4762719885,Tree nuts and seeds
6,SNACK BAR DK CHOC NUT SEA SALT,0.0,1.283,18.84,0.58195901071,Tree nuts and seeds
6,SNACK BAR BLUBRY VAN & CASHEW,0.0,1.05,18.79,0.4762719885,Tree nuts and seeds
6,SNACK BAR CHOC DARK CHRY CASHW,0.0,1.166,18.56,0.5288887034199999,Tree nuts and seeds
1,PEPPER GREEN BELL FRSH LG,1.0,5.4,17.7,2.4493987980000003,Stimulants & Spices (misc.)
24,CAKE POUND IND WRPD,1.0,2.425,17.49,1.09996149725,"Wheat/Rye (Bread, pasta, baked goods)"
6,SPICE GARLIC POWDER,0.0,2.0,17.38,0.90718474,Stimulants & Spices (misc.)
6,SPICE CURRY POWDER,0.0,1.008,16.13,0.45722110896,Stimulants & Spices (misc.)
6,SPICE ONION POWDER,0.0,2.616,15.86,1.18659763992,Stimulants & Spices (misc.)
1,CUCUMBER ENGLISH LONG,1.0,12.0,14.25,5.4431084400000005,Other vegetables
6,PAD SCRUB S-S 50 GRAM 1.75 OZ,0.0,1.783,13.73,0.80875519571,Uncategorized
1,CARROT MATCHSTICK PREMIUM,1.0,5.0,11.95,2.2679618500000003,Root Vegetables
6,SAUCE OYSTER MSG PANDA,0.0,5.0,7.75,2.2679618500000003,Vegetable oils
1,EGG HARDBOILED WHL PEEL SEL,0.0,0.0,0.0,0.0,Eggs
6,LETTUCE ROMAINE CHOPPED FRSH,0.0,0.0,0.0,0.0,Cabbages and other Brassicas (Broccoli)
1,BANANA FRESH GREEN TIP,0.0,0.0,0.0,0.0,Bananas
24,WATER SPRING SPORT TOP,92.0,3730.6,1348.6,1692.171695522,Uncategorized
24,DRINK ENERGY REDBULL SF,25.0,360.0,1212.5,163.2932532,Stimulants
6,MILK 2% UHT RDUC FAT,50.0,1375.0,872.28,623.6895087500001,Milk (cow's milk)
24,DRINK ENERGY RED BULL,16.0,199.2,776.8,90.355600104,Stimulants
6,MILK HOMOGENIZED ESL,39.0,1025.7,726.44,465.249693909,Milk (cow's milk)
6,MILK ORIGINAL OAT XTRA CREAMY,24.0,527.04,477.84,239.0613226848,Oat milk
2,CREAMER HALF & HALF SHELF STAB,5.0,120.0,294.9,54.4310844,Milk (cow's milk)
12,SPREAD HUMMUS RED PEPR W/PRETZ,8.0,24.64,254.48,11.1765159968,Vegetable oils
2,MILK 2% SHELF STABLE,6.0,144.0,243.84,65.31730128000001,Milk (cow's milk)
1,BANANA FRESH RIPE/READY,8.0,328.536,216.24,149.02142287032,Bananas
12,YOGURT PLAIN NONFAT GREEK,11.0,43.725,215.16,19.833326378250003,Yogurt
48,NUT CASHEW WHL RSTD SLTD,2.0,13.5,195.96,6.123496995,Tree nuts and seeds
12,SPREAD HUMMUS RST GRLC W/PRETZ,6.0,18.48,190.8,8.382386997600001,Vegetable oils
12,SPREAD HUMMUS CLS W/PRETZELS,6.0,18.48,190.8,8.382386997600001,"Wheat/Rye (Bread, pasta, baked goods)"
12,YOGURT STWBRY GREEK NON FAT,8.0,32.0,156.48,14.51495584,Yogurt
6,MILK ALMOND ORIGINAL,7.0,168.0,144.69,76.20351816,Almond milk
12,YOGURT COCONUT ALMND LOCO FLIP,7.0,27.86,144.2,12.6370834282,Yogurt
48,NUT ALMOND,1.0,6.75,140.72,3.0617484975,Tree nuts and seeds
12,YOGURT VANILLA GREEK NON FAT,7.0,31.5,136.92,14.288159655,Yogurt
64,CHIP POTATO SALT & VNGR KETTLE,3.0,16.5,135.72,7.484274105000001,"Wheat/Rye (Bread, pasta, baked goods)"
8,CANDY BAR SNICKER 1.86 OZ,0.0,11.16,125.68,5.0620908492000005,Sugars and sweeteners
12,YOGURT MANGO GREEK 2%,6.0,24.0,117.36,10.88621688,Yogurt
12,YOGURT PEACH GREEK NONFAT,6.0,24.0,117.36,10.88621688,Yogurt
12,YOGURT BLUEBERRY GREEK NON FAT,6.0,24.0,117.36,10.88621688,Yogurt
4,SNACK BAR RICE KRISPIES TREAT,2.0,13.1,112.96,5.942060047,"Wheat/Rye (Bread, pasta, baked goods)"
6,SNACK BAR CHOC DARK CHRY CASHW,0.0,7.0,111.36,3.17514659,Tree nuts and seeds
12,YOGURT KEY LIME CRUMBLE FLIP,5.0,25.0,103.0,11.33980925,Yogurt
48,CRACKER RITZ BIT SND W/CHS T/P,3.0,9.0,94.5,4.082331330000001,"Wheat/Rye (Bread, pasta, baked goods)"
64,CHIP POTATO REG LG SS,2.0,12.0,90.48,5.4431084400000005,"Wheat/Rye (Bread, pasta, baked goods)"
64,CHIP TORTILLA COOL RANCH LSS,2.0,14.0,90.48,6.35029318,"Wheat/Rye (Bread, pasta, baked goods)"
24,CHIP PITA LSS SIMPLY NAKED,5.0,11.25,79.64,5.1029141625,"Wheat/Rye (Bread, pasta, baked goods)"
12,YOGURT BLACK CHERRY GREEK NF,4.0,18.0,78.24,8.164662660000001,Yogurt
6,SNACK BAR PEANUT BUTR CHOC,0.0,5.333,75.6,2.4190081092100004,Peas
24,CEREAL HOT OATMEAL APPLE CINN,2.0,5.172,72.26,2.34597973764,Grains/cereals (except rice)
100,CHEESE CREAM ORIG SPREAD CUP,2.0,9.376,70.97,4.25288206112,Cheese
6,SNACK BAR CARAMEL ALMD SEA SLT,0.0,3.15,58.08,1.4288159655,Tree nuts and seeds
6,SNACK BAR CRAN ALMOND PLUS,0.0,3.5,57.75,1.587573295,Tree nuts and seeds
6,SNACK BAR BLUBRY VAN & CASHEW,0.0,3.15,56.37,1.4288159655,Tree nuts and seeds
120,COOKIE SANDWICH OREO 1.59 OZ,1.0,11.88,54.86,5.3886773556000005,"Wheat/Rye (Bread, pasta, baked goods)"
12,HONEY PURE CLVR GR A TSC BEAR,1.0,8.8,52.89,3.9916128560000006,Sugars and sweeteners
24,CHIP PITA LSS PRMSN GRLIC HERB,3.0,6.75,47.79,3.0617484975,"Wheat/Rye (Bread, pasta, baked goods)"
64,CHIP POTATO JALAPENO KETTLE,1.0,5.5,45.24,2.4947580350000003,"Wheat/Rye (Bread, pasta, baked goods)"
64,CHIP TORTILLA NACHO CHS LSS,1.0,7.0,45.24,3.17514659,"Wheat/Rye (Bread, pasta, baked goods)"
2,BROWNIE CHOC CHIP PRCT,1.0,12.0,45.18,5.4431084400000005,"Wheat/Rye (Bread, pasta, baked goods)"
2000,SUGAR SUB SWEETENER SPLENDA,1.0,4.4,39.83,1.9958064280000003,Sugars and sweeteners
24,CEREAL OATMEAL MAPLE BRN SUG,1.0,2.886,36.36,1.3090675798200002,Grains/cereals (except rice)
12,YOGURT POMEGRANATE GREEK NF,2.0,9.0,36.06,4.082331330000001,Yogurt
1200,SUGAR TURBINADO PACKET CANE,1.0,11.5,33.64,5.216312255,Sugars and sweeteners
6,DETERGENT POT & PAN LIQUID,1.0,13.0,32.18,5.8967008100000005,Uncategorized
6,MILK ALMOND UNSWT,1.0,25.17,24.45,11.4169199529,Almond milk
200,JUICE LEMON PACKET,2.0,3.52,23.84,1.5966451424,Citrus Fruit
2000,SUGAR PACKET,1.0,12.5,17.75,5.669904625,Sugars and sweeteners
6,EGG SCRAMBLE MIX BNB,9.0,270.0,698.76,122.4699399,Eggs
12,MILK HOMOGENIZED UHT,21.0,541.8,380.73,245.756346066,Milk (cow's milk)
72,OMELET EGG W/CHEESE IQF FLDED,5.0,75.5,359.55,34.246223935,Cheese
12,CREAMER HALF & HALF ESL,7.0,179.55,306.04,81.44251003350001,Milk (cow's milk)
24,DRINK ENERGY REDBULL SF,6.0,86.4,291.0,39.190380768,Stimulants
24,WATER SPRING SPORT TOP,13.0,527.15,189.13,239.1112178455,Uncategorized
24,DRINK ENERGY RED BULL,3.0,37.35,145.65,16.9416750195,Stimulants
2,SOUP CHICKEN VEG SUMMER FRZN,3.0,48.0,120.3,21.77243376,Legumes (misc.)
6,MILK ORIGINAL OAT,6.0,131.76,119.46,59.7653306712,Oat milk
2,SOUP LENTIL VEGETERIAN,3.0,48.0,116.97,21.77243376,Beans and pulses (dried)
24,MILK CONDENSED SWEETENED,2.0,42.0,115.02,19.05087954,Milk (cow's milk)
6,MILK ORIGINAL OAT XTRA CREAMY,5.0,109.8,99.55,49.804442226,Oat milk
2,SOUP CHICKEN & DUMPLING,2.0,32.0,97.44,14.51495584,"Poultry (chicken, turkey)"
12,SPREAD HUMMUS RED PEPR W/PRETZ,3.0,9.24,95.43,4.191193498800001,Vegetable oils
12,SPREAD HUMMUS RST GRLC W/PRETZ,3.0,9.24,95.4,4.191193498800001,Vegetable oils
12,SPREAD HUMMUS CLS W/PRETZELS,3.0,9.24,95.4,4.191193498800001,"Wheat/Rye (Bread, pasta, baked goods)"
12,MILK SKIM UHT,6.0,155.34,92.7,70.4610387558,Milk (cow's milk)
2,SOUP ITALIAN WEDDING W/MTBALLS,2.0,32.0,87.22,14.51495584,Lamb/mutton & goat meat
60,CEREAL ASSORTED CLASSIC PK CP,1.0,9.0,81.73,4.082331330000001,Grains/cereals (except rice)
2,SOUP MINESTRONE RTU REFRI,2.0,32.0,81.24,14.51495584,"Wheat/Rye (Bread, pasta, baked goods)"
6,EGG SCRAMBLE MIX,1.0,30.0,80.43,13.6077711,Eggs
2,SOUP MNSTRN FRZN,2.0,32.0,71.52,14.51495584,Uncategorized
4,JUICE ORANGE PURE PRE NO PULP,1.0,32.0,55.58,14.51495584,Citrus Fruit
12,HONEY PURE CLVR GR A TSC BEAR,1.0,8.8,52.89,3.9916128560000006,Sugars and sweeteners
2,SOUP BUTTERNUT & APPLE,1.0,0.16,50.34,0.0725747792,Fruits (misc.)
12,MILK CHOC 1% SHELF STABLE,2.0,23.2,46.62,10.523342984,Milk (cow's milk)
12,TEA LEMON PETE BTL,4.0,60.0,44.64,27.2155422,Citrus Fruit
1,CAKE POUND SLI LMN,2.0,8.5,41.44,3.855535145,"Wheat/Rye (Bread, pasta, baked goods)"
2,SOUP CHOWDER CHKN CORN FRZN,1.0,16.0,41.38,7.25747792,"Poultry (chicken, turkey)"
6,MILK ALMOND ORIGINAL,2.0,48.0,41.34,21.77243376,Almond milk
12,YOGURT COCONUT ALMND LOCO FLIP,2.0,7.96,41.2,3.6105952652,Yogurt
12,YOGURT KEY LIME CRUMBLE FLIP,2.0,10.0,41.2,4.535923700000001,Yogurt
2,SOUP CHICKEN NDLE,1.0,16.0,40.82,7.25747792,"Poultry (chicken, turkey)"
1,CAKE POUND SLI MARBLE,2.0,8.5,39.74,3.855535145,"Wheat/Rye (Bread, pasta, baked goods)"
1,CAKE POUND SLI BAN NUT,2.0,8.5,39.72,3.855535145,"Wheat/Rye (Bread, pasta, baked goods)"
12,YOGURT MANGO GREEK 2%,2.0,8.0,39.12,3.62873896,Yogurt
12,YOGURT PEACH GREEK NONFAT,2.0,8.0,39.12,3.62873896,Yogurt
12,YOGURT COCONUT GREEK BLNDED,2.0,7.95,39.12,3.6060593415,Yogurt
12,YOGURT STRAW/BAN GREEK 2%,2.0,9.0,39.12,4.082331330000001,Yogurt
3,SOUP TOMATO BASIL CONC,1.0,12.0,38.45,5.4431084400000005,Tomatoes
4,SOUP TOMATO BASIL BISQ CHUNKY,1.0,15.997,37.23,7.25611714289,Tomatoes
2,SOUP PASTA FAGIOLI,1.0,0.16,35.02,0.0725747792,"Wheat/Rye (Bread, pasta, baked goods)"
24,JUICE ORANGE PET,1.0,15.0,30.59,6.80388555,Citrus Fruit
60,DRESSING CAESAR PACKET,1.0,9.0,24.49,4.082331330000001,Vegetable oils
60,DRESSING RANCH PKT,1.0,2.75,23.1,1.2473790175,Vegetable oils
6,HONEY PURE CLOVER GR A TSC JUG,0.0,5.166,22.66,2.34325818342,Sugars and sweeteners
60,DRESSING ITAL FTFR,1.0,2.75,20.97,1.2473790175,Vegetable oils
12,YOGURT BLACK CHERRY GREEK NF,1.0,4.5,19.56,2.0411656650000003,Yogurt
1,BASIL FRESH,1.0,2.0,18.68,0.90718474,Stimulants & Spices (misc.)
6,MILK HOMOGENIZED ESL,1.0,26.3,18.65,11.929479331,Milk (cow's milk)
12,YOGURT POMEGRANATE GREEK NF,1.0,4.5,18.03,2.0411656650000003,Yogurt
12,YOGURT VANILLA 0%,1.0,3.972,17.06,1.80166889364,Yogurt
6,SPICE CINNAMON GRND,0.0,1.098,16.2,0.49804442226,Stimulants & Spices (misc.)
12,YOGURT PLAIN LO FAT,1.0,4.45,10.82,2.0184860465,Yogurt
12,YOGURT VANILLA FRCH,1.0,4.5,10.73,2.0411656650000003,Yogurt
4,SWEETENER AGAVE NECTAR LT ORG,0.0,0.0,0.0,0.0,Sugars and sweeteners
6,CHEESE PIZZA BLND MOZZ/PROV WM,31.0,930.0,2497.4,421.8409041000001,Cheese
40,PIZZA CRUST PRBKD THIN 10IN,62.0,874.82,2481.24,396.8116771234001,"Wheat/Rye (Bread, pasta, baked goods)"
72,OMELET EGG W/CHEESE IQF FLDED,12.0,181.2,862.92,82.190937444,Cheese
1,GRAPE RED SEEDLS LG,14.0,252.0,595.17,114.30527724,Citrus Fruit
6,SAUCE PIZZA PRPD,11.0,451.0,578.42,204.57015887,Vegetable oils
2,CHICKEN FAJ BRST STRIP CKD,11.0,110.0,572.72,49.895160700000005,"Poultry (chicken, turkey)"
2,PORK PULLED SMOKED,8.0,80.0,460.58,36.2873896,Pork (pig meat)
1,PINEAPPLE FRESH GOLDEN RIPE,17.0,204.0,429.93,92.53284348,Fruits (misc.)
1,GRAPE GREEN SEEDLS LG,8.0,144.0,400.29,65.31730128000001,Citrus Fruit
3,CHEESE CUBE CHDR/SWISS/PEP JCK,7.0,105.0,398.99,47.62719885,Cheese
2,BACON PRECOOKED REGULAR SLICE,7.0,28.7,396.1,13.018101019,Pork (pig meat)
2,BACON BIT REAL CKD FINE GF,5.0,50.0,383.35,22.6796185,Pork (pig meat)
24,WATER SPRING SPORT TOP,26.0,1054.3,378.26,478.222435691,Uncategorized
2,CREAMER HALF & HALF SHELF STAB,6.0,144.0,353.88,65.31730128000001,Milk (cow's milk)
8,STRAWBERRY FRESH DRISCOLL,10.0,80.0,352.79,36.2873896,Berries
160,SAUSAGE PORK PTY CKD MILD 1 OZ,7.0,70.0,329.39,31.751465900000003,Pork (pig meat)
2,BEEF SLICED PEPPERONI HALAL,5.0,50.0,320.55,22.6796185,Beef & buffalo meat
1,MELON CANTALOUPE FRESH,8.0,320.0,293.53,145.14955840000002,Fruits (misc.)
1,CRANBERRY DRIED SWEETENED,12.0,60.0,290.04,27.2155422,Berries
6,CHEESE MOZZ/PROV PS SHRD NSMK,3.0,90.0,282.75,40.8233133,Cheese
4,CHEESE MOZZARELLA SHRD WHL MLK,4.0,80.0,258.76,36.2873896,Cheese
2,PEPPERONI SLI B/P PZZ,2.0,50.0,250.06,22.6796185,Pork (pig meat)
1,ORANGE CHOICE FRESH,7.0,280.0,244.12,127.0058636,Citrus Fruit
3,NUT MIXED W/PEANUT SLTD,4.0,26.0,229.95,11.79340162,Peas
4,CEREAL GRANOLA FRUIT BULKPAK,3.0,37.5,217.42,17.009713875,Grains/cereals (except rice)
1,BANANA FRESH RIPE/READY,8.0,328.536,216.24,149.02142287032,Bananas
6,PINEAPPLE CHUNK JCE,3.0,137.1,209.31,62.187513927,Fruits (misc.)
4,JUICE ORANGE PSTRZD ULTRA PREM,4.0,140.0,207.4,63.502931800000006,Citrus Fruit
6,PEPPER RED STRIPS FIRE RSTD,3.0,112.5,202.78,51.029141625,Stimulants & Spices (misc.)
1,APPLE GLDN DEL X-FANCY FRESH,4.0,160.0,198.45,72.57477920000001,Apples
12,CEREAL HOT OAT QUICK,3.0,105.6,197.92,47.899354272,Grains/cereals (except rice)
6,YOGURT BLUBRY LF PARFAITPRO,5.0,120.0,195.2,54.4310844,Yogurt
6,YOGURT STRAWBERRY PARFAIT POUC,5.0,120.0,195.2,54.4310844,Yogurt
1,MUSHROOM SLCD FRESH,8.0,80.0,185.28,36.2873896,Vegetables (misc.)
2,SOUP CHICKEN NDLE,4.0,64.0,169.2,29.02991168,"Poultry (chicken, turkey)"
6,OLIVE BLACK RIPE SLICED,2.0,41.2,165.72,18.688005644000004,Other vegetables
2,MILK 2% SHELF STABLE,4.0,96.0,162.56,43.54486752,Milk (cow's milk)
2,ONION RED DICED 3/8,4.0,40.0,153.9,18.1436948,Onions and Leeks
2,BACON BIT REAL CKD 1/2 GF,2.0,30.0,152.57,13.6077711,Pork (pig meat)
2,MEATBALL BEEF ITAL STYLE 1 OZ,3.0,30.0,147.36,13.6077711,Beef & buffalo meat
2,SOUP PASTA FAGIOLI,4.0,0.64,144.1,0.2902991168,"Wheat/Rye (Bread, pasta, baked goods)"
4,CHEESE MOZZ SHRED VEGAN,2.0,32.0,143.68,14.51495584,Soybeans/Tofu
2,SOUP TOMATO BISQUE,3.0,48.0,143.27,21.77243376,Tomatoes
48,COOKIE SNICKERDOODLE BKD,5.0,30.0,141.25,13.6077711,"Wheat/Rye (Bread, pasta, baked goods)"
4,SAUCE ALFREDO,2.0,40.0,141.0,18.1436948,Vegetable oils
4,GARLIC PEELED FRESH,0.0,25.0,131.9,11.33980925,Stimulants & Spices (misc.)
12,SPREAD HUMMUS CLS W/PRETZELS,4.0,12.32,127.2,5.5882579984000005,"Wheat/Rye (Bread, pasta, baked goods)"
8,CHEESE MOZZ FRSH PEARLS CRYO,3.0,24.0,125.35,10.88621688,Cheese
4,CHEESE AMER 120 SLI YEL,2.0,38.0,124.64,17.23651006,Cheese
1,MELON WATERMELON SDLS FRSH,2.0,140.0,119.22,63.502931800000006,Fruits (misc.)
2,SOUP LENTIL VEGETERIAN,3.0,48.0,116.27,21.77243376,Beans and pulses (dried)
3,OIL OLIVE POMACE,1.0,23.0,114.97,10.43262451,Olives (Oil)
1,NUT MIXED NO PEANUT FCY,2.0,30.0,113.64,13.6077711,Peas
6,SEASONING ITALIAN,0.0,5.25,107.94,2.3813599425,Stimulants & Spices (misc.)
72,COOKIE SNICKERDOODLE BKD,4.0,18.0,100.4,8.164662660000001,"Wheat/Rye (Bread, pasta, baked goods)"
2,CHEESE VEGAN MOZZ SHRED,2.0,20.0,99.88,9.0718474,Soybeans/Tofu
24,DRINK ENERGY RED BULL,2.0,24.9,97.1,11.294450013,Stimulants
24,DRINK ENERGY REDBULL SF,2.0,28.8,97.0,13.063460256,Stimulants
1,PICKLE CHIP BRDBTR REF 500-650,3.0,57.3,91.92,25.990842801,"Wheat/Rye (Bread, pasta, baked goods)"
2,SOUP ITALIAN WEDDING W/MTBALLS,2.0,32.0,88.18,14.51495584,Lamb/mutton & goat meat
24,RAISIN SEEDLESS,1.0,21.5,87.11,9.752235955,Fruits (misc.)
1,CAKE POUND SLI LMN,4.0,17.0,82.88,7.71107029,"Wheat/Rye (Bread, pasta, baked goods)"
90,SAUSAGE BREAKFAST PATTY VEGAN,1.0,9.19,82.76,4.1685138803,Legumes (misc.)
2,SOUP MINESTRONE RTU REFRI,2.0,32.0,81.84,14.51495584,"Wheat/Rye (Bread, pasta, baked goods)"
1,CAKE POUND SLI MARBLE,4.0,17.0,79.48,7.71107029,"Wheat/Rye (Bread, pasta, baked goods)"
1,CAKE POUND SLI BAN NUT,4.0,17.0,79.44,7.71107029,"Wheat/Rye (Bread, pasta, baked goods)"
1,CHICKEN TNDR BRD LOW SOD VEGAN,1.0,12.0,79.17,5.4431084400000005,Legumes (misc.)
4,DRESSING HONEY MUSTARD PM BNQT,1.0,33.6,78.44,15.240703632,Tree nuts and seeds
12,YOGURT BLUEBERRY GREEK NON FAT,4.0,16.0,78.24,7.25747792,Yogurt
1,CAKE POUND SLI PLAIN,4.0,17.0,75.72,7.71107029,"Wheat/Rye (Bread, pasta, baked goods)"
4,CEREAL GRANOLA LFAT NO RSN,1.0,12.5,71.79,5.669904625,Grains/cereals (except rice)
12,MILK CHOC 1% SHELF STABLE,3.0,34.8,69.93,15.785014476,Milk (cow's milk)
12,SPREAD HUMMUS RED PEPR W/PRETZ,2.0,6.16,63.62,2.7941289992,Vegetable oils
12,SPREAD HUMMUS RST GRLC W/PRETZ,2.0,6.16,63.6,2.7941289992,Vegetable oils
4,SWEETENER AGAVE AMBER NECT ORG,1.0,11.5,61.21,5.216312255,Sugars and sweeteners
4,SWEETENER AGAVE NECTAR LT ORG,1.0,11.5,60.92,5.216312255,Sugars and sweeteners
1,APRICOT DRIED MEDITERRANEAN,1.0,5.0,60.64,2.2679618500000003,Fruits (misc.)
4,JUICE ORANGE NO PULP,1.0,34.9,57.0,15.830373713,Citrus Fruit
1,BASIL FRESH,3.0,6.0,56.04,2.72155422,Stimulants & Spices (misc.)
1,BANANA FRESH GREEN TIP,2.0,86.0,50.58,39.00894382,Bananas
2,SOUP VEGETARIAN 3 BEAN W/CHILI,1.0,16.0,47.9,7.25747792,Beans and pulses (dried)
2,LETTUCE SPRING MIX ORGANIC,3.0,9.0,45.84,4.082331330000001,Cabbages and other Brassicas (Broccoli)
12,SALT KOSHER FLAKE,1.0,36.0,45.31,16.329325320000002,Stimulants & Spices (misc.)
1,EGG HARDBOILED WHL PEEL SEL,1.0,10.0,42.67,4.535923700000001,Eggs
12,YOGURT STWBRY GREEK NON FAT,2.0,8.0,39.12,3.62873896,Yogurt
6,MILK OAT BARISTA EDITION,2.0,25.6,38.72,11.611964672,Oat milk
6,MILK HOMOGENIZED ESL,2.0,52.6,37.23,23.858958662000003,Milk (cow's milk)
10,TOMATO CHERRY MIX HEIRLOOM,1.0,6.75,37.14,3.0617484975,Fruits (misc.)
1000,KETCHUP PACKET,1.0,19.842,36.59,9.00017980554,Tomatoes
1,MELON CANTALOUPE FRESH,1.0,34.5,35.28,15.648936765,Fruits (misc.)
6,PRETZEL TINY TWIST BULK,2.0,12.0,32.32,5.4431084400000005,"Wheat/Rye (Bread, pasta, baked goods)"
1,MELON HONEYDEW FRSH,1.0,24.0,30.71,10.88621688,Fruits (misc.)
1000,KETCHUP PACKET FCY,1.0,19.842,26.67,9.00017980554,Tomatoes
6,SPICE GARLIC POWDER,0.0,3.0,26.07,1.36077711,Stimulants & Spices (misc.)
1,LETTUCE SPRING MIX CONV PLLW,2.0,6.0,25.1,2.72155422,Cabbages and other Brassicas (Broccoli)
1,CHEESE PARMESAN IMPTD GRTD TUB,1.0,5.0,21.2,2.2679618500000003,Cheese
12,YOGURT PEACH GREEK NONFAT,1.0,4.0,19.56,1.81436948,Yogurt
12,YOGURT VANILLA GREEK NON FAT,1.0,4.5,19.56,2.0411656650000003,Yogurt
12,MILK SKIM UHT,1.0,25.89,15.43,11.7435064593,Milk (cow's milk)
1,BANANA FRESH GREEN TIP,1.0,10.0,13.91,4.535923700000001,Bananas
200,JUICE LEMON PACKET,1.0,1.76,11.92,0.7983225712,Citrus Fruit
12,YOGURT STRAWBERRY LIGHT,1.0,4.1,10.73,1.859728717,Yogurt
3,DETERGENT POT/PAN HAND SMARTPW,30.0,180.0,4123.2,81.6466266,Uncategorized
6,DETERGENT MACHINE SMRTPWR,19.0,769.5,3616.27,349.039328715,Uncategorized
1,SANITIZER OASIS 146 MULTI QUAT,22.0,457.6,2803.9,207.56386851200003,Uncategorized
1,DETERGENT POT/PAN LIQ PINK RTU,47.0,1988.1,2585.0,901.786990797,Uncategorized
1,SUPPLY SOTF KITCHEN BIDS,3.0,18.0,2183.38,8.164662660000001,Uncategorized
1,CLEANER DEGRSR ORGFRC OASIS137,16.0,339.2,1817.76,153.858531904,Uncategorized
1,CLEANER FLOOR SANI WSH N WALK,9.0,194.4,1627.02,88.17835672800001,Uncategorized
4,CLEANER DEGRSR GRS CTTR PLS NP,8.0,272.0,592.72,123.37712464,Uncategorized
1,APRON BIB DISHWASHER VINYL CLR,9.0,18.0,533.97,8.164662660000001,Uncategorized
12,WIPER FDSVC SANITIZING TLBTRN,10.0,247.0,522.9,112.03731539,Uncategorized
1,CONTAINER FOOD FP CLR 22 QT,3.0,63.0,513.72,28.57631931,Uncategorized
2,MITT OVEN  BEIGE 15IN,12.0,1.2,379.08,0.544310844,Uncategorized
6,DEGREASER HVY GREASE EXPRESS,3.0,39.3,341.85,17.826180141,Uncategorized
1,KIT FOR ALERGN SFTY PUR 16.5L,1.0,12.5,300.62,5.669904625,Uncategorized
4,GLOVE LATEX LRG FLCK-LIN YELW,3.0,23.1,271.47,10.477983747,Uncategorized
1,CHARGE FREIGHT,6.0,6.0,224.75,2.72155422,Uncategorized
6,BLEACH LIQ GRMCDL ULTRA 6%,8.0,468.0,223.03,212.28122916,Uncategorized
24,SAUCE HOT GREEN PPR,3.0,24.75,187.98,11.2264111575,Vegetable oils
24,SAUCE HOT,3.0,24.63,187.8,11.1719800731,Vegetable oils
1,FORK PLAS PSM HVYWGT BEIGE,2.0,27.336,180.66,12.39940102632,Uncategorized
16,KETCHUP SQUEEZE RED UPSIDE DWN,5.0,88.0,173.7,39.91612856,Tomatoes
1,MOP HEAD COTTN CUT END #32,8.0,40.0,163.92,18.1436948,Uncategorized
180,ROLL DINNER CLS,4.0,58.4,151.76,26.489794408,Rice
2,THERMOMETER FRZR REFR -40-80F,13.0,2.86,137.15,1.2972741782,Uncategorized
1,SYRUP LIQUID SWEETENER HFCS,4.0,223.24,125.92,101.2599606788,Sugars and sweeteners
1,PAD SCOUR XHV NYLON 3.5X6 BLUE,6.0,4.2,121.2,1.905087954,Uncategorized
10,GLOVE NITRILE FDSRV PF BLU LRG,1.0,9.28,112.79,4.2093371936,Uncategorized
10,GLOVE NITRILE FDSRV PF BLU XL,1.0,10.77,112.79,4.8851898249,Uncategorized
1,CONTAINER FOOD ALRGY CLR 12QT,1.0,11.16,99.95,5.0620908492000005,Uncategorized
1,SPATULA RUBBER PLAS WHT 16L,2.0,10.08,99.82,4.5722110896000006,Uncategorized
1,LABEL ROLL UNVRSL PLAS 2X3,7.0,146.16,80.22,66.2970607992,Rice
1,PAN DUST LOBBY W 2 PC HNDL,2.0,5.2,72.08,2.3586803240000003,Uncategorized
10,HAIRNET NYLON LRG BLK LT WGT,0.0,1.188,68.01,0.53886773556,Uncategorized
1,SUPPLY SOTF KITCHEN,1.0,6.0,35.82,2.72155422,Uncategorized
6,PAD SCRUB S-S 35 GRAM 1.25 OZ,0.0,3.5,35.7,1.587573295,Uncategorized
1,SPATULA RUBBER PLAS WHT 9.5L,1.0,13.92,33.79,6.3140057904,Uncategorized
1,WIPER FDSVC F/ THERM PROBE,2.0,0.92,30.32,0.4173049804,Uncategorized
12,BOTTLE PLAS SQUEEZE CLEAR 12OZ,1.0,2.1,17.62,0.952543977,Uncategorized
6,BROOM ANGULAR FLAGGED,0.0,2.666,16.24,1.20927725842,Uncategorized
1,WIPE ANTIBACTERIAL PROBE,1.0,1.0,8.51,0.45359237,Uncategorized
1,BRUSH UTILITY PLYPRP,0.0,0.0,0.0,0.0,Uncategorized
1,SUPPLY SOTF DINING ROOM,1.0,6.0,470.2,2.72155422,Uncategorized
1,CLEANER FLOOR SANI WSH N WALK,2.0,43.2,361.56,19.595190384,Uncategorized
1,SUPPLY SOTF KITCHEN,2.0,12.0,196.29,5.4431084400000005,Uncategorized
1,SUPPLY SOTF JANSAN,1.0,6.0,187.48,2.72155422,Uncategorized
4,CLEANER DEGRSR GRS CTTR PLS NP,2.0,68.0,148.18,30.84428116,Uncategorized
1,CHARGE FREIGHT,5.0,5.0,111.79,2.2679618500000003,Uncategorized
1,RACK DISPLAY COUNTER 4 BTL,2.0,7.8,58.54,3.538020486,Uncategorized
4,SYRUP HAZELNUT,1.0,12.0,35.61,5.4431084400000005,Tree nuts and seeds
2,SOUP CHICKEN & DUMPLING,3.0,48.0,146.16,21.77243376,"Poultry (chicken, turkey)"
2,SOUP CHICKEN NDLE,3.0,48.0,125.42,21.77243376,"Poultry (chicken, turkey)"
2,SOUP LENTIL VEGETERIAN,3.0,48.0,116.97,21.77243376,Beans and pulses (dried)
1,BANANA FRESH RIPE/READY,4.0,164.268,108.12,74.51071143516,Bananas
6,MILK ORIGINAL OAT XTRA CREAMY,5.0,109.8,99.55,49.804442226,Oat milk
6,MILK HOMOGENIZED ESL,5.0,131.5,92.97,59.647396655,Milk (cow's milk)
2,SOUP MINESTRONE RTU REFRI,2.0,32.0,82.68,14.51495584,"Wheat/Rye (Bread, pasta, baked goods)"
72,OMELET EGG W/CHEESE IQF FLDED,1.0,15.1,71.91,6.849244787,Cheese
6,MILK 2% UHT RDUC FAT,4.0,110.0,69.72,49.895160700000005,Milk (cow's milk)
12,YOGURT VANILLA GREEK NON FAT,3.0,13.5,58.68,6.123496995,Yogurt
24,WATER STILL BLUE BTL GLASS,2.0,70.0,52.02,31.751465900000003,Uncategorized
3,SAUCE PESTO LIGUARIAN BASIL,1.0,5.63,50.4,2.5537250431,Vegetable oils
6,MILK ALMOND UNSWT,2.0,50.34,48.9,22.8338399058,Almond milk
10,CANDY BAR MILKY WAY,0.0,5.3,46.49,2.404039561,Milk (cow's milk)
12,CREAMER HALF & HALF ESL,1.0,25.65,43.18,11.6346442905,Milk (cow's milk)
12,YOGURT COCONUT ALMND LOCO FLIP,2.0,7.96,41.2,3.6105952652,Yogurt
24,TEA BREW BLEND PACK FILTER BAG,1.0,4.4,40.87,1.9958064280000003,Stimulants
12,YOGURT PLAIN NONFAT GREEK,2.0,7.95,39.12,3.6060593415,Yogurt
12,SPREAD HUMMUS RED PEPR W/PRETZ,1.0,3.08,31.81,1.3970644996,Vegetable oils
12,SPREAD HUMMUS RST GRLC W/PRETZ,1.0,3.08,31.8,1.3970644996,Vegetable oils
12,SPREAD HUMMUS CLS W/PRETZELS,1.0,3.08,31.8,1.3970644996,"Wheat/Rye (Bread, pasta, baked goods)"
24,WATER SPRING SPRKLG BLUE GLASS,1.0,33.95,26.01,15.399460961500004,Uncategorized
12,YOGURT KEY LIME CRUMBLE FLIP,1.0,5.0,20.6,2.2679618500000003,Yogurt
12,YOGURT MANGO GREEK 2%,1.0,4.0,19.56,1.81436948,Yogurt
12,YOGURT PEACH GREEK NONFAT,1.0,4.0,19.56,1.81436948,Yogurt
12,YOGURT RASPBERRY GREEK NF,1.0,4.5,19.56,2.0411656650000003,Yogurt
12,YOGURT BLUEBERRY GREEK NON FAT,1.0,4.0,19.56,1.81436948,Yogurt
6,SNACK BAR CARAMEL ALMD SEA SLT,0.0,1.05,19.36,0.4762719885,Tree nuts and seeds
6,SNACK BAR CRAN ALMOND PLUS,0.0,1.166,19.25,0.5288887034199999,Tree nuts and seeds
6,SNACK BAR PEANUT BUTR CHOC,0.0,1.333,18.9,0.60463862921,Peas
6,SNACK BAR DK CHOC NUT SEA SALT,0.0,1.283,18.84,0.58195901071,Tree nuts and seeds
6,SNACK BAR BLUBRY VAN & CASHEW,0.0,1.05,18.79,0.4762719885,Tree nuts and seeds
6,SNACK BAR CHOC DARK CHRY CASHW,0.0,1.166,18.56,0.5288887034199999,Tree nuts and seeds
24,CHIP PITA LSS SIMPLY NAKED,1.0,2.25,15.94,1.0205828325,"Wheat/Rye (Bread, pasta, baked goods)"
6,BEEF TENDERLOIN PSMO 189 USA,7.0,312.7,3638.1,141.838334099,Beef & buffalo meat
24,WATER SPRING STILL ALUM W/ELEC,52.0,1378.0,1460.68,625.05028586,Uncategorized
16,CHICKEN BRST AIRLINE MURRAYS,20.0,217.3,1376.81,98.565622001,"Poultry (chicken, turkey)"
4,CHICKEN CVP BRST 6OZ HAL,11.0,220.0,1118.15,99.7903214,"Poultry (chicken, turkey)"
6,BEEF SHLDR TNDR TERES MAJOR CH,2.0,123.9,823.67,56.20009464300001,Beef & buffalo meat
80,DOUGH COOKIE TRIPLE CHOC,11.0,247.5,819.83,112.264111575,"Wheat/Rye (Bread, pasta, baked goods)"
1,AVOCADO HASS GREEN FRESH,6.0,148.2,648.72,67.222389234,Fruits (misc.)
6,LOBSTER MEAT CLW KNCKLE DRY,1.0,12.0,579.35,5.4431084400000005,Lamb/mutton & goat meat
12,JUICE ORANGE PET,15.0,392.4,536.4,177.989645988,Citrus Fruit
4,CHICKEN CVP BRST B/S 5OZ HAL,5.0,100.0,514.15,45.359237,"Poultry (chicken, turkey)"
1,EGGPLANT FRESH,14.0,378.0,437.99,171.45791586,Other vegetables
5,BEEF TOP SIRLOIN BUTT BNLS,1.0,73.0,409.9,33.11224301,Beef & buffalo meat
4,CHICKEN CVP THIGH B/S HALAL,4.0,160.0,364.53,72.57477920000001,"Poultry (chicken, turkey)"
24,WATER STILL BLUE BTL GLASS,14.0,490.0,364.14,222.2602613,Uncategorized
2,BROWNIE CHOC CHIP PRCT,8.0,96.0,361.44,43.54486752,"Wheat/Rye (Bread, pasta, baked goods)"
1,PINEAPPLE FRESH GOLDEN RIPE,14.0,168.0,354.06,76.20351816,Fruits (misc.)
8,STRAWBERRY FRESH DRISCOLL,10.0,80.0,344.12,36.2873896,Berries
24,SODA COKE DIET,15.0,266.437,333.0,120.85379028569,Stimulants
144,PETITFOUR ASSORTED,2.0,7.38,328.96,3.3475116906,Uncategorized
2,COOKIE MINI ASSORTED MACARONS,4.0,16.2,317.5,7.348196394,"Wheat/Rye (Bread, pasta, baked goods)"
1,MELON HONEYDEW FRSH,10.0,240.0,310.7,108.8621688,Fruits (misc.)
2,TURKEY BRST SMOKED MULTI PC,4.0,81.22,305.2,36.8407722914,"Poultry (chicken, turkey)"
3,BROCCOLI FRESH SWEET BABY,11.0,66.0,303.82,29.937096420000003,Cabbages and other Brassicas (Broccoli)
1,CHEESE MANCHEGO 3 MONTHS AGED,3.0,21.05,299.71,9.5481193885,Cheese
1,LETTUCE FRISSEE BABY FRESH,7.0,42.0,296.52,19.05087954,Cabbages and other Brassicas (Broccoli)
6,CHEESE PETIT BASQUE,2.0,18.3,290.05,8.300740371000002,Cheese
24,WATER SPRING SPRKLG BLUE GLASS,11.0,373.45,286.11,169.3940705765,Uncategorized
1,MELON CANTALOUPE FRESH,8.0,276.0,275.63,125.19149412,Fruits (misc.)
2,EGG WHOLE W/CITRIC ACID CF,2.0,80.0,263.94,36.2873896,Eggs
12,CREAMER HALF & HALF ESL,6.0,153.9,261.24,69.80786574300001,Milk (cow's milk)
24,WATER BOTTLED SPRING,40.0,1096.0,261.2,497.13723752,Uncategorized
2,TOMATO SLI FRSH FC XL,8.0,168.0,257.04,76.20351816,Tomatoes
6,MILK HOMOGENIZED ESL,13.0,341.9,242.1,155.083231303,Milk (cow's milk)
2,SQUASH BUTTERNUT PLD FRSH,9.0,90.0,235.89,40.8233133,Fruits (misc.)
12,RASPBERRY RED FRESH,5.0,36.0,234.92,16.329325320000002,Berries
24,BUN HAMBURGER SLIDER,3.0,75.0,233.16,34.01942775,Pork (pig meat)
4,GLACE DEMI VEAL GLUTEN FREE,2.0,40.0,230.56,18.1436948,Lamb/mutton & goat meat
24,SODA GINGER ALE CUBE,14.0,291.9,226.52,132.403612803,Stimulants
1,MUSHROOM PORT SLCD FRESH,10.0,50.0,223.0,22.6796185,Vegetables (misc.)
24,SODA COCA COLA CLS,10.0,200.0,222.0,90.718474,Stimulants
6,CHEESE GOAT CRUMBLE TRAY PK,4.0,24.0,215.92,10.88621688,Lamb/mutton & goat meat
2,SALMON ATL SMK SLI FIL USA,3.0,14.92,213.37,6.7675981604,Fish (finfish)
1,OCTOPUS CLND WHL 4-6 LB,1.0,28.0,210.23,12.70058636,Mollusks
4,ONION RED FRSH SLICED 1/8,3.0,60.0,207.87,27.2155422,Onions and Leeks
1,DOUGH PUFF PASTRY SHEET HALF,2.0,35.2,197.96,15.966451424000002,"Wheat/Rye (Bread, pasta, baked goods)"
30,COFFEE GRND FP,4.0,15.0,193.4,6.80388555,Coffee
4,CHEESE MOZZ PIZZ BLD FEATHERED,3.0,60.0,192.84,27.2155422,Cheese
40,DESSERT BAR MSHMLW CHEWY I/W,4.0,21.0,187.12,9.52543977,Sugars and sweeteners
104,CHIP POTATO REG SNG SRV,4.0,26.0,186.88,11.79340162,"Wheat/Rye (Bread, pasta, baked goods)"
104,CHIP POTATO SRCRM & ONION SS,4.0,26.0,186.88,11.79340162,"Wheat/Rye (Bread, pasta, baked goods)"
4,BEEF PASTRAMI NAVEL BLK 15,1.0,16.85,181.12,7.643031434500001,Beef & buffalo meat
6,CHEESE MOZZ FRSH SLI THIN,7.0,42.0,179.34,19.05087954,Cheese
12,TEA CONC BLACK SWEET,1.0,32.03,178.41,14.5285636111,Stimulants
1,PEAR FRESH,3.0,114.0,174.62,51.70953018,Fruits (misc.)
8,LETTUCE BABY GEM,6.0,60.0,173.82,27.2155422,Cabbages and other Brassicas (Broccoli)
6,SAUCE PIZZA PREPARED CA,3.0,119.25,173.25,54.0908901225,Vegetable oils
12,BLUEBERRY FRESH,3.0,38.25,172.66,17.3499081525,Berries
1,CUCUMBER ENGLISH LONG,12.0,144.0,171.0,65.31730128000001,Other vegetables
2,ARUGULA BABY FRESH,10.0,40.0,170.7,18.1436948,Cabbages and other Brassicas (Broccoli)
2,CHEESE GOAT WINE CURED MURCIA,1.0,11.5,170.57,5.216312255,Lamb/mutton & goat meat
1,GRAPE RED SEEDLS LG,4.0,72.0,170.01,32.658650640000005,Citrus Fruit
2,APTZR VEGETABLE SAMOSA SMALL,3.0,24.0,168.96,10.88621688,"Wheat/Rye (Bread, pasta, baked goods)"
1,PEPPER SWEET BELL MEDLEY HH,4.0,80.0,168.72,36.2873896,Stimulants & Spices (misc.)
1,MANGO FRESH,10.0,100.0,166.05,45.359237,Fruits (misc.)
500,HONEY POUCH,2.0,19.84,163.58,8.999272620800001,Sugars and sweeteners
8,JUICE CRANBERRY CKTL27% PET,3.0,96.0,162.66,43.54486752,Berries
1,BACON LAYFLAT 14/18 APPL GF,2.0,30.0,161.08,13.6077711,Pork (pig meat)
4,LETTUCE FRESH TENDER GREENS,4.0,48.0,156.56,21.77243376,Cabbages and other Brassicas (Broccoli)
12,YOGURT PLAIN NONFAT GREEK,8.0,31.8,156.48,14.424237366000002,Yogurt
1,SQUASH ZUCCHINI MEDIUM FRESH,7.0,140.0,154.85,63.502931800000006,Other vegetables
4,APTZR VEG FALAFEL BALL,3.0,48.0,152.16,21.77243376,Legumes (misc.)
1,NUT PISTACHIO RAW,2.0,10.0,151.68,4.535923700000001,Uncategorized
2,CHICKEN WING BNLS BRD,5.0,50.0,151.15,22.6796185,"Poultry (chicken, turkey)"
2,BEEF TENDERLOIN PSMO IMP,1.0,11.05,143.65,5.0121956885,Beef & buffalo meat
60,CHEESE BRIE MINI,2.0,6.76,143.12,3.0662844212,Cheese
4,DIP HUMMUS TRADITIONAL,3.0,45.0,142.59,20.41165665,Vegetable oils
2,ARTICHOKE HEART LONG STEM ITAL,2.0,18.5,142.54,8.391458845,Vegetables (misc.)
8,TOFU FIRM SUPER ORGANIC,4.0,64.0,139.44,29.02991168,Soybeans/Tofu
24,WATER SELTZER PLAIN,14.0,294.0,138.32,133.35615678000002,Uncategorized
12,BLACKBERRY FRESH,4.0,36.0,138.16,16.329325320000002,Berries
2,PORK BBQ PULLED SMK W/S&P RUB,2.0,20.0,137.68,9.0718474,Pork (pig meat)
6,CHEESE CUBE SWISS/CHED/PPR JCK,3.0,36.0,135.81,16.329325320000002,Cheese
36,BUTTER SOLID UNSLTD 83% EUROPN,1.0,36.0,133.61,16.329325320000002,Butter
12,PEPPER SWEET VEGGIE FRSH,3.0,36.0,131.94,16.329325320000002,Legumes (misc.)
24,SODA SPRITE CANS,6.0,108.0,131.82,48.98797596,Stimulants
12,BREAD PITA PLAIN 2 OZ 6 IN,3.0,27.0,130.36,12.24699399,"Wheat/Rye (Bread, pasta, baked goods)"
1,SQUASH YELLOW S/N MEDIUM FRESH,5.0,120.0,130.33,54.4310844,Fruits (misc.)
100,CHEESE CREAM ORIG SPREAD CUP,3.0,18.75,127.65,8.5048569375,Cheese
4,SHRIMP WHT P&D TLON 16/20,2.0,20.0,126.68,9.0718474,Crustaceans (shrimp/prawns)
1,TOMATO FRESH HEIRLOOM,3.0,21.6,125.34,9.797595192,Tomatoes
24,LYCHEE WHL IN HEAVY SYRUP,1.0,30.0,124.39,13.6077711,Sugars and sweeteners
2,BEEF TENDERLOIN DEFAT,1.0,9.8,124.01,4.445205226000001,Beef & buffalo meat
1,PASTRY PUFF BOUCHEE MINI,2.0,3.96,120.78,1.7962257852,"Wheat/Rye (Bread, pasta, baked goods)"
4,SPINACH CLIPPED FRESH,4.0,40.0,117.98,18.1436948,Cabbages and other Brassicas (Broccoli)
1,LETTUCE RADICCHIO FRESH,5.0,30.0,117.25,13.6077711,Cabbages and other Brassicas (Broccoli)
1,TOMATO FRESH MIXED MEDLEY,3.0,30.0,116.58,13.6077711,Tomatoes
1,KIWI FRUIT FCY FRESH,5.0,39.0,115.8,17.69010243,Fruits (misc.)
12,TEA CONC BLACK UNSWEET,1.0,32.034,114.55,14.53037798058,Stimulants
180,ROLL DINNER CLS,3.0,43.8,113.82,19.867345806,Rice
3,PECAN HALF FCY,0.0,8.492,113.0,3.851906406040001,Tree nuts and seeds
4,DRESSING MAYONNAISE VEGAN,1.0,31.04,112.72,14.0795071648,Soybeans/Tofu
16,CHICKEN CVP 8PC CUT TR HAL,1.0,57.0,107.96,25.85476509,"Poultry (chicken, turkey)"
10,BEET RED PLD & COOKED,4.0,44.0,104.84,19.95806428,Root Vegetables
8,JUICE APPLE 100% PET,3.0,114.0,103.86,51.70953018,Apples
6,TOMATO SUNDRIED OLIVE OIL DOM,1.0,12.0,102.43,5.4431084400000005,Tomatoes
1,TOMATO GRAPE FRSH,5.0,50.0,97.92,22.6796185,Tomatoes
12,YOGURT VANILLA GREEK NON FAT,5.0,22.5,97.8,10.205828325,Yogurt
1,MUSHROOM WILD BLND #1 SLI 3/16,4.0,12.0,97.76,5.4431084400000005,Vegetables (misc.)
2,CHEESE PARM SHAVED DOM,2.0,20.0,95.02,9.0718474,Cheese
104,CHIP POTATO BBQ SS,2.0,13.0,93.44,5.8967008100000005,"Wheat/Rye (Bread, pasta, baked goods)"
12,CEREAL HOT OATMEAL IRISH,1.0,21.0,93.41,9.52543977,Grains/cereals (except rice)
2,MEATBALL ITAL BF/PK PREM 2 OZ,2.0,20.0,93.34,9.0718474,Lamb/mutton & goat meat
12,CHEESE BOURSIN HERB FRENCH,2.0,7.8,93.16,3.538020486,Cheese
6,NECTAR PEAR,2.0,38.8,92.72,17.599383956,Fruits (misc.)
1,POTATO BAKING RUSSET 50CT FRSH,4.0,200.0,91.79,90.718474,Potatoes
24,WATER SPARKLING,6.0,120.0,89.16,54.4310844,Uncategorized
2,POTATO DICED CKD RSST SKLS FZ,4.0,80.0,88.08,36.2873896,Potatoes
4,MILK DRY NF DAIRY POWDER 7QT,1.0,5.687,87.57,2.57957980819,Milk (cow's milk)
1,SAUSAGE CHICKEN PTY 1.5 OZ,2.0,20.0,87.14,9.0718474,"Poultry (chicken, turkey)"
5,PANCETTA ITAL DICED 1/4 INCH,1.0,10.0,86.92,4.535923700000001,Pork (pig meat)
4,SHALLOT PEELED FRESH,0.0,16.0,86.84,7.25747792,Onions and Leeks
4,GRAIN SPECIALTY FARRO SEMIPRLD,2.0,24.0,86.24,10.88621688,Grains/cereals (except rice)
6,MILK COCONUT UNSWT,1.0,38.0,86.01,17.23651006,Tree nuts and seeds
4,CELERY STICK FRESH,2.0,40.0,85.28,18.1436948,Other vegetables
24,RAISIN SEEDLESS GOLDEN,1.0,24.0,83.18,10.88621688,Fruits (misc.)
2,CHEESE RICOTTA SALATA PECORINO,1.0,14.57,80.85,6.6088408309,Cheese
4,BAGEL PLAIN GLUTEN FREE,3.0,15.75,79.44,7.144079827500001,"Wheat/Rye (Bread, pasta, baked goods)"
4,GUACAMOLE FRESH ORIG BLEND HPP,2.0,16.0,78.9,7.25747792,Fruits (misc.)
1,KIWI FRUIT SLICES,1.0,5.0,78.67,2.2679618500000003,Fruits (misc.)
12,YOGURT STWBRY GREEK NON FAT,4.0,16.0,78.24,7.25747792,Yogurt
12,YOGURT BLUEBERRY GREEK NON FAT,4.0,16.0,78.24,7.25747792,Yogurt
12,YOGURT PINEAPPLE GREEK 2%,4.0,18.0,78.24,8.164662660000001,Yogurt
1,GREEN MICRO RNBOW MIX 8OZ,4.0,2.0,77.83,0.90718474,Cabbages and other Brassicas (Broccoli)
12,SUGAR BROWN LIGHT CANE,2.0,48.0,77.46,21.77243376,Sugars and sweeteners
12,MILK SKIM UHT,5.0,129.45,77.27,58.7175322965,Milk (cow's milk)
1,LEMON CHOICE FRESH,2.0,80.0,75.9,36.2873896,Citrus Fruit
1,BANANA FRESH GREEN TIP,3.0,129.0,75.87,58.513415730000006,Bananas
24,TOMATO PASTE FANCY CA,1.0,27.0,75.78,12.24699399,Tomatoes
4,APTZR CORN RIB HCKRY SMK,1.0,16.0,75.06,7.25747792,Corn (Maize)
6,JUICE LEMON PSTRZD ULTRA PREM,3.0,39.0,73.83,17.69010243,Citrus Fruit
4,CALAMARI RING TENT ILL/ARR CHN,1.0,10.0,72.93,4.535923700000001,Mollusks
1,ORANGE FANCY FRESH,2.0,80.0,72.8,36.2873896,Citrus Fruit
1,FENNEL ANISE BUNCH FRSH,3.0,33.0,72.45,14.968548210000002,"Wheat/Rye (Bread, pasta, baked goods)"
6,BREAD CRUMB PANKO GLUTEN FREE,1.0,15.0,71.79,6.80388555,"Wheat/Rye (Bread, pasta, baked goods)"
6,PEPPER RED WHL FIRE RSTD,1.0,36.75,70.98,16.669519597500003,Stimulants & Spices (misc.)
6,SOUP BASE MUSHROOM NO MSG GF,1.0,6.0,69.77,2.72155422,Vegetables (misc.)
1,MUSHROOM SLCD FRESH,3.0,30.0,69.48,13.6077711,Vegetables (misc.)
12,CAULIFLOWER CELLO WRPD FRSH,2.0,53.1,68.9,24.085754847,Cabbages and other Brassicas (Broccoli)
12,CREAM HEAVY WHIPPING 36% ESL,1.0,25.66,68.25,11.6391802142,Cream
213,DOUGH COOKIE CHOC CHUNK,1.0,20.0,67.92,9.0718474,"Wheat/Rye (Bread, pasta, baked goods)"
2,OLIVE GREEK PITTED MIX,1.0,17.4,67.4,7.892507237999999,Other vegetables
4,SAUCE HORSERADISH,0.0,24.0,66.09,10.88621688,Root Vegetables
1,RICE PARBOILED PERFECT,3.0,76.5,65.77,34.699816305,Rice
4,SAUCE COCKTAIL RTU,1.0,32.0,64.16,14.51495584,Vegetable oils
2,CHEESE GOAT TUB,1.0,8.0,64.12,3.62873896,Lamb/mutton & goat meat
2,BEEF SLICED PEPPERONI HALAL,1.0,10.0,64.11,4.535923700000001,Beef & buffalo meat
3,ALMOND BLANCHED SLICED,1.0,6.326,62.25,2.86942533262,Tree nuts and seeds
1,MUSHROOM SHIITAKE LARGE CAP #1,2.0,6.0,61.72,2.72155422,Vegetables (misc.)
1,PEPPER CHILI SHISHITO FRSH,1.0,10.0,61.05,4.535923700000001,Stimulants
1,ASPARAGUS FRESH STANDARD,2.0,22.0,60.8,9.97903214,Other vegetables
12,SPICE PAPRIKA SMKD SWEET,1.0,2.98,60.49,1.3517052626,Stimulants & Spices (misc.)
6,MILK ORIGINAL OAT,3.0,65.88,59.73,29.8826653356,Oat milk
24,WATER SPARKLING BERRY,4.0,72.0,59.44,32.658650640000005,Berries
24,WATER SPARKLING KEY LIME CAN,4.0,72.0,59.44,32.658650640000005,Citrus Fruit
24,WATER SPARKLING LMN,4.0,72.0,59.44,32.658650640000005,Citrus Fruit
24,WATER SPARKLING MANGO,4.0,80.0,59.44,36.2873896,Fruits (misc.)
12,PEPPER RED RSTD WHL IMP,1.0,21.0,59.36,9.52543977,Stimulants & Spices (misc.)
12,YOGURT RASPBERRY GREEK NF,3.0,13.5,58.68,6.123496995,Yogurt
12,YOGURT BLACK CHERRY GREEK NF,3.0,13.5,58.68,6.123496995,Yogurt
1,HONEYCOMB WHOLE SQUARE,5.0,5.65,58.65,2.5627968905000005,Sugars and sweeteners
1,COOKIE BISCOTTI CIOCOLATI,2.0,2.4,57.92,1.088621688,"Wheat/Rye (Bread, pasta, baked goods)"
2,BACON PRECOOKED REGULAR SLICE,1.0,4.1,57.56,1.859728717,Pork (pig meat)
2,CHICKEN BRST FIL BRD CKD 4OZ,1.0,10.0,57.3,4.535923700000001,"Poultry (chicken, turkey)"
4,SAUCE BBQ KOREAN,1.0,19.457,56.99,8.825546743090001,Vegetable oils
6,BUN PLAIN BAO FLD BTRFLY SHPD,1.0,8.0,56.63,3.62873896,"Wheat/Rye (Bread, pasta, baked goods)"
6,BUN PRETZEL SLIDER SOFT,1.0,10.5,56.6,4.762719885,"Wheat/Rye (Bread, pasta, baked goods)"
8,CHEESE SWISS SLICE .75 OZ,1.0,12.0,56.31,5.4431084400000005,Cheese
2,CHEESE BRIE PLAIN 60% DOMSTC,2.0,8.0,56.28,3.62873896,Cheese
1,BASIL FRESH HERB,5.0,5.0,55.15,2.2679618500000003,Stimulants & Spices (misc.)
6,HONEY PURE HOT CHILIES,1.0,5.0,55.03,2.2679618500000003,Sugars and sweeteners
2,GARLIC PEELED BLACK,1.0,2.0,54.38,0.90718474,Stimulants & Spices (misc.)
6,SEASONING CARIBBEAN JERK,0.0,3.475,54.24,1.5762334857500002,Beans and pulses (dried)
4,PLANTAIN FROZEN RIPE SLICES,1.0,24.0,53.72,10.88621688,Bananas
12,VINEGAR WINE SHERRY SPAIN 6%,1.0,12.0,53.64,5.4431084400000005,Stimulants
4,HAM HONEY SMK SLI .67OZ,1.0,10.0,53.37,4.535923700000001,Pork (pig meat)
4,PARSLEY CLN/WASH FRESH HERB,0.0,9.0,53.19,4.082331330000001,Grains/cereals (except rice)
4,GARLIC PEELED FRESH,0.0,10.0,52.76,4.535923700000001,Stimulants & Spices (misc.)
2,CHEESE ASIAGO SHRD 6MO USA,0.0,9.5,52.65,4.309127515,Cheese
24,FUEL CANNED HEAT HANDY WICK,1.0,8.4,52.13,3.810175908,Uncategorized
1,MUSHROOM PORTABELLA CP LRG FSH,2.0,10.0,51.98,4.535923700000001,Vegetables (misc.)
2,POTATO DICED CKD RSST SKLS SMA,2.0,40.0,51.82,18.1436948,Potatoes
1,APPLE GRANNYSMITH SLI IQF,1.0,30.0,51.09,13.6077711,Apples
20,BROCCOLI RABE ICELESS,1.0,20.0,50.2,9.0718474,Cabbages and other Brassicas (Broccoli)
12,PRETZEL SOFT BURGER BUN VEGAN,1.0,14.4,49.91,6.531730128,Soybeans/Tofu
1,POTATO YELLOW FINGERLING FRESH,1.0,21.0,49.83,9.52543977,Potatoes
2,CHICKEN TNDR BRD GF HALAL,1.0,10.0,49.57,4.535923700000001,"Poultry (chicken, turkey)"
12,CORN WHL KERNEL GR A P,1.0,30.0,49.56,13.6077711,Corn (Maize)
3,WALNUT HALF & PIECES,1.0,6.0,49.08,2.72155422,"Wheat/Rye (Bread, pasta, baked goods)"
4,BRUSSEL SPROUT SHREDDED,1.0,12.0,48.39,5.4431084400000005,Beans and pulses (dried)
4,CHEESE CHEDDAR SHARP SLICE WHT,1.0,10.0,47.91,4.535923700000001,Cheese
1,MUSHROOM MEDIUM FRESH,2.0,20.0,46.98,9.0718474,Vegetables (misc.)
1,CARROT BABY PLD TRI COLOR,2.0,12.94,46.9,5.8694852678,Root Vegetables
104,CHIP MULTIGRAIN ORIG SS,1.0,6.5,46.72,2.948350405,Grains/cereals (except rice)
10,MANDARIN FRESH EASY PEEL,1.0,30.0,46.46,13.6077711,Citrus Fruit
10,SUGAR GRANULATED XFINE CANE,1.0,40.0,45.9,18.1436948,Sugars and sweeteners
1,POTATO SWEET JUMBO,2.0,80.0,45.64,36.2873896,Cassava and Other Roots
1,BANANA PLANTAIN GREEN,1.0,50.0,44.55,22.6796185,Bananas
1,POTATO BAKING RUSSET 90CT FRSH,2.0,100.0,44.36,45.359237,Potatoes
150,APTZR POTSTICKER EDAMAME,1.0,7.5,44.3,3.401942775,Vegetables (misc.)
6,SPICE CINNAMON STICK,0.0,0.966,43.4,0.43817022942,Stimulants & Spices (misc.)
1,PICKLE CHIP DILL KO RE KK 5/16,1.0,45.6,43.35,20.683812072,"Wheat/Rye (Bread, pasta, baked goods)"
1,SPICE JUNIPER BERRIES WHOLE,1.0,1.3,43.06,0.5896700810000001,Stimulants & Spices (misc.)
100,CHEESE CREAM CHIVE & ONION,1.0,6.25,42.58,2.8349523125,Cheese
4,SAUCE TZATZIKI SOUR CREAM,1.0,15.0,41.97,6.80388555,Vegetable oils
2,TOMATO DICED 3/8IN TRAY,2.0,20.0,41.84,9.0718474,Tomatoes
1,ONION YELLOW JUMBO BAG,2.0,100.0,41.52,45.359237,Onions and Leeks
1,LIME FLORIDA FRESH,2.0,20.0,41.48,9.0718474,Citrus Fruit
4,VINEGAR CIDER APPLE 5% 50 GRN,1.0,33.6,41.27,15.240703632,Stimulants
1,APPLE GALA X-FANCY FRESH,1.0,41.0,41.24,18.59728717,Apples
1,ONION RED JUMBO BOX,2.0,50.0,41.2,22.6796185,Onions and Leeks
1,PEPPER RED FRESNO,1.0,5.0,40.11,2.2679618500000003,Stimulants & Spices (misc.)
6,TOMATO WHOLE PEELD PLM NTRL,1.0,45.0,40.0,20.41165665,Tomatoes
1,CAULIFLOWER FRESH MULTI-COLOR,1.0,15.0,39.49,6.80388555,Cabbages and other Brassicas (Broccoli)
12,YOGURT STRAW/BAN GREEK 2%,2.0,9.0,39.12,4.082331330000001,Yogurt
12,YOGURT MANGO GREEK 2%,2.0,8.0,39.12,3.62873896,Yogurt
12,YOGURT PEACH GREEK NONFAT,2.0,8.0,39.12,3.62873896,Yogurt
1,THYME FRESH,2.0,4.0,39.08,1.81436948,Vegetables (misc.)
12,SAUCE CHILI SWEET THAI,1.0,24.0,38.79,10.88621688,Vegetable oils
6,BEAN BLACK FRESH READY TO EAT,1.0,24.0,38.77,10.88621688,Beans and pulses (dried)
6,BEAN GARBANZO FRESH RTE,1.0,24.0,38.77,10.88621688,Beans and pulses (dried)
2,MANGO CUBED,1.0,10.0,38.57,4.535923700000001,Fruits (misc.)
1,ASPARAGUS FRESH JUMBO,1.0,11.0,37.47,4.9895160700000005,Other vegetables
10,TOMATO CHERRY MIX HEIRLOOM,1.0,6.75,37.14,3.0617484975,Fruits (misc.)
4,PASTA RIGATONI MEZZI,1.0,20.0,37.05,9.0718474,"Wheat/Rye (Bread, pasta, baked goods)"
4,CARROT SHRD FRSH MATCH STK,1.0,20.0,36.26,9.0718474,Root Vegetables
12,YOGURT POMEGRANATE GREEK NF,2.0,9.0,36.06,4.082331330000001,Yogurt
1,BROCCOLI SLAW,2.0,10.0,35.74,4.535923700000001,Cabbages and other Brassicas (Broccoli)
6,CHEESE MUENSTER RED RIND,0.0,10.01,35.51,4.5404596237,Cheese
6,LETTUCE ROMAINE CHOP,1.0,12.0,35.02,5.4431084400000005,Cabbages and other Brassicas (Broccoli)
24,BUN HAMBURGER GLUTEN FREE IW,1.0,4.8,34.6,2.177243376,Pork (pig meat)
1,APPLE RED DEL FANCY FRESH,1.0,40.0,33.97,18.1436948,Apples
1200,SUGAR TURBINADO,1.0,12.15,33.82,5.511147295500001,Sugars and sweeteners
1,FLOWER ORCHID DECORATIVE MULTI,1.0,0.312,33.07,0.14152081944,Other vegetables
1,CRANBERRY DRIED CRAISINS,1.0,10.0,31.45,4.535923700000001,Fruits (misc.)
2,SAUCE PESTO NO NUT,1.0,4.0,30.77,1.81436948,Vegetable oils
8,APPLE GRANNY X-FANCY FRESH,0.0,20.0,30.7,9.0718474,Apples
24,WATER FLAVOR COCONUT CAN,2.0,36.0,29.72,16.329325320000002,Tree nuts and seeds
24,WATER SPARKLING PASSIONFRUIT,2.0,40.0,29.72,18.1436948,Fruits (misc.)
4,CROUTON GARLIC BUTR FRCH CUT,1.0,10.0,29.54,4.535923700000001,"Wheat/Rye (Bread, pasta, baked goods)"
1,PEPPER POBLANO FRESH,1.0,10.0,29.16,4.535923700000001,Stimulants & Spices (misc.)
6,YOGURT PLAIN GREEK NON-FAT,1.0,12.0,29.12,5.4431084400000005,Yogurt
24,WATER SPRKLG MINERAL GLASS,1.0,17.18,27.86,7.7927169166,Uncategorized
6,MILK SOY UNSWTND ORGANIC,1.0,26.0,27.83,11.79340162,Soy milk
2,SALSA PICO DE GALLO,1.0,10.0,27.25,4.535923700000001,Stimulants
1,CELERY ROOT FRSH,1.0,0.1,25.63,0.045359237,Other vegetables
6,VINEGAR RED WINE,1.0,12.26,25.61,5.5610424562,Stimulants
1,MUSHROOM BUTTON FRESH,1.0,10.0,25.41,4.535923700000001,Vegetables (misc.)
12,LETTUCE BIBB HYDRO FRESH,1.0,5.0,25.06,2.2679618500000003,Cabbages and other Brassicas (Broccoli)
1,TARRAGON FRESH HERB,3.0,0.75,24.99,0.3401942775,Stimulants & Spices (misc.)
1,LETTUCE FRESH TENDER GREENS,2.0,6.0,24.86,2.72155422,Cabbages and other Brassicas (Broccoli)
2,CHERRY RED TART PTD IQF GRA,1.0,10.0,24.75,4.535923700000001,Fruits (misc.)
2,BEAN GREEN TRIMMED FRSH,1.0,10.45,24.6,4.7400402665,Beans and pulses (dried)
12,MUSTARD BROWN SPCY BOTTLES,1.0,9.0,24.57,4.082331330000001,Tree nuts and seeds
6,JUICE LIME PSTRZD ULTRA PREM,1.0,13.0,24.07,5.8967008100000005,Citrus Fruit
1,CARROT FRESH JUMBO,1.0,50.0,23.74,22.6796185,Root Vegetables
8,PASTA ROTINI GLUTEN FREE,1.0,6.0,22.83,2.72155422,"Wheat/Rye (Bread, pasta, baked goods)"
30,RADISH RED CELLO PACK FRESH,1.0,10.0,22.01,4.535923700000001,Root Vegetables
1,CAKE POUND MARBLE SLICED I/W,1.0,4.0,21.0,1.81436948,"Wheat/Rye (Bread, pasta, baked goods)"
1,CAKE POUND SLI LMN,1.0,4.25,20.72,1.9277675725,"Wheat/Rye (Bread, pasta, baked goods)"
1,LIME FRESH,1.0,9.0,20.69,4.082331330000001,Citrus Fruit
4,DRESSING RANCH BUTTERMILK,0.0,8.175,20.52,3.70811762475,Yogurt
24,WATER SPRING BOX,1.0,14.0,20.23,6.35029318,Uncategorized
1,CAKE POUND SLI BAN NUT,1.0,4.25,19.86,1.9277675725,"Wheat/Rye (Bread, pasta, baked goods)"
1,MINT FRESH,1.0,2.0,19.6,0.90718474,Stimulants & Spices (misc.)
1,ROSEMARY FRESH,1.0,2.0,19.54,0.90718474,Vegetables (misc.)
6,SPICE PEPPER BLK COARSE GRND,0.0,1.008,19.52,0.45722110896,Stimulants & Spices (misc.)
1,SPINACH BABY FRSH,1.0,4.0,19.19,1.81436948,Cabbages and other Brassicas (Broccoli)
1,CARROT BABY PLD 1 TOP,1.0,5.0,18.68,2.2679618500000003,Root Vegetables
1,CARROT STK ST 3/8X4 STACK,1.0,5.0,17.87,2.2679618500000003,Root Vegetables
4,ONION PEARL MINI P,1.0,7.25,16.71,3.2885446825,Onions and Leeks
1,BREAD NAAN DIPPERS MINI,1.0,2.0,16.7,0.90718474,"Wheat/Rye (Bread, pasta, baked goods)"
3,LETTUCE MIX TUSCAN BABY KALE,1.0,3.0,16.49,1.36077711,Cabbages and other Brassicas (Broccoli)
1,GINGER ROOT FRESH,1.0,5.0,16.32,2.2679618500000003,Roots and Tubers
24,WATER SPARKLING ORG,1.0,20.0,14.86,9.0718474,Uncategorized
24,WATER SPARKLING CRAN RASP,1.0,20.0,14.86,9.0718474,Berries
24,WATER SPARKLING GUAVA,1.0,20.0,14.86,9.0718474,Fruits (misc.)
24,WATER SPARKLING PEACH PEAR,1.0,20.0,14.86,9.0718474,Fruits (misc.)
1,FLOUR ALL PURP H&R BL EN MT,1.0,25.0,14.45,11.33980925,Grains/cereals (except rice)
6,PEANUT BUTTER CREAMY,0.0,4.894,13.47,2.21988105878,Cream
4,ONION GREEN ICELS,0.0,3.075,12.36,1.3947965377500002,Onions and Leeks
1,DILL BABY FRESH HERB,2.0,0.5,12.06,0.226796185,Stimulants & Spices (misc.)
1,CARROT MATCHSTICK PREMIUM,1.0,5.0,11.95,2.2679618500000003,Root Vegetables
4,CILANTRO CLEAN WASH FRESH HERB,0.0,2.35,11.68,1.0659420695,Stimulants & Spices (misc.)
1,ROSEMARY FRESH HERB,2.0,0.5,11.26,0.226796185,Vegetables (misc.)
4,CABBAGE RED SHRED 1/8,0.0,5.037,7.87,2.28474476769,Cabbages and other Brassicas (Broccoli)
6,HORSERADISH WHITE PRPD,0.0,2.0,6.82,0.90718474,Root Vegetables
4,LETTUCE SHREDDED 1/8 IN FRESH,0.0,5.0,6.34,2.2679618500000003,Cabbages and other Brassicas (Broccoli)
1,THYME FRESH HERB,1.0,0.25,6.03,0.1133980925,Vegetables (misc.)
1,CHIVE FRESH HERB,1.0,0.25,5.23,0.1133980925,Other vegetables
1,HERB FRESH BAY LEAVES,0.0,0.0,0.0,0.0,Stimulants & Spices (misc.)
30,BEEF PATTY RR HALAL 75/25 FRZ,311.0,3110.0,16013.39,1410.6722707,Beef & buffalo meat
2,CHICKEN WING BNLS HMSTYL PCK,195.0,1950.0,9602.56,884.5051215000001,"Poultry (chicken, turkey)"
3,CHICKEN WING BRD PCK CRISPY,155.0,2325.0,8822.2,1054.60226025,"Poultry (chicken, turkey)"
8,BUN HAMBURGER WHT S/TP 4IN SLI,168.0,3024.0,7453.71,1371.66332688,Pork (pig meat)
40,WATER BOTTLED SPRING,437.0,19927.2,6388.94,9038.825875464,Uncategorized
1,SALAD FRUIT NO ORANGES,79.0,1896.0,6176.22,860.01113352,Fruits (misc.)
2,CHICKEN TNDR BRD PCK,138.0,1380.0,5787.72,625.9574706000001,"Poultry (chicken, turkey)"
6,CHEESE STICK MOZZ WG,51.0,1530.0,5684.97,693.9963261,Cheese
2,CHICKEN NUG CKD BRD DINO,150.0,1500.0,5536.5,680.388555,"Poultry (chicken, turkey)"
2,CHICKEN BRST BRD PCK NAE 4OZ,95.0,950.0,4320.1,430.9127515,"Poultry (chicken, turkey)"
6,POTATO FRY KK 3/8 COAT XL,56.0,1680.0,3928.74,762.0351816,Oats (Oatmeal)
72,SANDWICH PEANUT BTR&GRAPE WHET,57.0,666.9,3768.27,302.500751553,Peas
1,SHORTENING FRY CANOLA CLR ZTF,110.0,3850.0,3749.2,1746.3306245,Rapeseed/canola (Oil)
2,CHICKEN MEAT DICED WHT LSOD,73.0,730.0,3528.46,331.12243010000003,Lamb/mutton & goat meat
4,JUICE LEMONADE READY TO USE,98.0,3430.0,3387.86,1555.8218291,Citrus Fruit
6,ONION RING BEER BATTER 5/8,54.0,796.5,3382.02,361.286322705,Onions and Leeks
2,ICE CREAM MIX SFTSR VAN 10%,53.0,2214.552,3208.8,1004.50389016824,Ice cream
4,CHEESE CHEDDR JACK FANCY SHRED,52.0,1040.0,3143.87,471.7360648,Cheese
6,MIX SMOOTHIE MANGO SHL STABLE,29.0,870.0,3118.95,394.6253619,Fruits (misc.)
6,APTZR CHEESE MAC WEDGES BTR,27.0,486.0,2851.47,220.44589182,Cheese
6,POTATO FRY SKON COIL 1/4 SPCY,55.0,1650.0,2798.4,748.4274105000001,Potatoes
12,GUACAMOLE SOUTHWESTERN HPP FRZ,44.0,528.0,2697.56,239.49677136000005,Fruits (misc.)
40,BURGER VEG BEYOND PATTY,29.0,290.0,2667.6,131.5417873,"Wheat/Rye (Bread, pasta, baked goods)"
6,POTATO FRY 3/8 LONG SPCY,42.0,1260.0,2546.22,571.5263862,Potatoes
6,MIX SMOOTHIE STRWBRY BAN SHLF,23.0,690.0,2473.65,312.97873530000004,Fruits (misc.)
24,SODA COKE DIET,106.0,1882.823,2353.2,854.0341468605101,Stimulants
2,CHICKEN BRST FIL BRD CKD 4OZ,41.0,410.0,2348.1,185.9728717,"Poultry (chicken, turkey)"
60,CEREAL ASSORTED PACK  CUP,29.0,194.59,2265.13,88.2645392783,Grains/cereals (except rice)
6,POTATO FRY WDG SKON SRCRM CHV,33.0,990.0,2113.98,449.0564463,Potatoes
1,TOMATO BULK RNDM SZ,74.0,1850.0,2082.78,839.1458845000001,Tomatoes
2,CHICKEN BRST NUG TEMPURA BTR,80.0,800.0,2078.4,362.873896,"Poultry (chicken, turkey)"
2,BACON BIT REAL CKD FINE GF,26.0,260.0,1987.96,117.9340162,Pork (pig meat)
1,CANDY M&M PLAIN BULK,18.0,442.8,1950.84,200.850701436,Sugars and sweeteners
2,EGG WHL LIQUID FRSH W/CITRC,22.0,880.0,1902.12,399.1612856,Eggs
2,BEEF ROAST POT SHLDR CLOD CH20,10.0,234.05,1849.46,106.1632941985,Beef & buffalo meat
6,POTATO FRY SWEET KK 7/16,41.0,615.0,1808.51,278.95930755,Potatoes
60,CEREAL ASSORTED CLASSIC PK CP,21.0,189.0,1716.33,85.72895793,Grains/cereals (except rice)
2,ICE CREAM MIX 10% CHOC SFT SRV,26.0,1193.4,1643.49,541.3171343580001,Ice cream
6,POTATO FRY STEAK,43.0,1290.0,1628.17,585.1341573000001,Potatoes
24,SODA COKE ZERO CANS SUITECASE,73.0,1384.08,1620.6,627.8081274696,Stimulants
60,POPCORN PLAIN 100 CALORIE BAG,22.0,88.0,1585.76,39.91612856,Corn (Maize)
2,EGG WHOLE W/CITRIC ACID CF,12.0,480.0,1583.64,217.7243376,Eggs
24,JUICE CRNBRY CKTAIL,60.0,900.0,1526.88,408.233133,Citrus Fruit
60,COOKIE MILANO,32.0,120.48,1507.52,54.64880873760001,"Wheat/Rye (Bread, pasta, baked goods)"
2,EGG LIQ WHL CAGE FREE W/CITRIC,6.0,240.0,1498.92,108.8621688,Eggs
48,PATTY VEG BLK BN CHIPOTL VEGAN,18.0,229.5,1457.1,104.099448915,Legumes (misc.)
24,ICE CREAM SNDW COOKIES N CRM,41.0,182.04,1444.43,82.5719550348,Ice cream
24,JUICE ORANGE PET,47.0,705.0,1434.31,319.78262085,Citrus Fruit
1,BEEF BRISKET,14.0,220.05,1360.13,99.8130010185,Beef & buffalo meat
1,COFFEE COLD BREW BIB,27.0,322.38,1287.09,146.2291082406,Coffee
24,MUFFIN ASST BL/BN/CHC/CHS I/W,40.0,254.8,1243.2,115.575335876,"Wheat/Rye (Bread, pasta, baked goods)"
4,CHEESE AMER 160 SLI YEL,20.0,400.0,1234.13,181.436948,Cheese
4,CHICKEN CVP BRST B/S 4OZ NAE,13.0,260.0,1230.45,117.9340162,"Poultry (chicken, turkey)"
24,ICE CREAM BAR NESTLE CRUN,37.0,166.5,1229.51,75.52312960500001,Ice cream
24,SODA COCA COLA CLS,55.0,1100.0,1221.0,498.951607,Stimulants
4,COFFEE FRZDRY ALEGRIA DELICATE,10.0,22.0,1216.41,9.97903214,Coffee
64,CHIP POTATO SALT & VNGR KETTLE,26.0,143.0,1171.64,64.86370891,"Wheat/Rye (Bread, pasta, baked goods)"
8,BEVERAGE MIX FROTHY ALEGRIA,6.0,96.0,1167.96,43.54486752,Uncategorized
12,YOGURT STRAWBERRY GREEK,121.0,363.0,1143.29,164.65403031,Yogurt
30,KETCHUP SQUEEZE UPSIDE DOWN,17.0,637.5,1117.27,289.16513587500003,Tomatoes
40,TURKEY BURGER SAVORY WHITE,22.0,293.26,1108.24,133.0204984262,"Poultry (chicken, turkey)"
12,YOGURT BLUEBERRY GREEK,115.0,345.0,1086.65,156.48936765000002,Yogurt
12,YOGURT VANILLA GREEK NONFAT,110.0,330.0,1076.4,149.6854821,Yogurt
24,TORTILLA FLOUR 6IN,42.0,1008.0,1005.06,457.22110896,Grains/cereals (except rice)
1,CHIP VARIETY FRITO LAY,23.0,150.88,982.47,68.4380167856,"Wheat/Rye (Bread, pasta, baked goods)"
12,CREAM HEAVY WHIPPING 36% ESL,14.0,359.24,961.98,162.9485229988,Cream
4,CREAM SOUR CULTRD GRADE A,22.0,440.0,958.6,199.5806428,Cream
4,LETTUCE SHREDDED 1/8 IN FRESH,37.0,740.0,937.55,335.65835380000004,Cabbages and other Brassicas (Broccoli)
120,COOKIE SANDWICH OREO 1.59 OZ,17.0,201.96,932.62,91.6075150452,"Wheat/Rye (Bread, pasta, baked goods)"
6,SAUCE MARINARA NO SALT ADD CA,14.0,546.0,921.76,247.66143402,Vegetable oils
4,COOKIE CRUMB OREO MED CRUNCH,17.0,170.0,918.85,77.1107029,"Wheat/Rye (Bread, pasta, baked goods)"
24,SODA GINGER ALE CUBE,56.0,1167.6,903.12,529.614451212,Stimulants
4,CELERY STICK FRESH,21.0,420.0,901.19,190.5087954,Other vegetables
64,CHIP POTATO REG SEA SALT,20.0,110.0,900.2,49.895160700000005,"Wheat/Rye (Bread, pasta, baked goods)"
108,SNACK BAR GRANOLA OAT&HNY 2PK,10.0,129.1,893.98,58.558774967,Oats (Oatmeal)
24,MILK WHL BTL ESL,41.0,528.9,880.38,239.905004493,Milk (cow's milk)
6,POTATO FRY SKON WAFFLE RED,15.0,405.0,829.2,183.70490985,"Wheat/Rye (Bread, pasta, baked goods)"
4,EMPANADA CHICKEN ALPASTOR BLU,11.0,68.75,822.58,31.1844754375,"Poultry (chicken, turkey)"
6,SAUCE CHEESE AGED CHED ZTF,11.0,440.88,821.05,199.9798040856,Cheese
2,SALSA PICO DE GALLO,30.0,300.0,817.5,136.077711,Stimulants
24,SODA SPRITE CANS,36.0,648.0,790.92,293.92785576,Stimulants
6,MIX PANCAKE BTRMLK COMPLT,19.0,570.0,780.9,258.5476509,"Wheat/Rye (Bread, pasta, baked goods)"
64,CHIP POTATO JALAPENO KETTLE,17.0,93.5,764.48,42.410886595,"Wheat/Rye (Bread, pasta, baked goods)"
4,JUICE ORANGE CONC 5X1 ORIG,4.0,128.0,758.88,58.05982336,Citrus Fruit
48,CRACKER RITZ BIT SND W/CHS T/P,24.0,72.0,756.0,32.658650640000005,"Wheat/Rye (Bread, pasta, baked goods)"
60,COOKIE MINI CHIPS AHOY,21.0,157.5,728.28,71.440798275,"Wheat/Rye (Bread, pasta, baked goods)"
24,CEREAL OATMEAL MAPLE BRN SUG,20.0,57.72,727.2,26.181351596400003,Grains/cereals (except rice)
72,SNACK TRAIL MIX NUT & CHOC,12.0,108.0,723.48,48.98797596,Tree nuts and seeds
4,SALSA CHUNKY MILD AUTHENTIC,9.0,303.75,722.44,137.7786823875,Stimulants
24,CEREAL HOT OATMEAL APPLE CINN,20.0,51.72,722.42,23.4597973764,Grains/cereals (except rice)
6,PAN COATING BUTR SPRAY,20.0,127.4,709.6,57.787667938000006,Vegetable oils
3,KETCHUP FANCY POUCH DSPNSR,15.0,660.0,699.93,299.3709642,Tomatoes
1,TOMATO GRAPE FRSH,32.0,320.0,694.45,145.14955840000002,Tomatoes
72,SNACK TRAIL MIX FRUIT & NUT,11.0,99.0,682.22,44.905644630000005,Tree nuts and seeds
64,CHIP POTATO BBQ SMKHSE KETTLE,15.0,82.5,674.0,37.421370525,"Wheat/Rye (Bread, pasta, baked goods)"
4,CARROT BABY CUT PLD,24.0,415.2,671.98,188.331552024,Root Vegetables
72,CROISSANT BUTTER CURVED BAKED,10.0,90.0,667.4,40.8233133,Butter
3,SPRINGROLL VEGETABLE,8.0,72.0,665.04,32.658650640000005,Legumes (misc.)
1,MUSHROOM SLCD FRESH,28.0,280.0,648.48,127.0058636,Vegetables (misc.)
1,ORANGE FANCY FRESH,18.0,720.0,634.76,326.5865064,Citrus Fruit
2,SAUCE BBQ ORIG DISP PK,10.0,244.2,634.7,110.767256754,Vegetable oils
64,SNACK CHEESE CRNCHY JALA CHEDR,14.0,112.0,628.76,50.80234544,Cheese
6,CHIP PITA SIMPLY NAKED,19.0,114.0,628.2,51.70953018,"Wheat/Rye (Bread, pasta, baked goods)"
24,MILK CHOC 1% BTL ESL,30.0,360.0,623.85,163.2932532,Milk (cow's milk)
6,PLANTBASED PRTN PULLED MSHRM,6.0,79.74,614.07,36.1694555838,Legumes (misc.)
4,JUICE APPLE BOX 100% 6.75OZ,36.0,528.84,611.64,239.87778895080004,Apples
1,EGG SHELL XLRG GRD AA USDA WHT,5.0,126.25,609.67,57.2660367125,Eggs
6,COCOA MIX ALEGRIA,6.0,63.0,592.86,28.57631931,Tree nuts and seeds
1,EGG SHELL LRG WHT A CAGE FREE,8.0,180.0,592.26,81.6466266,Eggs
4,SHRIMP WHT P&D TLOF 51/60,12.0,120.0,591.32,54.4310844,Crustaceans (shrimp/prawns)
72,CRACKER GOLDFISH CHDR CHS,18.0,88.2,579.6,40.006847034,Fish (finfish)
3,SALAD MACARONI ELBOW,11.0,264.0,577.39,119.74838568,Vegetables (misc.)
2,MAYONNAISE POUCH DISPENSER,7.0,168.0,573.51,76.20351816,Vegetable oils
4,BEEF GRND BULK 81/19 CHUB FRS,3.0,121.1,548.38,54.930036007,Beef & buffalo meat
1,APPLE GLDN DEL X-FANCY FRESH,11.0,440.0,545.56,199.5806428,Apples
16,CHICKEN CVP 8PC CUT TR HAL,5.0,251.8,540.87,114.214558766,"Poultry (chicken, turkey)"
4,JUICE APPLE CONC DISP 6X1,3.0,96.0,539.31,43.54486752,Apples
3,MANGO DICED,12.0,180.0,533.87,81.6466266,Fruits (misc.)
2,DRESSING HONEY MUST DSPNSR PAK,11.0,266.75,523.13,120.9957646975,Vegetable oils
4,DIP HUMMUS TRADITIONAL,11.0,165.0,522.83,74.84274105,Vegetable oils
24,NOODLE CHICKEN TOP RAMEN,22.0,88.0,521.84,39.91612856,"Poultry (chicken, turkey)"
54,WAFFLE MAPLE LIEGE EGGO,12.0,78.6,518.52,35.652360282,Eggs
72,POP TART STWBRY FRSTD POUCH,8.0,80.0,518.0,36.2873896,Berries
48,ICE CREAM SANDWICH VAN,18.0,127.89,509.58,58.009928199300006,Ice cream
30,CHEESE BABYBEL ORIGINAL,30.0,39.6,508.8,17.962257852,Cheese
4,LETTUCE FRESH TENDER GREENS,13.0,156.0,508.79,70.76040972,Cabbages and other Brassicas (Broccoli)
24,DRINK ORANGE LOOSE PACK,31.0,604.5,506.54,274.19658766500004,Citrus Fruit
72,POP TART S MORES,8.0,132.0,501.76,59.874192840000006,Sugars and sweeteners
60,CRACKER CHEEZITS ORIG SNACK,14.0,78.4,501.21,35.561641808000005,"Wheat/Rye (Bread, pasta, baked goods)"
72,POP TART BRN SUGAR CINN FRSTD,8.0,80.0,498.56,36.2873896,Sugars and sweeteners
48,JUICE PNAPL NOT FRM CONC 100%,15.0,258.0,479.55,117.02683146,Fruits (misc.)
24,CAKE POUND IND WRPD,27.0,65.475,472.23,29.69896042575,"Wheat/Rye (Bread, pasta, baked goods)"
1,CHOCOLATE CHIP SEMI REAL 4000,4.0,96.0,471.8,43.54486752,"Wheat/Rye (Bread, pasta, baked goods)"
1,APTZR EGGROLL SANTA FE CHKN,5.0,76.25,470.3,34.5864182125,"Poultry (chicken, turkey)"
24,MILK SKIM BTL ESL,23.0,300.15,468.92,136.1457498555,Milk (cow's milk)
6,COFFEE CAPP FRCH VAN,6.0,72.0,459.54,32.658650640000005,Coffee
1,SEED CHIA BLK ORGANC,6.0,60.0,459.18,27.2155422,Tree nuts and seeds
6,CLEANER GRL AND PANINI HGH TMP,4.0,64.8,454.92,29.392785576,Uncategorized
1,SALMON FIL BAY OF FUNDY SKLS,3.0,34.3,447.37,15.558218291,Fish (finfish)
18,MILK SOY VAN SILK ASP PRISMA,20.0,180.0,445.8,81.6466266,Soy milk
1,APPLE RED DEL FANCY FRESH,13.0,520.0,440.75,235.8680324,Apples
1,SUPPLY EQUIPMENT ON THE FLY,1.0,6.0,439.24,2.72155422,Uncategorized
24,ICE CREAM BAR STRAWBRY SHRTCK,14.0,64.54,428.12,29.274851559800005,Ice cream
18,MILK SOY CHOC,19.0,171.0,424.46,77.56429527,Soy milk
1,SYRUP LIQUID SWEETENER HFCS,16.0,892.96,418.88,405.03984271520005,Sugars and sweeteners
6,POTATO FRY KK 7/8X9/16 SPCYBTR,8.0,240.0,418.64,108.8621688,Potatoes
1,PLANTBASED MEATBALL VEGAN,7.0,70.0,418.32,31.751465900000003,Legumes (misc.)
2,TURKEY BRST SMOKED SKON,5.0,91.2,417.55,41.367624144,"Poultry (chicken, turkey)"
24,MILK ALMOND BREEZE CHOC ASPT,12.0,144.0,403.2,65.31730128000001,Almond milk
1,SPINACH BABY FRSH,21.0,84.0,402.98,38.10175908,Cabbages and other Brassicas (Broccoli)
6,PORK CARNITAS MEAT PRCK CAFE H,3.0,90.4,402.19,41.00475024800001,Pork (pig meat)
4,SAUCE BBQ KOREAN,7.0,136.199,398.93,61.77882720163001,Vegetable oils
2,APTZR QUESO BRD NACHO,23.0,184.0,391.23,83.46099608,Uncategorized
1,CANDY MINT STARLIGHT POUCH PPM,4.0,120.0,379.42,54.4310844,Sugars and sweeteners
2,PEPPER GREEN DICED FRESH,12.0,120.0,374.76,54.4310844,Stimulants & Spices (misc.)
24,DRINK FRUIT PUNCH LOOSE PK,23.0,443.9,371.91,201.349653043,Fruits (misc.)
24,WATER SPARKLING GUAVA,25.0,500.0,371.5,226.796185,Fruits (misc.)
96,BEEF PATTY 80/20 SLIDER FRSH,6.0,72.0,370.56,32.658650640000005,Beef & buffalo meat
1,EGG SHELL LG WHT PASTEURIZED,4.0,96.0,367.64,43.54486752,Eggs
1,CATFISH FIL IQF 5-7 OZ,5.0,75.0,354.15,34.01942775,Fish (finfish)
2,CREAMER HALF & HALF SHELF STAB,6.0,144.0,353.88,65.31730128000001,Milk (cow's milk)
6,YOGURT VANILLA PARFAIT POUCH,9.0,216.0,351.36,97.97595192,Yogurt
2,MEATBALL BEEF ITAL STYLE 1 OZ,7.0,70.0,350.89,31.751465900000003,Beef & buffalo meat
4,SAUCE HOT NASHVILLE,6.0,108.516,350.64,49.22202962292,Vegetable oils
4,SYRUP PANCAKE AND WAFFLE,7.0,322.0,350.04,146.05674314,Sugars and sweeteners
24,JUICE GRAPE 100% PLAS,14.0,210.0,348.74,95.2543977,Citrus Fruit
50,SAUSAGE VEGETARIAN ITAL HOT,3.0,33.0,344.22,14.968548210000002,Legumes (misc.)
2,BACON PRECOOKED REGULAR SLICE,6.0,24.6,341.18,11.158372302000002,Pork (pig meat)
2,APTZR VEGETABLE SAMOSA SMALL,6.0,48.0,337.92,21.77243376,"Wheat/Rye (Bread, pasta, baked goods)"
1,OAT REGULAR GLUTEN FREE,6.0,150.0,333.96,68.0388555,Oats (Oatmeal)
24,WATER SPARKLING MANGO,22.0,440.0,326.92,199.5806428,Fruits (misc.)
2,WATER SPARKLING BEACH PLUM,22.0,396.0,326.92,179.62257852000002,Fruits (misc.)
24,NOODLE ASIAN RAMEN ORIG,8.0,42.0,322.96,19.05087954,"Wheat/Rye (Bread, pasta, baked goods)"
12,MAYONNAISE SQUEEZE BTL,5.0,43.1,320.8,19.549831147000003,Vegetable oils
6,CHIP TORTILLA YEL CORN RND,9.0,108.0,316.66,48.98797596,Corn (Maize)
175,PASTRY BEIGNET MINI FLD MATCHA,6.0,57.84,305.1,26.235782680800003,"Wheat/Rye (Bread, pasta, baked goods)"
1,TILAPIA FIL BTRD PUBHSE 3 OZ.,5.0,50.0,300.15,22.6796185,Fish (finfish)
6,PICKLE SLI DILL KO THICK FP,6.0,222.75,299.1,101.0377004175,Stimulants
2,PETIT FOUR ASST,4.0,19.0,298.36,8.61825503,Sugars and sweeteners
48,BREAKFAST BAR NUTRI-GRN RASP,8.0,31.6,297.91,14.333518892,Oats (Oatmeal)
4,SAUCE ALFREDO POUCH GLUTFR,4.0,64.0,297.76,29.02991168,Vegetable oils
48,BREAKFAST BAR NUTRI-GRN APPLE,8.0,40.0,296.17,18.1436948,Oats (Oatmeal)
48,BREAKFAST BAR NUTRI-GRN STWBRY,8.0,31.6,292.01,14.333518892,Oats (Oatmeal)
6,SPICE PEPPERCORN BLK GRINDER,3.0,8.37,291.75,3.7965681369,Corn (Maize)
2,POTATO H/BRN CKD SKLS REG CUT,11.0,220.0,287.54,99.7903214,Potatoes
2,MILK 2% SHELF STABLE,7.0,168.0,284.48,76.20351816,Milk (cow's milk)
24,ICE CREAM DRUMSTCK VAN,7.0,35.0,283.99,15.875732950000002,Ice cream
1,AVOCADO HASS BRKNG #2 GUAC PAK,5.0,117.5,283.68,53.297103475,Fruits (misc.)
24,WATER FLAVOR COCONUT CAN,19.0,342.0,282.34,155.12859054,Tree nuts and seeds
24,SNACK CHEESE JUMBO PUFFS XVL,9.0,28.683,282.02,13.01038994871,Cheese
4,BEEF FAJ STRIP RAW MAR SW FRZ,2.0,40.0,278.32,18.1436948,Beef & buffalo meat
1,BANANA FRESH GREEN,11.0,473.0,278.19,214.54919101,Bananas
6,YOGURT STRAWBERRY PARFAIT POUC,7.0,168.0,273.28,76.20351816,Yogurt
64,CHIP TORTILLA FLAMIN HOT,6.0,42.0,271.44,19.05087954,"Wheat/Rye (Bread, pasta, baked goods)"
6,SALT SEA GRINDER,3.0,14.31,270.42,6.490906814700001,Stimulants & Spices (misc.)
2,CHEESE COTTAGE SMALL CURD 4%,10.0,100.0,270.25,45.359237,Cheese
6,TEA ASST 6 FLVR,9.0,18.0,269.46,8.164662660000001,Stimulants
4,CAKE LEMON BRY CRM MASCARPONE,2.0,45.6,266.72,20.683812072,"Wheat/Rye (Bread, pasta, baked goods)"
150,APTZR POTSTICKER EDAMAME,6.0,45.0,265.8,20.41165665,Vegetables (misc.)
4,MAYONNAISE XHV,5.0,155.0,263.9,70.30681735,Vegetable oils
120,SNACK BAR GRANOLA CHOC CHIP,4.0,30.0,260.8,13.6077711,Oats (Oatmeal)
8,CHIP POTATO REG RDGD,8.0,64.0,256.84,29.02991168,"Wheat/Rye (Bread, pasta, baked goods)"
24,WATER SPARKLING BERRY,17.0,306.0,252.62,138.79926522,Berries
140,DESSERT MINI RASPBERRY BEIGNET,4.0,30.88,251.4,14.0069323856,Sugars and sweeteners
6,OIL OLIVE EXTRA VIRGIN FRUTATO,2.0,32.5,249.72,14.741752025,Olives (Oil)
2,BEEF BACON STRIPS HALAL,3.0,30.0,244.59,13.6077711,Beef & buffalo meat
6,CHEESE CREAM WHPD TUB,0.0,42.0,242.64,19.05087954,Cheese
107,BURGER VEG SLIDER-SIZED CALIF,5.0,50.15,241.8,22.7476573555,"Wheat/Rye (Bread, pasta, baked goods)"
4,STEAK BEEF SHAVED XLEAN,0.0,40.0,241.36,18.1436948,Beef & buffalo meat
12,CANDY BAR CHOC MILK,0.0,20.9,238.62,9.480080533,Milk (cow's milk)
4,SAUCE BBQ CHIPOTLE CITRUS,3.0,125.4,238.08,56.88048319800001,Citrus Fruit
50,TURNOVER BEEF JAMAICAN STYLE,4.0,56.24,237.36,25.510034888800003,Beef & buffalo meat
4,FRANK ALL-BEEF 4X1 6,2.0,40.0,237.14,18.1436948,Beef & buffalo meat
4,SAUCE CHILI SWEET RED HOT,4.0,86.0,235.84,39.00894382,Vegetable oils
6,YOGURT BLUBRY LF PARFAITPRO,6.0,144.0,234.24,65.31730128000001,Yogurt
12,CREAM WHIPPED ARSL XTRA CREAMY,5.0,62.55,231.73,28.3722027435,Cream
24,DANISH ASST IW,8.0,40.0,228.08,18.1436948,Uncategorized
12,YOGURT PLAIN LO FAT,21.0,93.45,227.22,42.3882069765,Yogurt
6,APTZR PEPPER JAL CHD CHZ OVNBL,3.0,36.0,225.48,16.329325320000002,Stimulants & Spices (misc.)
4,DRESSING MAYONNAISE VEGAN,2.0,62.08,225.44,28.1590143296,Soybeans/Tofu
64,CHIP TORTILLA SPCY SWEET CHILI,5.0,35.0,223.9,15.875732950000002,"Wheat/Rye (Bread, pasta, baked goods)"
12,BROTH BEEF RTU,5.0,190.0,222.85,86.1825503,Beef & buffalo meat
6,CANDY GUMMY GOLD BEARS,2.0,60.0,220.7,27.2155422,Sugars and sweeteners
6,PLANTBASED BEEF GROUND,2.0,24.0,214.48,10.88621688,Legumes (misc.)
32,BREAD BOULE FRENCH MINI,5.0,70.0,213.9,31.751465900000003,"Wheat/Rye (Bread, pasta, baked goods)"
12,CANDY SWEDISH RED FISH,8.0,48.0,212.72,21.77243376,Fish (finfish)
48,APTZR STEAK & CHEESE ROLL,3.0,30.15,212.07,13.6758099555,Beef & buffalo meat
4,SAUCE BBQ & WING GOLDEN,3.0,117.513,212.07,53.303000175810006,Vegetable oils
4,CHEESE MOZZARELLA LMPS FTHR SH,1.0,70.0,211.39,31.751465900000003,Cheese
12,CANDY MINT CREME DE MENTHE,2.0,33.2,210.98,15.059266684000002,Sugars and sweeteners
6,TUNA TONGOL CHUNK IN WTR,2.0,55.9,210.92,25.355813483,Fish (finfish)
2,CHICKEN FAJ BRST STRIP CKD,4.0,40.0,207.52,18.1436948,"Poultry (chicken, turkey)"
6,CHEESE QUESO BRAVO DIP BAG WHT,2.0,60.0,205.44,27.2155422,Cheese
20,BREAD FRENCH LF GRLC,3.0,45.0,203.85,20.41165665,"Wheat/Rye (Bread, pasta, baked goods)"
48,ICE CREAM CHOC MARBLE CUP,8.0,57.216,203.12,25.952741041920003,Ice cream
2,MEAT GYRO BEEF LAMB SLI,3.0,30.0,201.78,13.6077711,Beef & buffalo meat
1,EGG HARDBOILED WHL PEEL SEL,2.0,50.0,200.65,22.6796185,Eggs
24,SODA COKE CLS CAN 4X6,8.0,64.24,199.76,29.1387738488,Stimulants
6,POTATO FRY 1/4 SS ULTIMATE CSP,4.0,108.0,199.76,48.98797596,Potatoes
6,MILK ORIGINAL OAT XTRA CREAMY,10.0,219.6,199.1,99.608884452,Oat milk
2,CHICKEN POPCORN FRTR ORIG,5.0,50.0,196.31,22.6796185,"Poultry (chicken, turkey)"
2,SOUP VEGETARIAN 3 BEAN W/CHILI,4.0,64.0,195.76,29.02991168,Beans and pulses (dried)
4,ONION DICED 3/8 YEL,1.0,90.0,194.95,40.8233133,Onions and Leeks
2,CHICKEN BRST FIL BRD PRCK,4.0,40.0,194.48,18.1436948,"Poultry (chicken, turkey)"
6,BEAN BLACK FRESH READY TO EAT,5.0,120.0,193.85,54.4310844,Beans and pulses (dried)
2,ICE CREAM BAR CRUNCH,7.0,56.0,193.55,25.40117272,Ice cream
6,DRESSING RANCH LITE ESSENTIAL,5.0,62.38,191.65,28.295092040600004,Vegetable oils
24,TORTILLA FLOUR PRSSD 6 IN,7.0,136.5,185.29,61.915358505,Grains/cereals (except rice)
4,GARLIC PEELED FRESH,1.0,35.0,184.65,15.875732950000002,Stimulants & Spices (misc.)
6,TEA ASST HERB 6 FLAVORS,9.0,10.17,184.05,4.6130344029,Stimulants
2,PORK BBQ SMKD PULLED PREMIUM,3.0,30.0,183.87,13.6077711,Pork (pig meat)
192,BREAD NAAN CARMLZD ONION RND,3.0,38.025,183.6,17.24784986925,"Wheat/Rye (Bread, pasta, baked goods)"
6,VEGETABLE BLND RST PEPR ONION,5.0,75.0,183.23,34.01942775,Legumes (misc.)
6,APTZR FRANK IN BLNKT,2.0,16.0,182.58,7.25747792,Beef & buffalo meat
64,CHIP MULTIGRAIN GRDN SALSA LSS,4.0,24.0,180.96,10.88621688,Grains/cereals (except rice)
1,CLEANER FLOOR SANI WSH N WALK,1.0,21.6,180.78,9.797595192,Uncategorized
6,POTATO MASHED RED/SKN RST GRLC,3.0,72.0,174.66,32.658650640000005,Potatoes
1,SALMON BURGER ALASKAN 5 OZ,2.0,20.0,169.6,9.0718474,Fish (finfish)
96,BREAKFAST BAR CINN TST CRNCH,4.0,34.08,169.26,15.4584279696,Oats (Oatmeal)
96,BREAKFAST BAR COCOA PUFFS,4.0,34.08,169.26,15.4584279696,Oats (Oatmeal)
15,EGG YOLK LIQ FRSH,2.0,60.0,167.88,27.2155422,Eggs
12,TURKEY HAM SLI FRZ,3.0,36.0,165.51,16.329325320000002,"Poultry (chicken, turkey)"
6,APPLESAUCE FANCY SWEETENED,3.0,136.8,163.94,62.051436216000006,Apples
4,PORK BELLY SOUS VIDE FC,3.0,24.58,160.53,11.1493004546,Pork (pig meat)
12,CANDY SOUR PATCH WTRMLN FF,6.0,36.0,159.54,16.329325320000002,Sugars and sweeteners
38,CHICKEN BRST VEGTRN BREADED RW,2.0,23.75,158.4,10.7728187875,Legumes (misc.)
1,BEEF ROAST TOP RND C\O CH RAR,2.0,19.52,157.7,8.854123062400001,Beef & buffalo meat
24,TORTILLA FLOUR HT PRSSD 4.5 IN,4.0,66.0,157.68,29.937096420000003,Grains/cereals (except rice)
60,CEREAL ASSORTED FAV CUP PAK,2.0,18.0,157.58,8.164662660000001,Grains/cereals (except rice)
4,SAUCE WING BOURBON,3.0,62.175,156.93,28.20210560475,Vegetable oils
6,BEAN GARBANZO FRESH RTE,4.0,96.0,155.08,43.54486752,Beans and pulses (dried)
53,PORK RIB PTY PRE-COOKED,3.0,29.79,151.98,13.5125167023,Pork (pig meat)
12,EGG WHITE LIQ W/TEC OPT CHOICE,2.0,48.0,150.4,21.77243376,Eggs
2,SALAD POTATO RED-SK DLX,6.0,60.0,149.1,27.2155422,Vegetables (misc.)
12,HAM PROSCIUTTO DOM AGED SLICED,1.0,12.0,147.65,5.4431084400000005,Pork (pig meat)
4,SAUCE BBQ HNY,2.0,81.12,144.4,36.7954130544,Vegetable oils
144,SNACK FRUIT GUMMY MXD BRY,2.0,28.8,144.28,13.063460256,Fruits (misc.)
6,PRETZEL TINY TWIST BULK,9.0,54.0,142.98,24.49398798,"Wheat/Rye (Bread, pasta, baked goods)"
48,APTZR PIZZA PEPPERONI ROLL,2.0,20.1,141.38,9.117206637,Pork (pig meat)
120,BISCUIT BUTTERMILK RDY TOPSPLT,3.0,56.25,139.89,25.5145708125,Yogurt
6,MILK SOY PLAIN 64OZ,5.0,120.0,139.4,54.4310844,Soy milk
12,YOGURT STW/BLU BLK CHRY GREEK,9.0,35.775,137.97,16.22726703675,Yogurt
16,BUN HOT DOG BRIOCHE 6IN,2.0,32.0,134.8,14.51495584,"Wheat/Rye (Bread, pasta, baked goods)"
4,SAUCE WING BUFFALO,2.0,71.08,134.46,32.2413456596,"Poultry (chicken, turkey)"
2,PASTA SPAGHETTI 10 IN,4.0,83.6,134.22,37.920322132,"Wheat/Rye (Bread, pasta, baked goods)"
1,YEAST DRY FLK NUTRI BULK,1.0,10.0,133.6,4.535923700000001,Uncategorized
24,CHIP CORN KETTLE XVL,4.0,16.46,132.72,7.466130410200001,Corn (Maize)
8,PORK BUTT BNLS 1/4 6-9#EA,1.0,70.8,128.36,32.114339796,Pork (pig meat)
6,WRAP TORTILLA WHEAT 12 IN,3.0,49.5,128.31,22.452822315,"Wheat/Rye (Bread, pasta, baked goods)"
32,SNACK CHEESE CRUNCHY XVL,3.0,16.5,127.11,7.484274105000001,Cheese
24,CHIP POTATO JALAPENO FLVR  XVL,4.0,11.252,126.32,5.10382134724,"Wheat/Rye (Bread, pasta, baked goods)"
6,FILLING PIE BLUEBERRY,1.0,21.188,126.18,9.61071513556,"Wheat/Rye (Bread, pasta, baked goods)"
12,MUSTARD YELLOW SQZ CLS,6.0,55.2,125.88,25.038298824,Tree nuts and seeds
24,SAUCE HOT GREEN PPR,2.0,16.5,125.32,7.484274105000001,Vegetable oils
24,SAUCE HOT,2.0,16.42,125.2,7.447986715400001,Vegetable oils
6,POTATO FRY 3/8 LONG PHANTM,2.0,60.0,123.56,27.2155422,Potatoes
2,SAUCE PESTO NO NUT,4.0,16.0,123.08,7.25747792,Vegetable oils
36,BUTTER SOLID UNSLTD USDA AA,1.0,36.0,122.88,16.329325320000002,Butter
4,CHEESE CHDR MILD FCY SHRD YEL,2.0,40.0,122.2,18.1436948,Cheese
100,CHEESE CREAM PLAIN SPREAD CUP,4.0,25.0,121.8,11.33980925,Cheese
1,TOMATO BULK UTILITY FRESH,3.0,75.0,120.72,34.01942775,Tomatoes
2,ENTREE VEGETARIAN ALU CHOLE,3.0,24.0,120.69,10.88621688,Legumes (misc.)
50,CHICKEN PTY JAMACN UNBKD,2.0,28.12,119.44,12.755017444400002,"Poultry (chicken, turkey)"
175,PASTRY BEIGNET MN FLD CKIE BTR,2.0,19.28,119.4,8.745260893600001,"Wheat/Rye (Bread, pasta, baked goods)"
4,APTZR CRAB RANGOON 1 OZ EA,2.0,15.4,118.56,6.985322498,Crustaceans (shrimp/prawns)
8,CHEESE VEGAN CHED SLI,2.0,24.0,116.32,10.88621688,Soybeans/Tofu
1,RICE PARBOILED PERFECT,3.0,152.25,116.01,69.05943833250001,Rice
4,SAUCE BBQ ORIGINAL,2.0,81.12,115.72,36.7954130544,Vegetable oils
6,PEPPER JALAPENO SLI FIELD RUN,3.0,114.75,114.09,52.049724457500005,Stimulants & Spices (misc.)
1,CLEANER DEGRSR ORGFRC OASIS137,1.0,21.2,113.61,9.616158244,Uncategorized
6,CHEESE MOZZ LMPS  SLI .75OZ,3.0,27.0,111.9,12.24699399,Cheese
6,MILK COCONUT ORIG ESL,4.0,102.04,111.47,46.28456543480001,Tree nuts and seeds
140,DESSERT MINI PLAIN BEIGNET,2.0,12.34,109.36,5.5973298458,Sugars and sweeteners
48,ICE CREAM ORANG NF SHERBET CUP,5.0,46.32,108.75,21.0103985784,Ice cream
12,PORK RIB STLOUIS 2.5-2.75# CON,1.0,31.42,107.86,14.2518722654,Pork (pig meat)
4,CABBAGE GREEN SHRD FRSH W/BAG,3.0,85.0,106.19,38.55535145,Cabbages and other Brassicas (Broccoli)
6,"VEG BLEND SWT POT,RSTD ROOTVEG",2.0,30.0,104.36,13.6077711,Legumes (misc.)
12,SYRUP CARAMEL,1.0,45.5,101.74,20.638452835,Sugars and sweeteners
12,SPINACH CHOPPED IQF,2.0,48.3,101.34,21.908511471,Cabbages and other Brassicas (Broccoli)
1,BANANA FRESH GREEN TIP,4.0,172.0,101.16,78.01788764,Bananas
2,CHEESE VEGAN MOZZ SHRED,2.0,20.0,99.88,9.0718474,Soybeans/Tofu
6,DRESSING BLUE CHEESE POUR BTL,2.0,24.3,99.42,11.022294591,Cheese
48,ICE CREAM STWBRY CUP 4 OZ,4.0,26.124,99.28,11.84964707388,Ice cream
1,EGGPLANT CUTLET BRD,2.0,20.0,98.96,9.0718474,Other vegetables
6,MILK ALMOND DARK CHOC,4.0,102.0,97.88,46.266421740000006,Almond milk
6,MILK ALMOND UNSWT,4.0,100.68,97.8,45.6676798116,Almond milk
4,CHEESE COTIJA POLVO,0.0,15.0,97.29,6.80388555,Cheese
4,SAUCE WING SPICY GARLIC BUFF,2.0,35.008,97.22,15.87936168896,Vegetable oils
4,SAUCE HOT HNY WING GLZ,2.0,38.7,95.84,17.554024719,Vegetable oils
4,NOODLE SOBA,2.0,40.0,95.78,18.1436948,"Wheat/Rye (Bread, pasta, baked goods)"
1,EGG SHELL LRG BRN A CAGE FREE,2.0,45.0,95.5,20.41165665,Eggs
10,CANDY BAR MILKY WAY,0.0,10.6,92.98,4.808079122,Milk (cow's milk)
8,CHEESE CHDR MLD SLI INT .75 YL,2.0,24.0,92.42,10.88621688,Cheese
4,SAUCE WING SWT TERIYAKI,2.0,41.448,91.68,18.80049655176,Vegetable oils
6,ARTICHOKE HEART QUARTER,1.0,33.0,89.88,14.968548210000002,Vegetables (misc.)
48,ICE CREAM BAR FUDGE,4.0,38.976,89.83,17.67921621312,Ice cream
48,ICE CREAM RASP NF SHERBET CUP,4.0,37.056,88.2,16.80831886272,Ice cream
2,VEGETABLE MEDLEY RUSTIC ROOT,2.0,20.0,88.16,9.0718474,Legumes (misc.)
2,LAMB GROUND DOM 296 FINE,1.0,10.0,86.1,4.535923700000001,Lamb/mutton & goat meat
6,MILK COCONUT UNSWT,1.0,38.0,86.01,17.23651006,Tree nuts and seeds
4,SAUCE TZATZIKI SOUR CREAM,2.0,30.0,83.94,13.6077711,Vegetable oils
4,CHEESE GRUYERE SHRED,0.0,10.0,82.9,4.535923700000001,Cheese
2,PASTA PENNE RIGATE HVY WALL,2.0,40.0,82.66,18.1436948,"Wheat/Rye (Bread, pasta, baked goods)"
2,PASTA FETTUCINE FLAT,3.0,60.0,82.38,27.2155422,"Wheat/Rye (Bread, pasta, baked goods)"
1,FLOWER EDIBLE PANSY FRSH,5.0,5.0,81.2,2.2679618500000003,Other vegetables
12,SAUSAGE CHORIZO BULK MEXICAN,2.0,24.0,80.66,10.88621688,Pork (pig meat)
4,SYRUP MANGO NON-GMO,0.0,26.775,79.65,12.14493570675,Sugars and sweeteners
12,CANDY BAR KIT KAT 1.5 OZ,0.0,7.5,79.54,3.401942775,Sugars and sweeteners
4,CHEESE SWISS FEATHER SHRED,1.0,20.0,79.45,9.0718474,Cheese
6,CORN YEL RSTD,2.0,30.0,78.9,13.6077711,Corn (Maize)
6,PEACH SLICED Y/C IN FRUIT JC,1.0,40.0,78.84,18.1436948,Fruits (misc.)
3,MILK SWEETENED CONDENSED POUCH,1.0,25.0,78.79,11.33980925,Milk (cow's milk)
150,APTZR POTSTICKER CH LEMONGRASS,2.0,15.0,78.6,6.80388555,Citrus Fruit
1,SUPPLY SOTF KITCHEN,1.0,6.0,77.46,2.72155422,Uncategorized
2,ONION RED DICED 3/8,2.0,20.0,76.95,9.0718474,Onions and Leeks
42,MUFFIN MINI FLD BLUEBERY .92OZ,4.0,9.6,76.72,4.354486752,"Wheat/Rye (Bread, pasta, baked goods)"
1,TOMATO ROMA UTILITY FRESH,2.0,50.0,75.2,22.6796185,Tomatoes
4,SYRUP VANILLA PL BTL NONGMO,1.0,26.18,74.92,11.8750482466,Sugars and sweeteners
48,ICE CREAM CHOC CUP 4 OZ,3.0,20.259,74.76,9.18932782383,Ice cream
4,SYRUP FLVR DRAGON FRUIT,2.0,22.664,73.98,10.28021747368,Sugars and sweeteners
12,MUSTARD BROWN SPCY BOTTLES,3.0,27.0,73.71,12.24699399,Tree nuts and seeds
6,CHEESE PROVOLONE SLICED .75 TP,2.0,18.0,73.18,8.164662660000001,Cheese
6,PINEAPPLE TIDBIT JCE,1.0,45.7,72.31,20.729171309,Fruits (misc.)
6,PINEAPPLE SLI JCE,1.0,46.4,72.25,21.046685968,Fruits (misc.)
4,SAUCE BBQ GOLD SWEET & TANGY,1.0,37.6,71.85,17.055073112000002,Vegetable oils
2,CHEESE SWISS SNDW CUT GRADE A,1.0,17.51,71.46,7.942402398700001,Cheese
4,SYRUP CANE 100% PURE,1.0,23.8,71.33,10.795498406,Sugars and sweeteners
200,JUICE LEMON PAC,4.0,7.04,70.44,3.1932902848,Citrus Fruit
6,PINEAPPLE CHUNK JCE,1.0,45.7,69.77,20.729171309,Fruits (misc.)
36,"POPCORN KIT W/CORN, SALT & OIL",2.0,36.0,69.14,16.329325320000002,Corn (Maize)
4,MAYONNAISE DRESSING VEGENAISE,1.0,32.0,69.08,14.51495584,Vegetable oils
48,ICE CREAM VAN CUP FF/NSA 4 OZ,2.0,15.072,68.86,6.83654420064,Ice cream
6,APTZR PICKLE CHIPS BRD,1.0,15.0,68.78,6.80388555,"Wheat/Rye (Bread, pasta, baked goods)"
12,SAUCE PEPPER HARISSA MILD,1.0,15.0,68.5,6.80388555,Vegetable oils
2,ARUGULA BABY FRESH,4.0,16.0,68.28,7.25747792,Cabbages and other Brassicas (Broccoli)
60,DOUGH ROLL CINNAMON CLASSIC,1.0,25.0,67.43,11.33980925,"Wheat/Rye (Bread, pasta, baked goods)"
144,SNACK BAR CHOC CHIP OATMEAL,1.0,11.16,67.17,5.0620908492000005,Oats (Oatmeal)
1,GREEN MICRO MARIGOLD FLOWERS,4.0,1.024,66.72,0.46447858688,Other vegetables
216,WAFFLE STIX,1.0,11.2,65.39,5.080234544,"Wheat/Rye (Bread, pasta, baked goods)"
12,CRACKER ASSORTMENT FOR CHEESE,1.0,7.1,65.38,3.220505827,Cheese
1,SHERBET RAINBOW CUP,3.0,27.072,63.96,12.27965264064,Stimulants & Spices (misc.)
8,CROUTON SEASONED HMSTY ZTF,1.0,20.0,63.58,9.0718474,"Wheat/Rye (Bread, pasta, baked goods)"
12,BREAD PITA GYRO PRE-OILED 7,2.0,42.0,63.28,19.05087954,"Wheat/Rye (Bread, pasta, baked goods)"
60,CHEESE BITE MINI BRIE,1.0,3.3,62.87,1.496854821,Cheese
1,EGGPLANT FRESH,2.0,54.0,62.59,24.49398798,Other vegetables
4,PIEROGI POT/CHS CHDR 1.5 OZ,1.0,24.0,62.51,10.88621688,"Wheat/Rye (Bread, pasta, baked goods)"
4,PUREE PASSION FRUIT,1.0,11.5,62.14,5.216312255,Fruits (misc.)
2,CRANBERRY DRIED CRAISINS,3.0,18.0,61.38,8.164662660000001,Fruits (misc.)
12,VINEGAR BALSAMIC ITALY,1.0,23.6,60.98,10.704779932,Stimulants
6,TURKEY BREAST SLI OIL BR .75 F,1.0,12.0,60.97,5.4431084400000005,"Poultry (chicken, turkey)"
1,SQUASH ZUCCHINI FCY FRESH,5.0,25.0,60.75,11.33980925,Other vegetables
42,MUFFIN MINI FLD CKIE BTR .92OZ,3.0,7.2,60.72,3.265865064,"Wheat/Rye (Bread, pasta, baked goods)"
2,RASPBERRY RED WHOLE IQF,1.0,9.95,60.54,4.5132440815,Berries
6,BEAN REFRIED VEGETARIAN,1.0,42.0,60.29,19.05087954,Beans and pulses (dried)
6,TOMATO PASTE FANCY CA,1.0,41.625,59.25,18.88078240125,Tomatoes
12,PEPPER RED RSTD WHL IMP,1.0,21.0,59.08,9.52543977,Stimulants & Spices (misc.)
6,KALE CHOPPED,2.0,24.0,58.66,10.88621688,Cabbages and other Brassicas (Broccoli)
4,CILANTRO CLEAN WASH FRESH HERB,1.0,11.75,58.4,5.3297103475,Stimulants & Spices (misc.)
24,MILK CONDENSED SWEETENED,1.0,21.0,57.51,9.52543977,Milk (cow's milk)
1,CUCUMBER ENGLISH LONG,4.0,48.0,57.0,21.77243376,Other vegetables
6,WRAP TORTILLA SN TM BSL FLV 12,2.0,33.0,56.88,14.968548210000002,"Wheat/Rye (Bread, pasta, baked goods)"
6,ONION PIECES FRENCH FRIED,1.0,8.45,56.65,3.8328555265,"Wheat/Rye (Bread, pasta, baked goods)"
2,CHEESE BLUE CRUMBLES,0.0,15.0,55.85,6.80388555,Cheese
12,GRAVY BEEF ROASTED RTU,1.0,35.2,55.32,15.966451424000002,Beef & buffalo meat
6,HONEY PURE HOT CHILIES,1.0,5.0,55.03,2.2679618500000003,Sugars and sweeteners
8,CHEESE MOZZARELLA L/M WHL MLK,0.0,19.52,54.15,8.854123062400001,Cheese
1,OIL POPCORN BUTRY TOPPING,1.0,35.0,53.5,15.875732950000002,Corn (Maize)
6,ONION RING TANGLERS FLOUR BRD,1.0,11.5,52.34,5.216312255,Grains/cereals (except rice)
12,CANDY RED SWEDISH FISH WRPD,4.0,9.3,51.32,4.218409041,Fish (finfish)
72,TOAST FRENCH HT&SRV THICK 3/4,1.0,11.7,51.24,5.307030729,"Wheat/Rye (Bread, pasta, baked goods)"
6,EXTRACT VANILLA IMIT,0.0,14.0,50.75,6.35029318,Stimulants & Spices (misc.)
4,SWEETENER LIQUID AGAVE,0.0,16.312,50.0,7.39899873944,Sugars and sweeteners
6,VEGETABLE BLEND CHFCUT ASIAN,1.0,24.02,49.86,10.8952887274,Legumes (misc.)
48,ICE CREAM VAN CUP 4 OZ,2.0,12.784,49.58,5.798724858080001,Ice cream
6,PUDDING BANANA ZTF,1.0,42.06,49.42,19.0780950822,Bananas
6,JUICE LEMON PSTRZD ULTRA PREM,2.0,26.0,49.22,11.79340162,Citrus Fruit
30,COFFEE GRND FP,1.0,3.75,48.35,1.7009713875,Coffee
6,JUICE LIME PSTRZD ULTRA PREM,2.0,26.0,48.14,11.79340162,Citrus Fruit
4,POTATO SKIN 200 CT,1.0,17.0,47.72,7.71107029,Potatoes
4,CAKE SHEET SPONGE UNICED 12X16,1.0,11.0,45.91,4.9895160700000005,"Wheat/Rye (Bread, pasta, baked goods)"
1,POPCORN KERNEL YELLOW,1.0,50.0,45.78,22.6796185,Corn (Maize)
3,CURRY PASTE GREEN,1.0,7.65,45.61,3.4699816305000004,Stimulants
8,CHEESE CHDR MLD SLI INT.5OZ YL,1.0,12.0,45.58,5.4431084400000005,Cheese
64,CHIP MULTIGRAIN HRVST CHDR LSS,1.0,6.0,45.24,2.72155422,Grains/cereals (except rice)
2,BROWNIE CHOC CHIP PRCT,1.0,12.0,45.18,5.4431084400000005,"Wheat/Rye (Bread, pasta, baked goods)"
72,WAFFLE BELGIAN 4 IN,1.0,10.45,44.75,4.7400402665,"Wheat/Rye (Bread, pasta, baked goods)"
6,CHEESE CUBE SWISS/CHED/PPR JCK,1.0,12.0,44.73,5.4431084400000005,Cheese
2,CHEESE CURD WHITE CHEDDAR,1.0,10.0,44.69,4.535923700000001,Cheese
1,TOMATILLO FRESH DEHUSKED,1.0,20.0,44.22,9.0718474,Other vegetables
12,BREAD PITA PLAIN 2 OZ 6 IN,1.0,9.0,43.45,4.082331330000001,"Wheat/Rye (Bread, pasta, baked goods)"
1,SQUASH YELLOW FCY FRSH,3.0,15.0,43.07,6.80388555,Fruits (misc.)
4,OIL CANOLA SAL,1.0,32.5,42.77,14.741752025,Rapeseed/canola (Oil)
12,CANDY PEANUT BUTTER CUP,0.0,4.841,42.72,2.1958406631700003,Peas
12,CHEESE CHEDDAR MILD SLICE .5,1.0,12.0,41.58,5.4431084400000005,Cheese
4,VINEGAR CIDER APPLE 5% 50 GRN,1.0,33.6,41.5,15.240703632,Stimulants
4,POTATO SWEET DICED 3/8 SK/OFF,1.0,20.0,41.49,9.0718474,Cassava and Other Roots
324,DOUGH COOKIE SUGAR,1.0,20.25,41.39,9.1852454925,"Wheat/Rye (Bread, pasta, baked goods)"
2,ICE CREAM ORG DREAM BAR,2.0,15.744,41.16,7.14135827328,Ice cream
2,MEATBALL BEEF CHICKN HALAL 1OZ,1.0,10.0,40.6,4.535923700000001,Beef & buffalo meat
4,CHUTNEY TAMARIND,1.0,8.0,40.23,3.62873896,Stimulants
1,ONION RED MEDIUM BOX,2.0,50.0,40.04,22.6796185,Onions and Leeks
6,DRESSING BALSAMIC VGR ESSNTIAL,1.0,13.143,40.0,5.96156451891,Vegetable oils
1,YOGURT PLAIN WHL MILK DAHI,1.0,32.0,38.68,14.51495584,Yogurt
24,ICE ITALIAN LEMON TUBE,2.0,10.8,38.28,4.8987975960000005,Citrus Fruit
24,SUGAR BROWN DARK CANE,1.0,26.95,38.15,12.2243143715,Sugars and sweeteners
24,SUGAR BROWN LIGHT CANE,1.0,26.85,38.15,12.1789551345,Sugars and sweeteners
3,CHEESE PROVOLONE,0.0,12.1,37.98,5.488467677,Cheese
4,SYRUP GRENADINE,1.0,11.367,37.69,5.155984469790001,Sugars and sweeteners
12,SUGAR CONFECTIONER 10X CANE,1.0,24.0,37.28,10.88621688,Sugars and sweeteners
24,BUN HAMBURGER GLUTEN FREE IW,1.0,4.8,36.9,2.177243376,Pork (pig meat)
1,BASIL FRESH THAI HERB,3.0,3.0,36.03,1.36077711,Stimulants & Spices (misc.)
6,TOMATO CRUSHED JERSEY FRSH,1.0,44.5,36.01,20.184860465,Tomatoes
1,CARROT MATCHSTICK PREMIUM,3.0,15.0,35.85,6.80388555,Root Vegetables
8,STRAWBERRY FRESH DRISCOLL,1.0,8.0,35.57,3.62873896,Berries
4,BANANA PLANTAIN SLI SWEET,1.0,24.0,34.77,10.88621688,Bananas
6,PASTE MISO WHT KOSHI,1.0,4.95,34.39,2.2452822315,Stimulants
2,CHEESE PEPPER JACK LOAF,1.0,10.0,33.4,4.535923700000001,Cheese
6,DRESSING ITALIAN LOW CAL,1.0,13.061,33.25,5.92436994457,Vegetable oils
1,PEPPER POBLANO FRESH,1.0,10.0,31.29,4.535923700000001,Stimulants & Spices (misc.)
4,PUREE WATERMELON,0.0,5.685,31.1,2.57867262345,Fruits (misc.)
6,STRAWBERRY SLICED 4X1,0.0,13.116,31.08,5.9493175249200005,Berries
4,ONION GREEN ICELS,0.0,7.685,30.9,3.48585736345,Onions and Leeks
2,CHEESE GOUDA SMOKED,0.0,6.38,30.45,2.8939193206,Cheese
1,GRAPE GREEN SDLS FRESH,2.0,8.0,30.3,3.62873896,Citrus Fruit
1,GRAPE RED SDLS FRESH,2.0,8.0,30.3,3.62873896,Citrus Fruit
12,PASTE TAHINI,0.0,4.0,30.04,1.81436948,Stimulants
4,PARSLEY CLN/WASH FRESH HERB,0.0,5.0,29.55,2.2679618500000003,Grains/cereals (except rice)
1,BAG PAPER BRN 4LB,2.0,13.82,29.26,6.268646553400001,Uncategorized
6,MUFFIN ENGLISH SANDWICH 3 OZ,1.0,8.535,27.22,3.87141087795,"Wheat/Rye (Bread, pasta, baked goods)"
12,CEREAL HOT GRITS QUICK,1.0,18.0,27.05,8.164662660000001,Grains/cereals (except rice)
6,CHEESE PARM GRTD DRY CARTON US,0.0,5.0,26.44,2.2679618500000003,Cheese
4,PUREE PEACH,0.0,6.35,26.36,2.8803115495,Fruits (misc.)
6,CABBAGE NAPA KIMCHI,1.0,0.875,25.71,0.39689332375,Cabbages and other Brassicas (Broccoli)
6,CHEESE MOZZ FRSH SLI THIN,1.0,6.0,25.62,2.72155422,Cheese
6,VINEGAR RED WINE,1.0,12.26,25.61,5.5610424562,Stimulants
6,MUFFIN ENGLISH ORIG 2 OZ,1.0,6.683,24.05,3.03135780871,"Wheat/Rye (Bread, pasta, baked goods)"
12,PEPPER CHIPOTLE IN ADOBO SAUCE,1.0,6.2,23.41,2.812272694,Vegetable oils
180,CREAMER HZLNT NON DAIRY,1.0,4.85,23.18,2.1999229945,Cream
12,CANDY GUMMY PEACHES,1.0,3.75,22.2,1.7009713875,Fruits (misc.)
4,KALE FRESH GRN SHRD 1/8 SEPCLR,1.0,6.0,21.52,2.72155422,Cabbages and other Brassicas (Broccoli)
6,SPICE PAPRIKA SMK,0.0,1.062,21.15,0.48171509694,Stimulants & Spices (misc.)
2,TOMATO DICED 3/8IN TRAY,1.0,10.0,20.92,4.535923700000001,Tomatoes
1,ONION RED JUMBO BOX,1.0,25.0,20.6,11.33980925,Onions and Leeks
6,GLAZE BALSAMIC,1.0,4.9,20.35,2.2226026130000003,Stimulants
1,ONION WHITE FRSH JBO,1.0,25.0,20.08,11.33980925,Onions and Leeks
6,SEASONING CAJUN,0.0,1.158,19.86,0.52525996446,Stimulants & Spices (misc.)
12,TOFU EXTRA FIRM WTR PK NON-GMO,1.0,12.0,19.28,5.4431084400000005,Soybeans/Tofu
8,LEMON FRESH,0.0,10.0,19.16,4.535923700000001,Citrus Fruit
4,SYRUP STRAWBERRY,0.0,5.95,19.08,2.6988746015,Sugars and sweeteners
4,SYRUP HAZELNUT ROASTED,0.0,5.674,18.84,2.5736831073800004,Tree nuts and seeds
4,SYRUP RASPBERRY,0.0,6.0,18.38,2.72155422,Sugars and sweeteners
6,SEASONING CARIBBEAN JERK,0.0,1.158,18.08,0.52525996446,Beans and pulses (dried)
1,CARROT STK ST 3/8X4 STACK,1.0,5.0,17.87,2.2679618500000003,Root Vegetables
6,CHEESE MUENSTER RED RIND,0.0,5.0,17.74,2.2679618500000003,Cheese
180,CREAMER COFFEE NONDAIRY FR VAN,1.0,4.85,17.05,2.1999229945,Cream
6,SPICE TURMERIC GROUND,0.0,1.066,16.36,0.48352946642,Stimulants & Spices (misc.)
6,SPICE CURRY POWDER,0.0,1.008,16.13,0.45722110896,Stimulants & Spices (misc.)
6,SPICE OREGANO GROUND,0.0,0.825,15.74,0.37421370525,Stimulants & Spices (misc.)
4,CABBAGE RED SHRED 1/8,0.0,10.075,15.74,4.56994312775,Cabbages and other Brassicas (Broccoli)
4,RELISH PICKLE SWEET,0.0,9.0,14.86,4.082331330000001,Legumes (misc.)
6,OIL OLIVE EXTRA VRGN LMN,0.0,1.0,14.45,0.45359237,Citrus Fruit
6,SPICE CORIANDER GRND,0.0,0.9,13.97,0.408233133,Stimulants & Spices (misc.)
1,CHARGE FREIGHT,1.0,1.0,13.94,0.45359237,Uncategorized
6,SPICE CELERY SEED WH,0.0,0.991,13.42,0.44951003867,Tree nuts and seeds
6,SPICE PEPPER CAYENNE GRND,0.0,0.883,12.29,0.40052206271,Stimulants & Spices (misc.)
6,OIL TRUFFLE BLK,0.0,0.833,12.08,0.37784244421,Vegetable oils
1,PASTE CHILI KOREAN GOCHUJANG,1.0,2.5,11.85,1.133980925,Stimulants
1,BASIL FRESH HERB,1.0,1.0,11.03,0.45359237,Stimulants & Spices (misc.)
6,SPICE OREGANO LEAF WH,0.0,0.25,10.99,0.1133980925,Stimulants & Spices (misc.)
1,PEPPER JALAPENO FRSH,1.0,2.0,10.57,0.90718474,Stimulants & Spices (misc.)
6,SPICE GARLIC POWDER,0.0,1.0,8.69,0.45359237,Stimulants & Spices (misc.)
12,YEAST ACTIVE DRY,0.0,2.0,8.26,0.90718474,Uncategorized
6,SPICE ONION POWDER,0.0,1.308,7.93,0.59329881996,Stimulants & Spices (misc.)
6,SEASONING ITALIAN,0.0,0.375,7.71,0.17009713875,Stimulants & Spices (misc.)
1,DILL BABY FRESH HERB,1.0,0.25,6.03,0.1133980925,Stimulants & Spices (misc.)
12,SEASONING ALL PURP ADOBO PEPPR,0.0,0.0,0.0,0.0,Stimulants & Spices (misc.)
4,SYRUP DRINK CUCMBR,0.0,0.0,0.0,0.0,Sugars and sweeteners
1,PASTE TAMARIND,0.0,0.0,0.0,0.0,Stimulants
1,PASTE CHILI GUAJILLO,0.0,0.0,0.0,0.0,Stimulants
4,PUREE RASPBERRY,0.0,0.0,0.0,0.0,Berries
4,CHICKEN CVP THIGH B/S HALAL,176.0,7040.0,15856.03,3193.2902848000003,"Poultry (chicken, turkey)"
40,WATER BOTTLED DRINKING,200.0,9120.0,2648.0,4136.7624144,Uncategorized
2,BEEF FOR STEW FRZN,38.0,378.12,2557.6,171.5123469444,Beef & buffalo meat
107,DOUGH COOKIE CHOC CHIP GOURMT,30.0,630.0,1977.9,285.7631931,"Wheat/Rye (Bread, pasta, baked goods)"
56,CHIP POTATO ORIG,53.0,347.68,1721.89,157.7049952016,"Wheat/Rye (Bread, pasta, baked goods)"
1,RICE JASMINE THAI PR GRADE,54.0,1350.0,1709.64,612.3496995,Rice
107,DOUGH COOKIE OATMEAL RSN GOURM,28.0,588.0,1701.28,266.71231356000004,"Wheat/Rye (Bread, pasta, baked goods)"
60,COOKIE CHOC CHIP IW,46.0,431.48,1676.24,195.7160358076,"Wheat/Rye (Bread, pasta, baked goods)"
4,BEEF GRND BULK 73/27 CHUB,11.0,445.3,1673.27,201.984682361,Beef & buffalo meat
1,RICE BASMATI,26.0,1040.0,1499.94,471.7360648,Rice
4,CHICKEN CVP WING 1&2JT JMB RND,15.0,600.0,1372.65,272.155422,"Poultry (chicken, turkey)"
4,CHICKEN CVP THIGHMEAT HALAL,15.0,600.0,1247.7,272.155422,Lamb/mutton & goat meat
2,BEAN GREEN TRIMMED FRSH,46.0,480.7,1131.6,218.041852259,Beans and pulses (dried)
8,TOFU FIRM SUPER ORGANIC,32.0,512.0,1115.52,232.23929344,Soybeans/Tofu
192,BREAD NAAN CARMLZD ONION RND,18.0,228.15,1101.6,103.4870992155,"Wheat/Rye (Bread, pasta, baked goods)"
2,MEATBALL BEEF CHICKN HALAL 1OZ,25.0,250.0,1015.0,113.3980925,Beef & buffalo meat
6,SAUCE PASTA TOMATO & HERB,14.0,551.18,992.18,250.0110424966,Tomatoes
2,BROWNIE CHOC CHIP PRCT,21.0,252.0,948.78,114.30527724,"Wheat/Rye (Bread, pasta, baked goods)"
144,BREAD GARLIC TOAST SLI 4.5IN,20.0,306.6,830.6,139.07142064200002,"Wheat/Rye (Bread, pasta, baked goods)"
2,PASTA LINGUINE,29.0,580.0,806.2,263.0835746,"Wheat/Rye (Bread, pasta, baked goods)"
4,OIL OLIVE EXTRA VIRGIN ROBUSTO,6.0,145.14,778.28,65.8343965818,Olives (Oil)
4,SOUP BASE CHICKEN LIQ CONC,11.0,126.5,741.4,57.379434805,"Poultry (chicken, turkey)"
4,GARLIC PEELED FRESH,7.0,140.0,738.57,63.502931800000006,Stimulants & Spices (misc.)
3,SPICE PEPPER BLK GRND,4.0,68.6,727.52,31.116436582,Stimulants & Spices (misc.)
2,PASTA ELBOW,25.0,500.0,693.75,226.796185,"Wheat/Rye (Bread, pasta, baked goods)"
4,OIL CANOLA SAL,16.0,520.0,684.32,235.8680324,Rapeseed/canola (Oil)
2,BEEF GRND BULK 75/25 CHUB FRS,8.0,160.0,653.12,72.57477920000001,Beef & buffalo meat
4,CHEESE CHDR MILD FTHR SHRD YEL,11.0,220.0,639.94,99.7903214,Cheese
4,SOUP BASE VEGETABLE LIQ CONC,10.0,115.0,624.3,52.16312255,Legumes (misc.)
60,COOKIE CHOC BROWNIE,17.0,159.375,603.67,72.29128396875001,"Wheat/Rye (Bread, pasta, baked goods)"
1,EGG SHELL XL WHT USDA AA,2.0,100.0,570.06,45.359237,Eggs
6,SPICE GINGER GRND,5.0,23.43,530.95,10.6276692291,Stimulants & Spices (misc.)
4,CHUTNEY TAMARIND,13.0,104.0,522.99,47.17360648,Stimulants
12,SPINACH LEAF BAG,5.0,180.0,433.05,81.6466266,Cabbages and other Brassicas (Broccoli)
4,CABBAGE GREEN SHRD FRSH W/BAG,17.0,340.0,424.66,154.2214058,Cabbages and other Brassicas (Broccoli)
6,TOMATO PUREE,9.0,378.0,406.8,171.45791586,Tomatoes
4,SOUP BASE BEEF LIQ CONC,6.0,69.0,406.14,31.29787353,Beef & buffalo meat
1,COUSCOUS INTL,8.0,80.0,382.0,36.2873896,"Wheat/Rye (Bread, pasta, baked goods)"
3,OIL OLIVE,2.0,46.0,344.04,20.86524902,Olives (Oil)
6,POTATO DICED SEASONED,6.0,180.0,338.64,81.6466266,Potatoes
12,PEA & CARROT GR A P,7.0,210.0,337.69,95.2543977,Peas
6,QUINOA GRAIN RED FULLY COOKED,5.0,120.0,332.45,54.4310844,Grains/cereals (except rice)
6,SAUCE CHILI THAI SWEET/SPICY,4.0,116.0,332.24,52.61671492,Vegetable oils
6,CHEESE PARM GRTD DRY CARTON US,2.0,60.0,317.28,27.2155422,Cheese
4,SAUCE TERIYAKI,5.0,200.0,316.2,90.718474,Vegetable oils
120,EGG PATTY BAKED PLANT BASED,3.0,45.0,309.03,20.41165665,Eggs
4,GRAIN SPECIALTY FARRO SEMIPRLD,7.0,84.0,301.84,38.10175908,Grains/cereals (except rice)
12,CREAM HEAVY WHIPPING 36% ESL,4.0,102.64,271.98,46.556720856800005,Cream
1,GLACE DEMI DE VEAL CLASSIC,2.0,32.0,261.14,14.51495584,Lamb/mutton & goat meat
6,SPICE CUMIN SEED WH,2.0,12.0,251.38,5.4431084400000005,Tree nuts and seeds
2,BACON BIT PRCK REAL,4.0,40.0,250.68,18.1436948,Pork (pig meat)
18,BEEF FLANK STKS PLD CH 3PK 6EA,1.0,35.0,250.01,15.875732950000002,Beef & buffalo meat
6,GRAIN SPECIALTY BULGUR WHEAT,6.0,72.0,246.24,32.658650640000005,Grains/cereals (except rice)
6,SPICE GARLIC SALT,0.0,40.64,231.36,18.4339939168,Stimulants & Spices (misc.)
1,SOYBEAN WHOLE SHELLED EDAMAME,4.0,96.0,226.44,43.54486752,Soybeans/Tofu
4,MILK WHL GALLON,8.0,275.2,215.14,124.828620224,Milk (cow's milk)
6,SPICE CURRY POWDER,2.0,12.1,194.82,5.488467677,Stimulants & Spices (misc.)
12,SAUCE CHILI SWEET THAI,5.0,120.0,193.95,54.4310844,Vegetable oils
4,CILANTRO CLEAN WASH FRESH HERB,8.0,37.6,186.88,17.055073112000002,Stimulants & Spices (misc.)
6,SAUCE TERIYAKI GLAZE,3.0,95.25,181.05,43.2046732425,Vegetable oils
3,SPICE CHILI POWDER DRK,1.0,16.5,179.25,7.484274105000001,Stimulants
4,CARROT STK 4 IN FRESH,4.0,80.0,175.16,36.2873896,Root Vegetables
1,SHORTENING FRY CANOLA CLR ZTF,5.0,175.0,171.4,79.37866475,Rapeseed/canola (Oil)
1,ONION YELLOW JUMBO BAG,8.0,400.0,169.84,181.436948,Onions and Leeks
12,SPINACH CHOPPED IQF,3.0,72.45,152.01,32.8627672065,Cabbages and other Brassicas (Broccoli)
24,COOKIE CHOC CHIP GLTN FR I/W,5.0,27.5,152.0,12.473790175,"Wheat/Rye (Bread, pasta, baked goods)"
6,PAN COATING BUTR SPRAY,4.0,25.48,141.92,11.5575335876,Vegetable oils
2,SALSA PICO DE GALLO,5.0,50.0,136.25,22.6796185,Stimulants
2,ONION RED DICED 3/8,3.0,30.0,131.37,13.6077711,Onions and Leeks
6,TOMATO PASTE FANCY,2.0,91.64,128.32,41.567204786800005,Tomatoes
4,SAUCE THAI CHILI,2.0,40.0,121.16,18.1436948,Vegetable oils
1,RICE PARBOILED PERFECT,3.0,152.25,118.62,69.05943833250001,Rice
4,SAUCE BBQ ORIGINAL,2.0,81.12,115.72,36.7954130544,Vegetable oils
1,ONION RED JUMBO BOX,5.0,125.0,109.56,56.69904625,Onions and Leeks
1,PASTE TAMARIND,15.0,13.125,106.65,5.95339985625,Stimulants
1,TOMATO BULK 5X6 FRESH,4.0,100.0,98.44,45.359237,Tomatoes
4,ONION YELLOW SLI 1/4,2.0,40.0,97.7,18.1436948,Onions and Leeks
1,CARROT MATCHSTICK PREMIUM,8.0,40.0,95.6,18.1436948,Root Vegetables
24,CORN STARCH,2.0,48.0,80.7,21.77243376,Corn (Maize)
3,SPICE PAPRIKA SPANISH FCY,0.0,4.916,77.13,2.2298600909200004,Stimulants & Spices (misc.)
6,SAUCE TOMATO MIDWEST,2.0,78.0,75.26,35.38020486,Tomatoes
6,SPICE CUMIN GRND,0.0,4.541,75.0,2.0597629521700003,Stimulants & Spices (misc.)
4,ONION GREEN ICELS,3.0,18.45,74.16,8.368779226500001,Onions and Leeks
1,BACON BIT IMIT,1.0,10.0,71.94,4.535923700000001,Pork (pig meat)
1,GINGER ROOT FRESH,4.0,20.0,71.74,9.0718474,Roots and Tubers
4,PARSLEY CLN/WASH FRESH HERB,3.0,12.0,70.89,5.4431084400000005,Grains/cereals (except rice)
12,TOFU FIRM SILKEN,2.0,18.5,63.56,8.391458845,Soybeans/Tofu
2,PEPPER GREEN DICED FRESH,2.0,20.0,62.46,9.0718474,Stimulants & Spices (misc.)
8,CROUTON PLAIN CUBE ZTF,1.0,20.0,59.88,9.0718474,"Wheat/Rye (Bread, pasta, baked goods)"
6,SPICE GARLIC GRANULATED,0.0,13.0,58.0,5.8967008100000005,Stimulants & Spices (misc.)
5,CHEESE CHEDDAR SHRD VEGAN,1.0,10.0,54.68,4.535923700000001,Soybeans/Tofu
72,COOKIE CHOC CHUNK T&S IW,1.0,9.0,48.59,4.082331330000001,"Wheat/Rye (Bread, pasta, baked goods)"
6,KETCHUP FANCY,1.0,42.28,47.17,19.1778854036,Tomatoes
3,SPICE PEPPER RED CRUSHED,0.0,2.983,45.9,1.35306603971,Stimulants & Spices (misc.)
12,SALT KOSHER FLAKE,1.0,36.0,45.31,16.329325320000002,Stimulants & Spices (misc.)
4,DRESSING RANCH BUTTERMILK,0.0,16.35,41.1,7.416235249500001,Yogurt
6,SPICE CUMIN GRND,0.0,5.25,39.24,2.3813599425,Stimulants & Spices (misc.)
1,PEPPER JALAPENO FRESH,2.0,20.0,38.62,9.0718474,Stimulants & Spices (misc.)
8,JUICE LEMON,1.0,25.69,37.92,11.652787985300002,Citrus Fruit
6,YOGURT PLAIN LOW FAT,2.0,24.0,34.98,10.88621688,Yogurt
2,POTATO DICED CKD RED SKON,1.0,20.0,31.66,9.0718474,Potatoes
12,BAKING SODA,1.0,24.0,29.42,10.88621688,Stimulants
4,DRESSING BALSAMIC VINGRT,0.0,8.52,20.87,3.8646069924,Vegetable oils
1,TOMATO GRAPE FRSH,1.0,10.0,20.64,4.535923700000001,Tomatoes
4,DRESSING CAESAR CREAMY LIBERTY,0.0,8.15,20.35,3.6967778155,Vegetable oils
